algorithm,version,threads,runtime_seconds,speedup,efficiency,checksum,correctness,schedule,workload_name,dataset,labels,clusters,features,iterations,repeat,fuzziness,objective
fuzzy-cmeans,sequential,1,0.851,1.0,1.0,4899683.652187993,reference,static,paper_2d_100000_k8_it5_r1_m1p5,D:\AutoCluster-OMP\datasets\paper_gaussian\paper_2d_100000.csv,D:\AutoCluster-OMP\datasets\paper_gaussian\paper_2d_100000_cluster_labels.csv,8,2,5,1,1.5,7310156.790495641
fuzzy-cmeans,manual,1,0.812000036,1.0480295101858836,1.0480295101858836,4899683.652187993,pass,static,paper_2d_100000_k8_it5_r1_m1p5,D:\AutoCluster-OMP\datasets\paper_gaussian\paper_2d_100000.csv,D:\AutoCluster-OMP\datasets\paper_gaussian\paper_2d_100000_cluster_labels.csv,8,2,5,1,1.5,7310156.790495641
fuzzy-cmeans,manual,2,0.555999994,1.5305755560853478,0.7652877780426739,4899683.652187993,pass,static,paper_2d_100000_k8_it5_r1_m1p5,D:\AutoCluster-OMP\datasets\paper_gaussian\paper_2d_100000.csv,D:\AutoCluster-OMP\datasets\paper_gaussian\paper_2d_100000_cluster_labels.csv,8,2,5,1,1.5,7310156.790495641
fuzzy-cmeans,manual,4,0.424000025,2.007075353356406,0.5017688383391015,4899683.652187993,pass,static,paper_2d_100000_k8_it5_r1_m1p5,D:\AutoCluster-OMP\datasets\paper_gaussian\paper_2d_100000.csv,D:\AutoCluster-OMP\datasets\paper_gaussian\paper_2d_100000_cluster_labels.csv,8,2,5,1,1.5,7310156.790495641
fuzzy-cmeans,manual,8,0.401000023,2.1221943919938377,0.2652742989992297,4899683.652187993,pass,static,paper_2d_100000_k8_it5_r1_m1p5,D:\AutoCluster-OMP\datasets\paper_gaussian\paper_2d_100000.csv,D:\AutoCluster-OMP\datasets\paper_gaussian\paper_2d_100000_cluster_labels.csv,8,2,5,1,1.5,7310156.790495641
fuzzy-cmeans,auto,1,0.809000015,1.051915926107863,1.051915926107863,4899683.652187993,pass,static,paper_2d_100000_k8_it5_r1_m1p5,D:\AutoCluster-OMP\datasets\paper_gaussian\paper_2d_100000.csv,D:\AutoCluster-OMP\datasets\paper_gaussian\paper_2d_100000_cluster_labels.csv,8,2,5,1,1.5,7310156.790495641
fuzzy-cmeans,auto,2,0.549000025,1.5500910040942166,0.7750455020471083,4899683.652187993,pass,static,paper_2d_100000_k8_it5_r1_m1p5,D:\AutoCluster-OMP\datasets\paper_gaussian\paper_2d_100000.csv,D:\AutoCluster-OMP\datasets\paper_gaussian\paper_2d_100000_cluster_labels.csv,8,2,5,1,1.5,7310156.790495641
fuzzy-cmeans,auto,4,0.421000004,2.0213776530035377,0.5053444132508844,4899683.652187993,pass,static,paper_2d_100000_k8_it5_r1_m1p5,D:\AutoCluster-OMP\datasets\paper_gaussian\paper_2d_100000.csv,D:\AutoCluster-OMP\datasets\paper_gaussian\paper_2d_100000_cluster_labels.csv,8,2,5,1,1.5,7310156.790495641
fuzzy-cmeans,auto,8,0.396999836,2.143577711704647,0.26794721396308085,4899683.652187993,pass,static,paper_2d_100000_k8_it5_r1_m1p5,D:\AutoCluster-OMP\datasets\paper_gaussian\paper_2d_100000.csv,D:\AutoCluster-OMP\datasets\paper_gaussian\paper_2d_100000_cluster_labels.csv,8,2,5,1,1.5,7310156.790495641
fuzzy-cmeans,sequential,1,0.606,1.0,1.0,4899864.591803282,reference,static,paper_2d_100000_k8_it5_r1_m2p0,D:\AutoCluster-OMP\datasets\paper_gaussian\paper_2d_100000.csv,D:\AutoCluster-OMP\datasets\paper_gaussian\paper_2d_100000_cluster_labels.csv,8,2,5,1,2.0,2686651.71409393
fuzzy-cmeans,manual,1,0.650999784,0.930875884898911,0.930875884898911,4899864.591803282,pass,static,paper_2d_100000_k8_it5_r1_m2p0,D:\AutoCluster-OMP\datasets\paper_gaussian\paper_2d_100000.csv,D:\AutoCluster-OMP\datasets\paper_gaussian\paper_2d_100000_cluster_labels.csv,8,2,5,1,2.0,2686651.71409393
fuzzy-cmeans,manual,2,0.356999874,1.6974795907070823,0.8487397953535412,4899864.591803282,pass,static,paper_2d_100000_k8_it5_r1_m2p0,D:\AutoCluster-OMP\datasets\paper_gaussian\paper_2d_100000.csv,D:\AutoCluster-OMP\datasets\paper_gaussian\paper_2d_100000_cluster_labels.csv,8,2,5,1,2.0,2686651.71409393
fuzzy-cmeans,manual,4,0.243000031,2.493826842351308,0.623456710587827,4899864.591803282,pass,static,paper_2d_100000_k8_it5_r1_m2p0,D:\AutoCluster-OMP\datasets\paper_gaussian\paper_2d_100000.csv,D:\AutoCluster-OMP\datasets\paper_gaussian\paper_2d_100000_cluster_labels.csv,8,2,5,1,2.0,2686651.71409393
fuzzy-cmeans,manual,8,0.209000111,2.899519991164024,0.362439998895503,4899864.591803282,pass,static,paper_2d_100000_k8_it5_r1_m2p0,D:\AutoCluster-OMP\datasets\paper_gaussian\paper_2d_100000.csv,D:\AutoCluster-OMP\datasets\paper_gaussian\paper_2d_100000_cluster_labels.csv,8,2,5,1,2.0,2686651.71409393
fuzzy-cmeans,auto,1,0.630000114,0.9619045878458364,0.9619045878458364,4899864.591803282,pass,static,paper_2d_100000_k8_it5_r1_m2p0,D:\AutoCluster-OMP\datasets\paper_gaussian\paper_2d_100000.csv,D:\AutoCluster-OMP\datasets\paper_gaussian\paper_2d_100000_cluster_labels.csv,8,2,5,1,2.0,2686651.71409393
fuzzy-cmeans,auto,2,0.352999926,1.7167142408976028,0.8583571204488014,4899864.591803282,pass,static,paper_2d_100000_k8_it5_r1_m2p0,D:\AutoCluster-OMP\datasets\paper_gaussian\paper_2d_100000.csv,D:\AutoCluster-OMP\datasets\paper_gaussian\paper_2d_100000_cluster_labels.csv,8,2,5,1,2.0,2686651.71409393
fuzzy-cmeans,auto,4,0.204999924,2.9560986568951115,0.7390246642237779,4899864.591803282,pass,static,paper_2d_100000_k8_it5_r1_m2p0,D:\AutoCluster-OMP\datasets\paper_gaussian\paper_2d_100000.csv,D:\AutoCluster-OMP\datasets\paper_gaussian\paper_2d_100000_cluster_labels.csv,8,2,5,1,2.0,2686651.71409393
fuzzy-cmeans,auto,8,0.190000057,3.1894727273687082,0.39868409092108853,4899864.591803282,pass,static,paper_2d_100000_k8_it5_r1_m2p0,D:\AutoCluster-OMP\datasets\paper_gaussian\paper_2d_100000.csv,D:\AutoCluster-OMP\datasets\paper_gaussian\paper_2d_100000_cluster_labels.csv,8,2,5,1,2.0,2686651.71409393
fuzzy-cmeans,sequential,1,2.907,1.0,1.0,4899860.048063631,reference,static,paper_2d_100000_k8_it5_r1_m2p5,D:\AutoCluster-OMP\datasets\paper_gaussian\paper_2d_100000.csv,D:\AutoCluster-OMP\datasets\paper_gaussian\paper_2d_100000_cluster_labels.csv,8,2,5,1,2.5,950853.547374788
fuzzy-cmeans,manual,1,2.835999966,1.0250352732197459,1.0250352732197459,4899860.048063631,pass,static,paper_2d_100000_k8_it5_r1_m2p5,D:\AutoCluster-OMP\datasets\paper_gaussian\paper_2d_100000.csv,D:\AutoCluster-OMP\datasets\paper_gaussian\paper_2d_100000_cluster_labels.csv,8,2,5,1,2.5,950853.547374788
fuzzy-cmeans,manual,2,1.625,1.7889230769230768,0.8944615384615384,4899860.048063631,pass,static,paper_2d_100000_k8_it5_r1_m2p5,D:\AutoCluster-OMP\datasets\paper_gaussian\paper_2d_100000.csv,D:\AutoCluster-OMP\datasets\paper_gaussian\paper_2d_100000_cluster_labels.csv,8,2,5,1,2.5,950853.547374788
fuzzy-cmeans,manual,4,0.946000099,3.0729383676311857,0.7682345919077964,4899860.048063631,pass,static,paper_2d_100000_k8_it5_r1_m2p5,D:\AutoCluster-OMP\datasets\paper_gaussian\paper_2d_100000.csv,D:\AutoCluster-OMP\datasets\paper_gaussian\paper_2d_100000_cluster_labels.csv,8,2,5,1,2.5,950853.547374788
fuzzy-cmeans,manual,8,0.669999838,4.338807019233936,0.542350877404242,4899860.048063631,pass,static,paper_2d_100000_k8_it5_r1_m2p5,D:\AutoCluster-OMP\datasets\paper_gaussian\paper_2d_100000.csv,D:\AutoCluster-OMP\datasets\paper_gaussian\paper_2d_100000_cluster_labels.csv,8,2,5,1,2.5,950853.547374788
fuzzy-cmeans,auto,1,2.898999929,1.0027595968250884,1.0027595968250884,4899860.048063631,pass,static,paper_2d_100000_k8_it5_r1_m2p5,D:\AutoCluster-OMP\datasets\paper_gaussian\paper_2d_100000.csv,D:\AutoCluster-OMP\datasets\paper_gaussian\paper_2d_100000_cluster_labels.csv,8,2,5,1,2.5,950853.547374788
fuzzy-cmeans,auto,2,1.628000021,1.7856265125932698,0.8928132562966349,4899860.048063631,pass,static,paper_2d_100000_k8_it5_r1_m2p5,D:\AutoCluster-OMP\datasets\paper_gaussian\paper_2d_100000.csv,D:\AutoCluster-OMP\datasets\paper_gaussian\paper_2d_100000_cluster_labels.csv,8,2,5,1,2.5,950853.547374788
fuzzy-cmeans,auto,4,0.97300005,2.9876668557211277,0.7469167139302819,4899860.048063631,pass,static,paper_2d_100000_k8_it5_r1_m2p5,D:\AutoCluster-OMP\datasets\paper_gaussian\paper_2d_100000.csv,D:\AutoCluster-OMP\datasets\paper_gaussian\paper_2d_100000_cluster_labels.csv,8,2,5,1,2.5,950853.547374788
fuzzy-cmeans,auto,8,0.68900013,4.219157404222841,0.5273946755278551,4899860.048063631,pass,static,paper_2d_100000_k8_it5_r1_m2p5,D:\AutoCluster-OMP\datasets\paper_gaussian\paper_2d_100000.csv,D:\AutoCluster-OMP\datasets\paper_gaussian\paper_2d_100000_cluster_labels.csv,8,2,5,1,2.5,950853.547374788
fuzzy-cmeans,sequential,1,2.417,1.0,1.0,4903689.836977277,reference,static,paper_2d_100000_k8_it15_r1_m1p5,D:\AutoCluster-OMP\datasets\paper_gaussian\paper_2d_100000.csv,D:\AutoCluster-OMP\datasets\paper_gaussian\paper_2d_100000_cluster_labels.csv,8,2,15,1,1.5,318668.069420413
fuzzy-cmeans,manual,1,2.414999962,1.0008281730979174,1.0008281730979174,4903689.836977277,pass,static,paper_2d_100000_k8_it15_r1_m1p5,D:\AutoCluster-OMP\datasets\paper_gaussian\paper_2d_100000.csv,D:\AutoCluster-OMP\datasets\paper_gaussian\paper_2d_100000_cluster_labels.csv,8,2,15,1,1.5,318668.069420413
fuzzy-cmeans,manual,2,1.615999937,1.4956683751405369,0.7478341875702684,4903689.836977277,pass,static,paper_2d_100000_k8_it15_r1_m1p5,D:\AutoCluster-OMP\datasets\paper_gaussian\paper_2d_100000.csv,D:\AutoCluster-OMP\datasets\paper_gaussian\paper_2d_100000_cluster_labels.csv,8,2,15,1,1.5,318668.069420413
fuzzy-cmeans,manual,4,1.220999956,1.9795250508592155,0.49488126271480387,4903689.836977277,pass,static,paper_2d_100000_k8_it15_r1_m1p5,D:\AutoCluster-OMP\datasets\paper_gaussian\paper_2d_100000.csv,D:\AutoCluster-OMP\datasets\paper_gaussian\paper_2d_100000_cluster_labels.csv,8,2,15,1,1.5,318668.069420413
fuzzy-cmeans,manual,8,1.138999939,2.122036988098557,0.2652546235123196,4903689.836977277,pass,static,paper_2d_100000_k8_it15_r1_m1p5,D:\AutoCluster-OMP\datasets\paper_gaussian\paper_2d_100000.csv,D:\AutoCluster-OMP\datasets\paper_gaussian\paper_2d_100000_cluster_labels.csv,8,2,15,1,1.5,318668.069420413
fuzzy-cmeans,auto,1,2.356000185,1.025891260700389,1.025891260700389,4903689.836977277,pass,static,paper_2d_100000_k8_it15_r1_m1p5,D:\AutoCluster-OMP\datasets\paper_gaussian\paper_2d_100000.csv,D:\AutoCluster-OMP\datasets\paper_gaussian\paper_2d_100000_cluster_labels.csv,8,2,15,1,1.5,318668.069420413
fuzzy-cmeans,auto,2,1.618999958,1.4928968886359908,0.7464484443179954,4903689.836977277,pass,static,paper_2d_100000_k8_it15_r1_m1p5,D:\AutoCluster-OMP\datasets\paper_gaussian\paper_2d_100000.csv,D:\AutoCluster-OMP\datasets\paper_gaussian\paper_2d_100000_cluster_labels.csv,8,2,15,1,1.5,318668.069420413
fuzzy-cmeans,auto,4,1.228999853,1.9666397795736759,0.49165994489341897,4903689.836977277,pass,static,paper_2d_100000_k8_it15_r1_m1p5,D:\AutoCluster-OMP\datasets\paper_gaussian\paper_2d_100000.csv,D:\AutoCluster-OMP\datasets\paper_gaussian\paper_2d_100000_cluster_labels.csv,8,2,15,1,1.5,318668.069420413
fuzzy-cmeans,auto,8,1.148000002,2.1054006931961657,0.2631750866495207,4903689.836977277,pass,static,paper_2d_100000_k8_it15_r1_m1p5,D:\AutoCluster-OMP\datasets\paper_gaussian\paper_2d_100000.csv,D:\AutoCluster-OMP\datasets\paper_gaussian\paper_2d_100000_cluster_labels.csv,8,2,15,1,1.5,318668.069420413
fuzzy-cmeans,sequential,1,1.829,1.0,1.0,4903678.946155452,reference,static,paper_2d_100000_k8_it15_r1_m2p0,D:\AutoCluster-OMP\datasets\paper_gaussian\paper_2d_100000.csv,D:\AutoCluster-OMP\datasets\paper_gaussian\paper_2d_100000_cluster_labels.csv,8,2,15,1,2.0,278410.226744622
fuzzy-cmeans,manual,1,1.805999994,1.0127353300533843,1.0127353300533843,4903678.946155452,pass,static,paper_2d_100000_k8_it15_r1_m2p0,D:\AutoCluster-OMP\datasets\paper_gaussian\paper_2d_100000.csv,D:\AutoCluster-OMP\datasets\paper_gaussian\paper_2d_100000_cluster_labels.csv,8,2,15,1,2.0,278410.226744622
fuzzy-cmeans,manual,2,1.016000032,1.800196793694589,0.9000983968472945,4903678.946155452,pass,static,paper_2d_100000_k8_it15_r1_m2p0,D:\AutoCluster-OMP\datasets\paper_gaussian\paper_2d_100000.csv,D:\AutoCluster-OMP\datasets\paper_gaussian\paper_2d_100000_cluster_labels.csv,8,2,15,1,2.0,278410.226744622
fuzzy-cmeans,manual,4,0.617000103,2.9643431031971805,0.7410857757992951,4903678.946155452,pass,static,paper_2d_100000_k8_it15_r1_m2p0,D:\AutoCluster-OMP\datasets\paper_gaussian\paper_2d_100000.csv,D:\AutoCluster-OMP\datasets\paper_gaussian\paper_2d_100000_cluster_labels.csv,8,2,15,1,2.0,278410.226744622
fuzzy-cmeans,manual,8,0.546000004,3.3498168252760667,0.41872710315950834,4903678.946155452,pass,static,paper_2d_100000_k8_it15_r1_m2p0,D:\AutoCluster-OMP\datasets\paper_gaussian\paper_2d_100000.csv,D:\AutoCluster-OMP\datasets\paper_gaussian\paper_2d_100000_cluster_labels.csv,8,2,15,1,2.0,278410.226744622
fuzzy-cmeans,auto,1,1.769000053,1.0339174365191497,1.0339174365191497,4903678.946155452,pass,static,paper_2d_100000_k8_it15_r1_m2p0,D:\AutoCluster-OMP\datasets\paper_gaussian\paper_2d_100000.csv,D:\AutoCluster-OMP\datasets\paper_gaussian\paper_2d_100000_cluster_labels.csv,8,2,15,1,2.0,278410.226744622
fuzzy-cmeans,auto,2,0.992000103,1.8437498085622679,0.9218749042811339,4903678.946155452,pass,static,paper_2d_100000_k8_it15_r1_m2p0,D:\AutoCluster-OMP\datasets\paper_gaussian\paper_2d_100000.csv,D:\AutoCluster-OMP\datasets\paper_gaussian\paper_2d_100000_cluster_labels.csv,8,2,15,1,2.0,278410.226744622
fuzzy-cmeans,auto,4,0.601999998,3.0382059901601526,0.7595514975400381,4903678.946155452,pass,static,paper_2d_100000_k8_it15_r1_m2p0,D:\AutoCluster-OMP\datasets\paper_gaussian\paper_2d_100000.csv,D:\AutoCluster-OMP\datasets\paper_gaussian\paper_2d_100000_cluster_labels.csv,8,2,15,1,2.0,278410.226744622
fuzzy-cmeans,auto,8,0.541000128,3.3807755402231625,0.4225969425278953,4903678.946155452,pass,static,paper_2d_100000_k8_it15_r1_m2p0,D:\AutoCluster-OMP\datasets\paper_gaussian\paper_2d_100000.csv,D:\AutoCluster-OMP\datasets\paper_gaussian\paper_2d_100000_cluster_labels.csv,8,2,15,1,2.0,278410.226744622
fuzzy-cmeans,sequential,1,7.986,1.0,1.0,4898949.56342204,reference,static,paper_2d_100000_k8_it15_r1_m2p5,D:\AutoCluster-OMP\datasets\paper_gaussian\paper_2d_100000.csv,D:\AutoCluster-OMP\datasets\paper_gaussian\paper_2d_100000_cluster_labels.csv,8,2,15,1,2.5,684041.711054319
fuzzy-cmeans,manual,1,8.046999931,0.9924195437401452,0.9924195437401452,4898949.56342204,pass,static,paper_2d_100000_k8_it15_r1_m2p5,D:\AutoCluster-OMP\datasets\paper_gaussian\paper_2d_100000.csv,D:\AutoCluster-OMP\datasets\paper_gaussian\paper_2d_100000_cluster_labels.csv,8,2,15,1,2.5,684041.711054319
fuzzy-cmeans,manual,2,4.519000053,1.7672051131529385,0.8836025565764692,4898949.56342204,pass,static,paper_2d_100000_k8_it15_r1_m2p5,D:\AutoCluster-OMP\datasets\paper_gaussian\paper_2d_100000.csv,D:\AutoCluster-OMP\datasets\paper_gaussian\paper_2d_100000_cluster_labels.csv,8,2,15,1,2.5,684041.711054319
fuzzy-cmeans,manual,4,2.694000006,2.964365249522572,0.741091312380643,4898949.56342204,pass,static,paper_2d_100000_k8_it15_r1_m2p5,D:\AutoCluster-OMP\datasets\paper_gaussian\paper_2d_100000.csv,D:\AutoCluster-OMP\datasets\paper_gaussian\paper_2d_100000_cluster_labels.csv,8,2,15,1,2.5,684041.711054319
fuzzy-cmeans,manual,8,1.911000013,4.178963864821282,0.5223704831026602,4898949.56342204,pass,static,paper_2d_100000_k8_it15_r1_m2p5,D:\AutoCluster-OMP\datasets\paper_gaussian\paper_2d_100000.csv,D:\AutoCluster-OMP\datasets\paper_gaussian\paper_2d_100000_cluster_labels.csv,8,2,15,1,2.5,684041.711054319
fuzzy-cmeans,auto,1,8.22300005,0.971178396137794,0.971178396137794,4898949.56342204,pass,static,paper_2d_100000_k8_it15_r1_m2p5,D:\AutoCluster-OMP\datasets\paper_gaussian\paper_2d_100000.csv,D:\AutoCluster-OMP\datasets\paper_gaussian\paper_2d_100000_cluster_labels.csv,8,2,15,1,2.5,684041.711054319
fuzzy-cmeans,auto,2,4.561000109,1.7509317713546233,0.8754658856773117,4898949.56342204,pass,static,paper_2d_100000_k8_it15_r1_m2p5,D:\AutoCluster-OMP\datasets\paper_gaussian\paper_2d_100000.csv,D:\AutoCluster-OMP\datasets\paper_gaussian\paper_2d_100000_cluster_labels.csv,8,2,15,1,2.5,684041.711054319
fuzzy-cmeans,auto,4,2.713999987,2.9425202793856906,0.7356300698464227,4898949.56342204,pass,static,paper_2d_100000_k8_it15_r1_m2p5,D:\AutoCluster-OMP\datasets\paper_gaussian\paper_2d_100000.csv,D:\AutoCluster-OMP\datasets\paper_gaussian\paper_2d_100000_cluster_labels.csv,8,2,15,1,2.5,684041.711054319
fuzzy-cmeans,auto,8,1.914999962,4.17023506969657,0.5212793837120713,4898949.56342204,pass,static,paper_2d_100000_k8_it15_r1_m2p5,D:\AutoCluster-OMP\datasets\paper_gaussian\paper_2d_100000.csv,D:\AutoCluster-OMP\datasets\paper_gaussian\paper_2d_100000_cluster_labels.csv,8,2,15,1,2.5,684041.711054319
fuzzy-cmeans,sequential,1,5.06,1.0,1.0,4903689.836976154,reference,static,paper_2d_100000_k8_it30_r1_m1p5,D:\AutoCluster-OMP\datasets\paper_gaussian\paper_2d_100000.csv,D:\AutoCluster-OMP\datasets\paper_gaussian\paper_2d_100000_cluster_labels.csv,8,2,30,1,1.5,318668.069420412
fuzzy-cmeans,manual,1,4.94299984,1.0236698692670805,1.0236698692670805,4903689.836976154,pass,static,paper_2d_100000_k8_it30_r1_m1p5,D:\AutoCluster-OMP\datasets\paper_gaussian\paper_2d_100000.csv,D:\AutoCluster-OMP\datasets\paper_gaussian\paper_2d_100000_cluster_labels.csv,8,2,30,1,1.5,318668.069420412
fuzzy-cmeans,manual,2,3.28399992,1.5408039352205587,0.7704019676102793,4903689.836976154,pass,static,paper_2d_100000_k8_it30_r1_m1p5,D:\AutoCluster-OMP\datasets\paper_gaussian\paper_2d_100000.csv,D:\AutoCluster-OMP\datasets\paper_gaussian\paper_2d_100000_cluster_labels.csv,8,2,30,1,1.5,318668.069420412
fuzzy-cmeans,manual,4,2.520999908,2.007140097047556,0.501785024261889,4903689.836976154,pass,static,paper_2d_100000_k8_it30_r1_m1p5,D:\AutoCluster-OMP\datasets\paper_gaussian\paper_2d_100000.csv,D:\AutoCluster-OMP\datasets\paper_gaussian\paper_2d_100000_cluster_labels.csv,8,2,30,1,1.5,318668.069420412
fuzzy-cmeans,manual,8,2.328999996,2.172606272516284,0.2715757840645355,4903689.836976154,pass,static,paper_2d_100000_k8_it30_r1_m1p5,D:\AutoCluster-OMP\datasets\paper_gaussian\paper_2d_100000.csv,D:\AutoCluster-OMP\datasets\paper_gaussian\paper_2d_100000_cluster_labels.csv,8,2,30,1,1.5,318668.069420412
fuzzy-cmeans,auto,1,4.868999958,1.0392277764731088,1.0392277764731088,4903689.836976154,pass,static,paper_2d_100000_k8_it30_r1_m1p5,D:\AutoCluster-OMP\datasets\paper_gaussian\paper_2d_100000.csv,D:\AutoCluster-OMP\datasets\paper_gaussian\paper_2d_100000_cluster_labels.csv,8,2,30,1,1.5,318668.069420412
fuzzy-cmeans,auto,2,3.304999828,1.5310136954113025,0.7655068477056512,4903689.836976154,pass,static,paper_2d_100000_k8_it30_r1_m1p5,D:\AutoCluster-OMP\datasets\paper_gaussian\paper_2d_100000.csv,D:\AutoCluster-OMP\datasets\paper_gaussian\paper_2d_100000_cluster_labels.csv,8,2,30,1,1.5,318668.069420412
fuzzy-cmeans,auto,4,2.764999866,1.8300181718706816,0.4575045429676704,4903689.836976154,pass,static,paper_2d_100000_k8_it30_r1_m1p5,D:\AutoCluster-OMP\datasets\paper_gaussian\paper_2d_100000.csv,D:\AutoCluster-OMP\datasets\paper_gaussian\paper_2d_100000_cluster_labels.csv,8,2,30,1,1.5,318668.069420412
fuzzy-cmeans,auto,8,2.335999966,2.1660959219380396,0.27076199024225495,4903689.836976154,pass,static,paper_2d_100000_k8_it30_r1_m1p5,D:\AutoCluster-OMP\datasets\paper_gaussian\paper_2d_100000.csv,D:\AutoCluster-OMP\datasets\paper_gaussian\paper_2d_100000_cluster_labels.csv,8,2,30,1,1.5,318668.069420412
fuzzy-cmeans,sequential,1,3.694,1.0,1.0,4903688.411811251,reference,static,paper_2d_100000_k8_it30_r1_m2p0,D:\AutoCluster-OMP\datasets\paper_gaussian\paper_2d_100000.csv,D:\AutoCluster-OMP\datasets\paper_gaussian\paper_2d_100000_cluster_labels.csv,8,2,30,1,2.0,278184.278587808
fuzzy-cmeans,manual,1,3.696000099,0.9994588476876554,0.9994588476876554,4903688.411811251,pass,static,paper_2d_100000_k8_it30_r1_m2p0,D:\AutoCluster-OMP\datasets\paper_gaussian\paper_2d_100000.csv,D:\AutoCluster-OMP\datasets\paper_gaussian\paper_2d_100000_cluster_labels.csv,8,2,30,1,2.0,278184.278587808
fuzzy-cmeans,manual,2,2.223999977,1.6609712401988932,0.8304856200994466,4903688.411811251,pass,static,paper_2d_100000_k8_it30_r1_m2p0,D:\AutoCluster-OMP\datasets\paper_gaussian\paper_2d_100000.csv,D:\AutoCluster-OMP\datasets\paper_gaussian\paper_2d_100000_cluster_labels.csv,8,2,30,1,2.0,278184.278587808
fuzzy-cmeans,manual,4,1.243999958,2.9694534764606475,0.7423633691151619,4903688.411811251,pass,static,paper_2d_100000_k8_it30_r1_m2p0,D:\AutoCluster-OMP\datasets\paper_gaussian\paper_2d_100000.csv,D:\AutoCluster-OMP\datasets\paper_gaussian\paper_2d_100000_cluster_labels.csv,8,2,30,1,2.0,278184.278587808
fuzzy-cmeans,manual,8,1.101999998,3.352087120421211,0.41901089005265135,4903688.411811251,pass,static,paper_2d_100000_k8_it30_r1_m2p0,D:\AutoCluster-OMP\datasets\paper_gaussian\paper_2d_100000.csv,D:\AutoCluster-OMP\datasets\paper_gaussian\paper_2d_100000_cluster_labels.csv,8,2,30,1,2.0,278184.278587808
fuzzy-cmeans,auto,1,3.601999998,1.0255413664772577,1.0255413664772577,4903688.411811251,pass,static,paper_2d_100000_k8_it30_r1_m2p0,D:\AutoCluster-OMP\datasets\paper_gaussian\paper_2d_100000.csv,D:\AutoCluster-OMP\datasets\paper_gaussian\paper_2d_100000_cluster_labels.csv,8,2,30,1,2.0,278184.278587808
fuzzy-cmeans,auto,2,2.007999897,1.8396415286270307,0.9198207643135153,4903688.411811251,pass,static,paper_2d_100000_k8_it30_r1_m2p0,D:\AutoCluster-OMP\datasets\paper_gaussian\paper_2d_100000.csv,D:\AutoCluster-OMP\datasets\paper_gaussian\paper_2d_100000_cluster_labels.csv,8,2,30,1,2.0,278184.278587808
fuzzy-cmeans,auto,4,1.323999882,2.790030460138666,0.6975076150346665,4903688.411811251,pass,static,paper_2d_100000_k8_it30_r1_m2p0,D:\AutoCluster-OMP\datasets\paper_gaussian\paper_2d_100000.csv,D:\AutoCluster-OMP\datasets\paper_gaussian\paper_2d_100000_cluster_labels.csv,8,2,30,1,2.0,278184.278587808
fuzzy-cmeans,auto,8,1.095000029,3.3735158923909037,0.42168948654886296,4903688.411811251,pass,static,paper_2d_100000_k8_it30_r1_m2p0,D:\AutoCluster-OMP\datasets\paper_gaussian\paper_2d_100000.csv,D:\AutoCluster-OMP\datasets\paper_gaussian\paper_2d_100000_cluster_labels.csv,8,2,30,1,2.0,278184.278587808
fuzzy-cmeans,sequential,1,15.41,1.0,1.0,4901830.303819842,reference,static,paper_2d_100000_k8_it30_r1_m2p5,D:\AutoCluster-OMP\datasets\paper_gaussian\paper_2d_100000.csv,D:\AutoCluster-OMP\datasets\paper_gaussian\paper_2d_100000_cluster_labels.csv,8,2,30,1,2.5,182945.592705848
fuzzy-cmeans,manual,1,15.460999966,0.9967013798517462,0.9967013798517462,4901830.303819842,pass,static,paper_2d_100000_k8_it30_r1_m2p5,D:\AutoCluster-OMP\datasets\paper_gaussian\paper_2d_100000.csv,D:\AutoCluster-OMP\datasets\paper_gaussian\paper_2d_100000_cluster_labels.csv,8,2,30,1,2.5,182945.592705848
fuzzy-cmeans,manual,2,8.529000044,1.8067768695628816,0.9033884347814408,4901830.303819842,pass,static,paper_2d_100000_k8_it30_r1_m2p5,D:\AutoCluster-OMP\datasets\paper_gaussian\paper_2d_100000.csv,D:\AutoCluster-OMP\datasets\paper_gaussian\paper_2d_100000_cluster_labels.csv,8,2,30,1,2.5,182945.592705848
fuzzy-cmeans,manual,4,5.203000069,2.9617527956254195,0.7404381989063549,4901830.303819842,pass,static,paper_2d_100000_k8_it30_r1_m2p5,D:\AutoCluster-OMP\datasets\paper_gaussian\paper_2d_100000.csv,D:\AutoCluster-OMP\datasets\paper_gaussian\paper_2d_100000_cluster_labels.csv,8,2,30,1,2.5,182945.592705848
fuzzy-cmeans,manual,8,3.683000088,4.184088957860487,0.5230111197325609,4901830.303819842,pass,static,paper_2d_100000_k8_it30_r1_m2p5,D:\AutoCluster-OMP\datasets\paper_gaussian\paper_2d_100000.csv,D:\AutoCluster-OMP\datasets\paper_gaussian\paper_2d_100000_cluster_labels.csv,8,2,30,1,2.5,182945.592705848
fuzzy-cmeans,auto,1,15.059999943,1.0232403757187718,1.0232403757187718,4901830.303819842,pass,static,paper_2d_100000_k8_it30_r1_m2p5,D:\AutoCluster-OMP\datasets\paper_gaussian\paper_2d_100000.csv,D:\AutoCluster-OMP\datasets\paper_gaussian\paper_2d_100000_cluster_labels.csv,8,2,30,1,2.5,182945.592705848
fuzzy-cmeans,auto,2,8.52699995,1.8072006673343535,0.9036003336671767,4901830.303819842,pass,static,paper_2d_100000_k8_it30_r1_m2p5,D:\AutoCluster-OMP\datasets\paper_gaussian\paper_2d_100000.csv,D:\AutoCluster-OMP\datasets\paper_gaussian\paper_2d_100000_cluster_labels.csv,8,2,30,1,2.5,182945.592705848
fuzzy-cmeans,auto,4,5.121999979,3.0085904067122997,0.7521476016780749,4901830.303819842,pass,static,paper_2d_100000_k8_it30_r1_m2p5,D:\AutoCluster-OMP\datasets\paper_gaussian\paper_2d_100000.csv,D:\AutoCluster-OMP\datasets\paper_gaussian\paper_2d_100000_cluster_labels.csv,8,2,30,1,2.5,182945.592705848
fuzzy-cmeans,auto,8,3.69299984,4.172759455088414,0.5215949318860518,4901830.303819842,pass,static,paper_2d_100000_k8_it30_r1_m2p5,D:\AutoCluster-OMP\datasets\paper_gaussian\paper_2d_100000.csv,D:\AutoCluster-OMP\datasets\paper_gaussian\paper_2d_100000_cluster_labels.csv,8,2,30,1,2.5,182945.592705848
fuzzy-cmeans,sequential,1,1.734,1.0,1.0,9800716.613931887,reference,static,paper_2d_200000_k8_it5_r1_m1p5,D:\AutoCluster-OMP\datasets\paper_gaussian\paper_2d_200000.csv,D:\AutoCluster-OMP\datasets\paper_gaussian\paper_2d_200000_cluster_labels.csv,8,2,5,1,1.5,14424699.81258712
fuzzy-cmeans,manual,1,1.708999872,1.014628513676097,1.014628513676097,9800716.613931887,pass,static,paper_2d_200000_k8_it5_r1_m1p5,D:\AutoCluster-OMP\datasets\paper_gaussian\paper_2d_200000.csv,D:\AutoCluster-OMP\datasets\paper_gaussian\paper_2d_200000_cluster_labels.csv,8,2,5,1,1.5,14424699.81258712
fuzzy-cmeans,manual,2,1.150000095,1.5078259623969856,0.7539129811984928,9800716.613931887,pass,static,paper_2d_200000_k8_it5_r1_m1p5,D:\AutoCluster-OMP\datasets\paper_gaussian\paper_2d_200000.csv,D:\AutoCluster-OMP\datasets\paper_gaussian\paper_2d_200000_cluster_labels.csv,8,2,5,1,1.5,14424699.81258712
fuzzy-cmeans,manual,4,0.885999918,1.9571107906129626,0.48927769765324064,9800716.613931887,pass,static,paper_2d_200000_k8_it5_r1_m1p5,D:\AutoCluster-OMP\datasets\paper_gaussian\paper_2d_200000.csv,D:\AutoCluster-OMP\datasets\paper_gaussian\paper_2d_200000_cluster_labels.csv,8,2,5,1,1.5,14424699.81258712
fuzzy-cmeans,manual,8,0.806999922,2.1486990924393172,0.26858738655491465,9800716.613931887,pass,static,paper_2d_200000_k8_it5_r1_m1p5,D:\AutoCluster-OMP\datasets\paper_gaussian\paper_2d_200000.csv,D:\AutoCluster-OMP\datasets\paper_gaussian\paper_2d_200000_cluster_labels.csv,8,2,5,1,1.5,14424699.81258712
fuzzy-cmeans,auto,1,1.698000193,1.021201297354623,1.021201297354623,9800716.613931887,pass,static,paper_2d_200000_k8_it5_r1_m1p5,D:\AutoCluster-OMP\datasets\paper_gaussian\paper_2d_200000.csv,D:\AutoCluster-OMP\datasets\paper_gaussian\paper_2d_200000_cluster_labels.csv,8,2,5,1,1.5,14424699.81258712
fuzzy-cmeans,auto,2,1.152000189,1.5052080863851316,0.7526040431925658,9800716.613931887,pass,static,paper_2d_200000_k8_it5_r1_m1p5,D:\AutoCluster-OMP\datasets\paper_gaussian\paper_2d_200000.csv,D:\AutoCluster-OMP\datasets\paper_gaussian\paper_2d_200000_cluster_labels.csv,8,2,5,1,1.5,14424699.81258712
fuzzy-cmeans,auto,4,0.852999926,2.0328254987445336,0.5082063746861334,9800716.613931887,pass,static,paper_2d_200000_k8_it5_r1_m1p5,D:\AutoCluster-OMP\datasets\paper_gaussian\paper_2d_200000.csv,D:\AutoCluster-OMP\datasets\paper_gaussian\paper_2d_200000_cluster_labels.csv,8,2,5,1,1.5,14424699.81258712
fuzzy-cmeans,auto,8,0.789000034,2.1977185364734724,0.27471481705918405,9800716.613931887,pass,static,paper_2d_200000_k8_it5_r1_m1p5,D:\AutoCluster-OMP\datasets\paper_gaussian\paper_2d_200000.csv,D:\AutoCluster-OMP\datasets\paper_gaussian\paper_2d_200000_cluster_labels.csv,8,2,5,1,1.5,14424699.81258712
fuzzy-cmeans,sequential,1,1.235,1.0,1.0,9800018.400011387,reference,static,paper_2d_200000_k8_it5_r1_m2p0,D:\AutoCluster-OMP\datasets\paper_gaussian\paper_2d_200000.csv,D:\AutoCluster-OMP\datasets\paper_gaussian\paper_2d_200000_cluster_labels.csv,8,2,5,1,2.0,5372266.831606277
fuzzy-cmeans,manual,1,1.224999905,1.0081633434902186,1.0081633434902186,9800018.400011387,pass,static,paper_2d_200000_k8_it5_r1_m2p0,D:\AutoCluster-OMP\datasets\paper_gaussian\paper_2d_200000.csv,D:\AutoCluster-OMP\datasets\paper_gaussian\paper_2d_200000_cluster_labels.csv,8,2,5,1,2.0,5372266.831606277
fuzzy-cmeans,manual,2,0.700999975,1.7617689643997492,0.8808844821998746,9800018.400011387,pass,static,paper_2d_200000_k8_it5_r1_m2p0,D:\AutoCluster-OMP\datasets\paper_gaussian\paper_2d_200000.csv,D:\AutoCluster-OMP\datasets\paper_gaussian\paper_2d_200000_cluster_labels.csv,8,2,5,1,2.0,5372266.831606277
fuzzy-cmeans,manual,4,0.433000088,2.852193415720507,0.7130483539301268,9800018.400011387,pass,static,paper_2d_200000_k8_it5_r1_m2p0,D:\AutoCluster-OMP\datasets\paper_gaussian\paper_2d_200000.csv,D:\AutoCluster-OMP\datasets\paper_gaussian\paper_2d_200000_cluster_labels.csv,8,2,5,1,2.0,5372266.831606277
fuzzy-cmeans,manual,8,0.386999846,3.191215740173706,0.39890196752171325,9800018.400011387,pass,static,paper_2d_200000_k8_it5_r1_m2p0,D:\AutoCluster-OMP\datasets\paper_gaussian\paper_2d_200000.csv,D:\AutoCluster-OMP\datasets\paper_gaussian\paper_2d_200000_cluster_labels.csv,8,2,5,1,2.0,5372266.831606277
fuzzy-cmeans,auto,1,1.238999844,0.9967717154934524,0.9967717154934524,9800018.400011387,pass,static,paper_2d_200000_k8_it5_r1_m2p0,D:\AutoCluster-OMP\datasets\paper_gaussian\paper_2d_200000.csv,D:\AutoCluster-OMP\datasets\paper_gaussian\paper_2d_200000_cluster_labels.csv,8,2,5,1,2.0,5372266.831606277
fuzzy-cmeans,auto,2,0.700000048,1.7642855933061308,0.8821427966530654,9800018.400011387,pass,static,paper_2d_200000_k8_it5_r1_m2p0,D:\AutoCluster-OMP\datasets\paper_gaussian\paper_2d_200000.csv,D:\AutoCluster-OMP\datasets\paper_gaussian\paper_2d_200000_cluster_labels.csv,8,2,5,1,2.0,5372266.831606277
fuzzy-cmeans,auto,4,0.431999922,2.8587968124679435,0.7146992031169859,9800018.400011387,pass,static,paper_2d_200000_k8_it5_r1_m2p0,D:\AutoCluster-OMP\datasets\paper_gaussian\paper_2d_200000.csv,D:\AutoCluster-OMP\datasets\paper_gaussian\paper_2d_200000_cluster_labels.csv,8,2,5,1,2.0,5372266.831606277
fuzzy-cmeans,auto,8,0.368000031,3.3559779781648986,0.41949724727061233,9800018.400011387,pass,static,paper_2d_200000_k8_it5_r1_m2p0,D:\AutoCluster-OMP\datasets\paper_gaussian\paper_2d_200000.csv,D:\AutoCluster-OMP\datasets\paper_gaussian\paper_2d_200000_cluster_labels.csv,8,2,5,1,2.0,5372266.831606277
fuzzy-cmeans,sequential,1,5.746,1.0,1.0,9799959.07082684,reference,static,paper_2d_200000_k8_it5_r1_m2p5,D:\AutoCluster-OMP\datasets\paper_gaussian\paper_2d_200000.csv,D:\AutoCluster-OMP\datasets\paper_gaussian\paper_2d_200000_cluster_labels.csv,8,2,5,1,2.5,1901846.069035282
fuzzy-cmeans,manual,1,5.856000185,0.9812158159964266,0.9812158159964266,9799959.07082684,pass,static,paper_2d_200000_k8_it5_r1_m2p5,D:\AutoCluster-OMP\datasets\paper_gaussian\paper_2d_200000.csv,D:\AutoCluster-OMP\datasets\paper_gaussian\paper_2d_200000_cluster_labels.csv,8,2,5,1,2.5,1901846.069035282
fuzzy-cmeans,manual,2,3.247000217,1.7696333895871743,0.8848166947935872,9799959.07082684,pass,static,paper_2d_200000_k8_it5_r1_m2p5,D:\AutoCluster-OMP\datasets\paper_gaussian\paper_2d_200000.csv,D:\AutoCluster-OMP\datasets\paper_gaussian\paper_2d_200000_cluster_labels.csv,8,2,5,1,2.5,1901846.069035282
fuzzy-cmeans,manual,4,1.934999943,2.969509131401561,0.7423772828503903,9799959.07082684,pass,static,paper_2d_200000_k8_it5_r1_m2p5,D:\AutoCluster-OMP\datasets\paper_gaussian\paper_2d_200000.csv,D:\AutoCluster-OMP\datasets\paper_gaussian\paper_2d_200000_cluster_labels.csv,8,2,5,1,2.5,1901846.069035282
fuzzy-cmeans,manual,8,1.351999998,4.2500000062869825,0.5312500007858728,9799959.07082684,pass,static,paper_2d_200000_k8_it5_r1_m2p5,D:\AutoCluster-OMP\datasets\paper_gaussian\paper_2d_200000.csv,D:\AutoCluster-OMP\datasets\paper_gaussian\paper_2d_200000_cluster_labels.csv,8,2,5,1,2.5,1901846.069035282
fuzzy-cmeans,auto,1,5.711999893,1.0059523997963773,1.0059523997963773,9799959.07082684,pass,static,paper_2d_200000_k8_it5_r1_m2p5,D:\AutoCluster-OMP\datasets\paper_gaussian\paper_2d_200000.csv,D:\AutoCluster-OMP\datasets\paper_gaussian\paper_2d_200000_cluster_labels.csv,8,2,5,1,2.5,1901846.069035282
fuzzy-cmeans,auto,2,3.250999928,1.767456206477037,0.8837281032385185,9799959.07082684,pass,static,paper_2d_200000_k8_it5_r1_m2p5,D:\AutoCluster-OMP\datasets\paper_gaussian\paper_2d_200000.csv,D:\AutoCluster-OMP\datasets\paper_gaussian\paper_2d_200000_cluster_labels.csv,8,2,5,1,2.5,1901846.069035282
fuzzy-cmeans,auto,4,1.90199995,3.021030573633822,0.7552576434084555,9799959.07082684,pass,static,paper_2d_200000_k8_it5_r1_m2p5,D:\AutoCluster-OMP\datasets\paper_gaussian\paper_2d_200000.csv,D:\AutoCluster-OMP\datasets\paper_gaussian\paper_2d_200000_cluster_labels.csv,8,2,5,1,2.5,1901846.069035282
fuzzy-cmeans,auto,8,1.329999924,4.320300998754043,0.5400376248442553,9799959.07082684,pass,static,paper_2d_200000_k8_it5_r1_m2p5,D:\AutoCluster-OMP\datasets\paper_gaussian\paper_2d_200000.csv,D:\AutoCluster-OMP\datasets\paper_gaussian\paper_2d_200000_cluster_labels.csv,8,2,5,1,2.5,1901846.069035282
fuzzy-cmeans,sequential,1,4.7,1.0,1.0,9801916.01760902,reference,static,paper_2d_200000_k8_it15_r1_m1p5,D:\AutoCluster-OMP\datasets\paper_gaussian\paper_2d_200000.csv,D:\AutoCluster-OMP\datasets\paper_gaussian\paper_2d_200000_cluster_labels.csv,8,2,15,1,1.5,631052.081317194
fuzzy-cmeans,manual,1,4.68599987,1.0029876505310276,1.0029876505310276,9801916.01760902,pass,static,paper_2d_200000_k8_it15_r1_m1p5,D:\AutoCluster-OMP\datasets\paper_gaussian\paper_2d_200000.csv,D:\AutoCluster-OMP\datasets\paper_gaussian\paper_2d_200000_cluster_labels.csv,8,2,15,1,1.5,631052.081317194
fuzzy-cmeans,manual,2,3.197999954,1.4696685639789724,0.7348342819894862,9801916.01760902,pass,static,paper_2d_200000_k8_it15_r1_m1p5,D:\AutoCluster-OMP\datasets\paper_gaussian\paper_2d_200000.csv,D:\AutoCluster-OMP\datasets\paper_gaussian\paper_2d_200000_cluster_labels.csv,8,2,15,1,1.5,631052.081317194
fuzzy-cmeans,manual,4,2.414000034,1.9469759460657905,0.4867439865164476,9801916.01760902,pass,static,paper_2d_200000_k8_it15_r1_m1p5,D:\AutoCluster-OMP\datasets\paper_gaussian\paper_2d_200000.csv,D:\AutoCluster-OMP\datasets\paper_gaussian\paper_2d_200000_cluster_labels.csv,8,2,15,1,1.5,631052.081317194
fuzzy-cmeans,manual,8,2.22300005,2.114259961442646,0.26428249518033076,9801916.01760902,pass,static,paper_2d_200000_k8_it15_r1_m1p5,D:\AutoCluster-OMP\datasets\paper_gaussian\paper_2d_200000.csv,D:\AutoCluster-OMP\datasets\paper_gaussian\paper_2d_200000_cluster_labels.csv,8,2,15,1,1.5,631052.081317194
fuzzy-cmeans,auto,1,4.690000057,1.0021321839826154,1.0021321839826154,9801916.01760902,pass,static,paper_2d_200000_k8_it15_r1_m1p5,D:\AutoCluster-OMP\datasets\paper_gaussian\paper_2d_200000.csv,D:\AutoCluster-OMP\datasets\paper_gaussian\paper_2d_200000_cluster_labels.csv,8,2,15,1,1.5,631052.081317194
fuzzy-cmeans,auto,2,3.171000004,1.4821822750145919,0.7410911375072959,9801916.01760902,pass,static,paper_2d_200000_k8_it15_r1_m1p5,D:\AutoCluster-OMP\datasets\paper_gaussian\paper_2d_200000.csv,D:\AutoCluster-OMP\datasets\paper_gaussian\paper_2d_200000_cluster_labels.csv,8,2,15,1,1.5,631052.081317194
fuzzy-cmeans,auto,4,2.407999992,1.9518272490093929,0.4879568122523482,9801916.01760902,pass,static,paper_2d_200000_k8_it15_r1_m1p5,D:\AutoCluster-OMP\datasets\paper_gaussian\paper_2d_200000.csv,D:\AutoCluster-OMP\datasets\paper_gaussian\paper_2d_200000_cluster_labels.csv,8,2,15,1,1.5,631052.081317194
fuzzy-cmeans,auto,8,2.221999884,2.1152116315772047,0.2644014539471506,9801916.01760902,pass,static,paper_2d_200000_k8_it15_r1_m1p5,D:\AutoCluster-OMP\datasets\paper_gaussian\paper_2d_200000.csv,D:\AutoCluster-OMP\datasets\paper_gaussian\paper_2d_200000_cluster_labels.csv,8,2,15,1,1.5,631052.081317194
fuzzy-cmeans,sequential,1,3.581,1.0,1.0,9801817.655362343,reference,static,paper_2d_200000_k8_it15_r1_m2p0,D:\AutoCluster-OMP\datasets\paper_gaussian\paper_2d_200000.csv,D:\AutoCluster-OMP\datasets\paper_gaussian\paper_2d_200000_cluster_labels.csv,8,2,15,1,2.0,551807.2695158
fuzzy-cmeans,manual,1,3.529999971,1.0144476004019773,1.0144476004019773,9801817.655362343,pass,static,paper_2d_200000_k8_it15_r1_m2p0,D:\AutoCluster-OMP\datasets\paper_gaussian\paper_2d_200000.csv,D:\AutoCluster-OMP\datasets\paper_gaussian\paper_2d_200000_cluster_labels.csv,8,2,15,1,2.0,551807.2695158
fuzzy-cmeans,manual,2,1.990999937,1.798593728433654,0.899296864216827,9801817.655362343,pass,static,paper_2d_200000_k8_it15_r1_m2p0,D:\AutoCluster-OMP\datasets\paper_gaussian\paper_2d_200000.csv,D:\AutoCluster-OMP\datasets\paper_gaussian\paper_2d_200000_cluster_labels.csv,8,2,15,1,2.0,551807.2695158
fuzzy-cmeans,manual,4,1.212000132,2.9546201402558925,0.7386550350639731,9801817.655362343,pass,static,paper_2d_200000_k8_it15_r1_m2p0,D:\AutoCluster-OMP\datasets\paper_gaussian\paper_2d_200000.csv,D:\AutoCluster-OMP\datasets\paper_gaussian\paper_2d_200000_cluster_labels.csv,8,2,15,1,2.0,551807.2695158
fuzzy-cmeans,manual,8,1.04399991,3.430076924048777,0.42875961550609715,9801817.655362343,pass,static,paper_2d_200000_k8_it15_r1_m2p0,D:\AutoCluster-OMP\datasets\paper_gaussian\paper_2d_200000.csv,D:\AutoCluster-OMP\datasets\paper_gaussian\paper_2d_200000_cluster_labels.csv,8,2,15,1,2.0,551807.2695158
fuzzy-cmeans,auto,1,3.537999868,1.0121537969486436,1.0121537969486436,9801817.655362343,pass,static,paper_2d_200000_k8_it15_r1_m2p0,D:\AutoCluster-OMP\datasets\paper_gaussian\paper_2d_200000.csv,D:\AutoCluster-OMP\datasets\paper_gaussian\paper_2d_200000_cluster_labels.csv,8,2,15,1,2.0,551807.2695158
fuzzy-cmeans,auto,2,1.991999865,1.7976908848836695,0.8988454424418347,9801817.655362343,pass,static,paper_2d_200000_k8_it15_r1_m2p0,D:\AutoCluster-OMP\datasets\paper_gaussian\paper_2d_200000.csv,D:\AutoCluster-OMP\datasets\paper_gaussian\paper_2d_200000_cluster_labels.csv,8,2,15,1,2.0,551807.2695158
fuzzy-cmeans,auto,4,1.230999947,2.90901718454745,0.7272542961368625,9801817.655362343,pass,static,paper_2d_200000_k8_it15_r1_m2p0,D:\AutoCluster-OMP\datasets\paper_gaussian\paper_2d_200000.csv,D:\AutoCluster-OMP\datasets\paper_gaussian\paper_2d_200000_cluster_labels.csv,8,2,15,1,2.0,551807.2695158
fuzzy-cmeans,auto,8,1.053999901,3.3975335259542874,0.4246916907442859,9801817.655362343,pass,static,paper_2d_200000_k8_it15_r1_m2p0,D:\AutoCluster-OMP\datasets\paper_gaussian\paper_2d_200000.csv,D:\AutoCluster-OMP\datasets\paper_gaussian\paper_2d_200000_cluster_labels.csv,8,2,15,1,2.0,551807.2695158
fuzzy-cmeans,sequential,1,15.704,1.0,1.0,9802077.839728694,reference,static,paper_2d_200000_k8_it15_r1_m2p5,D:\AutoCluster-OMP\datasets\paper_gaussian\paper_2d_200000.csv,D:\AutoCluster-OMP\datasets\paper_gaussian\paper_2d_200000_cluster_labels.csv,8,2,15,1,2.5,1036660.005115127
fuzzy-cmeans,manual,1,15.56799984,1.008735878815374,1.008735878815374,9802077.839728694,pass,static,paper_2d_200000_k8_it15_r1_m2p5,D:\AutoCluster-OMP\datasets\paper_gaussian\paper_2d_200000.csv,D:\AutoCluster-OMP\datasets\paper_gaussian\paper_2d_200000_cluster_labels.csv,8,2,15,1,2.5,1036660.005115127
fuzzy-cmeans,manual,2,8.651000023,1.8152814655240466,0.9076407327620233,9802077.839728694,pass,static,paper_2d_200000_k8_it15_r1_m2p5,D:\AutoCluster-OMP\datasets\paper_gaussian\paper_2d_200000.csv,D:\AutoCluster-OMP\datasets\paper_gaussian\paper_2d_200000_cluster_labels.csv,8,2,15,1,2.5,1036660.005115127
fuzzy-cmeans,manual,4,5.231000185,3.002102742231121,0.7505256855577802,9802077.839728694,pass,static,paper_2d_200000_k8_it15_r1_m2p5,D:\AutoCluster-OMP\datasets\paper_gaussian\paper_2d_200000.csv,D:\AutoCluster-OMP\datasets\paper_gaussian\paper_2d_200000_cluster_labels.csv,8,2,15,1,2.5,1036660.005115127
fuzzy-cmeans,manual,8,3.692000151,4.253520952794783,0.5316901190993478,9802077.839728694,pass,static,paper_2d_200000_k8_it15_r1_m2p5,D:\AutoCluster-OMP\datasets\paper_gaussian\paper_2d_200000.csv,D:\AutoCluster-OMP\datasets\paper_gaussian\paper_2d_200000_cluster_labels.csv,8,2,15,1,2.5,1036660.005115127
fuzzy-cmeans,auto,1,15.546000004,1.0101633858201047,1.0101633858201047,9802077.839728694,pass,static,paper_2d_200000_k8_it15_r1_m2p5,D:\AutoCluster-OMP\datasets\paper_gaussian\paper_2d_200000.csv,D:\AutoCluster-OMP\datasets\paper_gaussian\paper_2d_200000_cluster_labels.csv,8,2,15,1,2.5,1036660.005115127
fuzzy-cmeans,auto,2,8.653000116,1.8148618732781723,0.9074309366390861,9802077.839728694,pass,static,paper_2d_200000_k8_it15_r1_m2p5,D:\AutoCluster-OMP\datasets\paper_gaussian\paper_2d_200000.csv,D:\AutoCluster-OMP\datasets\paper_gaussian\paper_2d_200000_cluster_labels.csv,8,2,15,1,2.5,1036660.005115127
fuzzy-cmeans,auto,4,5.213000059,3.012468793835477,0.7531171984588693,9802077.839728694,pass,static,paper_2d_200000_k8_it15_r1_m2p5,D:\AutoCluster-OMP\datasets\paper_gaussian\paper_2d_200000.csv,D:\AutoCluster-OMP\datasets\paper_gaussian\paper_2d_200000_cluster_labels.csv,8,2,15,1,2.5,1036660.005115127
fuzzy-cmeans,auto,8,3.712000132,4.230603297834151,0.5288254122292688,9802077.839728694,pass,static,paper_2d_200000_k8_it15_r1_m2p5,D:\AutoCluster-OMP\datasets\paper_gaussian\paper_2d_200000.csv,D:\AutoCluster-OMP\datasets\paper_gaussian\paper_2d_200000_cluster_labels.csv,8,2,15,1,2.5,1036660.005115127
fuzzy-cmeans,sequential,1,9.308,1.0,1.0,9801916.017609106,reference,static,paper_2d_200000_k8_it30_r1_m1p5,D:\AutoCluster-OMP\datasets\paper_gaussian\paper_2d_200000.csv,D:\AutoCluster-OMP\datasets\paper_gaussian\paper_2d_200000_cluster_labels.csv,8,2,30,1,1.5,631052.081317191
fuzzy-cmeans,manual,1,9.320999861,0.9986053147522946,0.9986053147522946,9801916.017609106,pass,static,paper_2d_200000_k8_it30_r1_m1p5,D:\AutoCluster-OMP\datasets\paper_gaussian\paper_2d_200000.csv,D:\AutoCluster-OMP\datasets\paper_gaussian\paper_2d_200000_cluster_labels.csv,8,2,30,1,1.5,631052.081317191
fuzzy-cmeans,manual,2,6.261000156,1.4866634352468462,0.7433317176234231,9801916.017609106,pass,static,paper_2d_200000_k8_it30_r1_m1p5,D:\AutoCluster-OMP\datasets\paper_gaussian\paper_2d_200000.csv,D:\AutoCluster-OMP\datasets\paper_gaussian\paper_2d_200000_cluster_labels.csv,8,2,30,1,1.5,631052.081317191
fuzzy-cmeans,manual,4,4.774999857,1.949319430105273,0.48732985752631824,9801916.017609106,pass,static,paper_2d_200000_k8_it30_r1_m1p5,D:\AutoCluster-OMP\datasets\paper_gaussian\paper_2d_200000.csv,D:\AutoCluster-OMP\datasets\paper_gaussian\paper_2d_200000_cluster_labels.csv,8,2,30,1,1.5,631052.081317191
fuzzy-cmeans,manual,8,4.36500001,2.1324169481502473,0.2665521185187809,9801916.017609106,pass,static,paper_2d_200000_k8_it30_r1_m1p5,D:\AutoCluster-OMP\datasets\paper_gaussian\paper_2d_200000.csv,D:\AutoCluster-OMP\datasets\paper_gaussian\paper_2d_200000_cluster_labels.csv,8,2,30,1,1.5,631052.081317191
fuzzy-cmeans,auto,1,9.467000008,0.9832048159009572,0.9832048159009572,9801916.017609106,pass,static,paper_2d_200000_k8_it30_r1_m1p5,D:\AutoCluster-OMP\datasets\paper_gaussian\paper_2d_200000.csv,D:\AutoCluster-OMP\datasets\paper_gaussian\paper_2d_200000_cluster_labels.csv,8,2,30,1,1.5,631052.081317191
fuzzy-cmeans,auto,2,6.250999928,1.489041770470486,0.744520885235243,9801916.017609106,pass,static,paper_2d_200000_k8_it30_r1_m1p5,D:\AutoCluster-OMP\datasets\paper_gaussian\paper_2d_200000.csv,D:\AutoCluster-OMP\datasets\paper_gaussian\paper_2d_200000_cluster_labels.csv,8,2,30,1,1.5,631052.081317191
fuzzy-cmeans,auto,4,4.822999954,1.9299191558731663,0.4824797889682916,9801916.017609106,pass,static,paper_2d_200000_k8_it30_r1_m1p5,D:\AutoCluster-OMP\datasets\paper_gaussian\paper_2d_200000.csv,D:\AutoCluster-OMP\datasets\paper_gaussian\paper_2d_200000_cluster_labels.csv,8,2,30,1,1.5,631052.081317191
fuzzy-cmeans,auto,8,4.32400012,2.15263638799344,0.26907954849918,9801916.017609106,pass,static,paper_2d_200000_k8_it30_r1_m1p5,D:\AutoCluster-OMP\datasets\paper_gaussian\paper_2d_200000.csv,D:\AutoCluster-OMP\datasets\paper_gaussian\paper_2d_200000_cluster_labels.csv,8,2,30,1,1.5,631052.081317191
fuzzy-cmeans,sequential,1,6.928,1.0,1.0,9801833.621967902,reference,static,paper_2d_200000_k8_it30_r1_m2p0,D:\AutoCluster-OMP\datasets\paper_gaussian\paper_2d_200000.csv,D:\AutoCluster-OMP\datasets\paper_gaussian\paper_2d_200000_cluster_labels.csv,8,2,30,1,2.0,551320.498882561
fuzzy-cmeans,manual,1,6.896999836,1.0044947317293222,1.0044947317293222,9801833.621967902,pass,static,paper_2d_200000_k8_it30_r1_m2p0,D:\AutoCluster-OMP\datasets\paper_gaussian\paper_2d_200000.csv,D:\AutoCluster-OMP\datasets\paper_gaussian\paper_2d_200000_cluster_labels.csv,8,2,30,1,2.0,551320.498882561
fuzzy-cmeans,manual,2,3.937000036,1.7597155033401681,0.8798577516700841,9801833.621967902,pass,static,paper_2d_200000_k8_it30_r1_m2p0,D:\AutoCluster-OMP\datasets\paper_gaussian\paper_2d_200000.csv,D:\AutoCluster-OMP\datasets\paper_gaussian\paper_2d_200000_cluster_labels.csv,8,2,30,1,2.0,551320.498882561
fuzzy-cmeans,manual,4,2.41899991,2.863993492252755,0.7159983730631887,9801833.621967902,pass,static,paper_2d_200000_k8_it30_r1_m2p0,D:\AutoCluster-OMP\datasets\paper_gaussian\paper_2d_200000.csv,D:\AutoCluster-OMP\datasets\paper_gaussian\paper_2d_200000_cluster_labels.csv,8,2,30,1,2.0,551320.498882561
fuzzy-cmeans,manual,8,2.034999847,3.4044228603816697,0.4255528575477087,9801833.621967902,pass,static,paper_2d_200000_k8_it30_r1_m2p0,D:\AutoCluster-OMP\datasets\paper_gaussian\paper_2d_200000.csv,D:\AutoCluster-OMP\datasets\paper_gaussian\paper_2d_200000_cluster_labels.csv,8,2,30,1,2.0,551320.498882561
fuzzy-cmeans,auto,1,6.906999826,1.003040419071816,1.003040419071816,9801833.621967902,pass,static,paper_2d_200000_k8_it30_r1_m2p0,D:\AutoCluster-OMP\datasets\paper_gaussian\paper_2d_200000.csv,D:\AutoCluster-OMP\datasets\paper_gaussian\paper_2d_200000_cluster_labels.csv,8,2,30,1,2.0,551320.498882561
fuzzy-cmeans,auto,2,3.878000021,1.786487870676574,0.893243935338287,9801833.621967902,pass,static,paper_2d_200000_k8_it30_r1_m2p0,D:\AutoCluster-OMP\datasets\paper_gaussian\paper_2d_200000.csv,D:\AutoCluster-OMP\datasets\paper_gaussian\paper_2d_200000_cluster_labels.csv,8,2,30,1,2.0,551320.498882561
fuzzy-cmeans,auto,4,2.367000103,2.9269115752125505,0.7317278938031376,9801833.621967902,pass,static,paper_2d_200000_k8_it30_r1_m2p0,D:\AutoCluster-OMP\datasets\paper_gaussian\paper_2d_200000.csv,D:\AutoCluster-OMP\datasets\paper_gaussian\paper_2d_200000_cluster_labels.csv,8,2,30,1,2.0,551320.498882561
fuzzy-cmeans,auto,8,2.036999941,3.40108011814616,0.42513501476827,9801833.621967902,pass,static,paper_2d_200000_k8_it30_r1_m2p0,D:\AutoCluster-OMP\datasets\paper_gaussian\paper_2d_200000.csv,D:\AutoCluster-OMP\datasets\paper_gaussian\paper_2d_200000_cluster_labels.csv,8,2,30,1,2.0,551320.498882561
fuzzy-cmeans,sequential,1,28.442,1.0,1.0,9804421.46086366,reference,static,paper_2d_200000_k8_it30_r1_m2p5,D:\AutoCluster-OMP\datasets\paper_gaussian\paper_2d_200000.csv,D:\AutoCluster-OMP\datasets\paper_gaussian\paper_2d_200000_cluster_labels.csv,8,2,30,1,2.5,363002.298419437
fuzzy-cmeans,manual,1,28.643000126,0.9929825742723944,0.9929825742723944,9804421.46086366,pass,static,paper_2d_200000_k8_it30_r1_m2p5,D:\AutoCluster-OMP\datasets\paper_gaussian\paper_2d_200000.csv,D:\AutoCluster-OMP\datasets\paper_gaussian\paper_2d_200000_cluster_labels.csv,8,2,30,1,2.5,363002.298419437
fuzzy-cmeans,manual,2,16.77699995,1.6952971380321187,0.8476485690160593,9804421.46086366,pass,static,paper_2d_200000_k8_it30_r1_m2p5,D:\AutoCluster-OMP\datasets\paper_gaussian\paper_2d_200000.csv,D:\AutoCluster-OMP\datasets\paper_gaussian\paper_2d_200000_cluster_labels.csv,8,2,30,1,2.5,363002.298419437
fuzzy-cmeans,manual,4,10.00999999,2.8413586441971614,0.7103396610492904,9804421.46086366,pass,static,paper_2d_200000_k8_it30_r1_m2p5,D:\AutoCluster-OMP\datasets\paper_gaussian\paper_2d_200000.csv,D:\AutoCluster-OMP\datasets\paper_gaussian\paper_2d_200000_cluster_labels.csv,8,2,30,1,2.5,363002.298419437
fuzzy-cmeans,manual,8,7.125999928,3.991299507068982,0.49891243838362276,9804421.46086366,pass,static,paper_2d_200000_k8_it30_r1_m2p5,D:\AutoCluster-OMP\datasets\paper_gaussian\paper_2d_200000.csv,D:\AutoCluster-OMP\datasets\paper_gaussian\paper_2d_200000_cluster_labels.csv,8,2,30,1,2.5,363002.298419437
fuzzy-cmeans,auto,1,29.105999947,0.9771868361090806,0.9771868361090806,9804421.46086366,pass,static,paper_2d_200000_k8_it30_r1_m2p5,D:\AutoCluster-OMP\datasets\paper_gaussian\paper_2d_200000.csv,D:\AutoCluster-OMP\datasets\paper_gaussian\paper_2d_200000_cluster_labels.csv,8,2,30,1,2.5,363002.298419437
fuzzy-cmeans,auto,2,16.298000097,1.7451220904849158,0.8725610452424579,9804421.46086366,pass,static,paper_2d_200000_k8_it30_r1_m2p5,D:\AutoCluster-OMP\datasets\paper_gaussian\paper_2d_200000.csv,D:\AutoCluster-OMP\datasets\paper_gaussian\paper_2d_200000_cluster_labels.csv,8,2,30,1,2.5,363002.298419437
fuzzy-cmeans,auto,4,9.927000046,2.8651153287201265,0.7162788321800316,9804421.46086366,pass,static,paper_2d_200000_k8_it30_r1_m2p5,D:\AutoCluster-OMP\datasets\paper_gaussian\paper_2d_200000.csv,D:\AutoCluster-OMP\datasets\paper_gaussian\paper_2d_200000_cluster_labels.csv,8,2,30,1,2.5,363002.298419437
fuzzy-cmeans,auto,8,7.122999907,3.9929805378839243,0.49912256723549053,9804421.46086366,pass,static,paper_2d_200000_k8_it30_r1_m2p5,D:\AutoCluster-OMP\datasets\paper_gaussian\paper_2d_200000.csv,D:\AutoCluster-OMP\datasets\paper_gaussian\paper_2d_200000_cluster_labels.csv,8,2,30,1,2.5,363002.298419437
fuzzy-cmeans,sequential,1,4.015,1.0,1.0,24499369.77595751,reference,static,paper_2d_500000_k8_it5_r1_m1p5,D:\AutoCluster-OMP\datasets\paper_gaussian\paper_2d_500000.csv,D:\AutoCluster-OMP\datasets\paper_gaussian\paper_2d_500000_cluster_labels.csv,8,2,5,1,1.5,37586855.9710098
fuzzy-cmeans,manual,1,4.032999992,0.9955368231996763,0.9955368231996763,24499369.77595751,pass,static,paper_2d_500000_k8_it5_r1_m1p5,D:\AutoCluster-OMP\datasets\paper_gaussian\paper_2d_500000.csv,D:\AutoCluster-OMP\datasets\paper_gaussian\paper_2d_500000_cluster_labels.csv,8,2,5,1,1.5,37586855.9710098
fuzzy-cmeans,manual,2,2.755000114,1.457350211928158,0.728675105964079,24499369.77595751,pass,static,paper_2d_500000_k8_it5_r1_m1p5,D:\AutoCluster-OMP\datasets\paper_gaussian\paper_2d_500000.csv,D:\AutoCluster-OMP\datasets\paper_gaussian\paper_2d_500000_cluster_labels.csv,8,2,5,1,1.5,37586855.9710098
fuzzy-cmeans,manual,4,2.13499999,1.880562069698183,0.47014051742454577,24499369.77595751,pass,static,paper_2d_500000_k8_it5_r1_m1p5,D:\AutoCluster-OMP\datasets\paper_gaussian\paper_2d_500000.csv,D:\AutoCluster-OMP\datasets\paper_gaussian\paper_2d_500000_cluster_labels.csv,8,2,5,1,1.5,37586855.9710098
fuzzy-cmeans,manual,8,1.986999989,2.0206341329778437,0.25257926662223046,24499369.77595751,pass,static,paper_2d_500000_k8_it5_r1_m1p5,D:\AutoCluster-OMP\datasets\paper_gaussian\paper_2d_500000.csv,D:\AutoCluster-OMP\datasets\paper_gaussian\paper_2d_500000_cluster_labels.csv,8,2,5,1,1.5,37586855.9710098
fuzzy-cmeans,auto,1,4.031000137,0.9960307277459165,0.9960307277459165,24499369.77595751,pass,static,paper_2d_500000_k8_it5_r1_m1p5,D:\AutoCluster-OMP\datasets\paper_gaussian\paper_2d_500000.csv,D:\AutoCluster-OMP\datasets\paper_gaussian\paper_2d_500000_cluster_labels.csv,8,2,5,1,1.5,37586855.9710098
fuzzy-cmeans,auto,2,2.779999971,1.4442446193824077,0.7221223096912038,24499369.77595751,pass,static,paper_2d_500000_k8_it5_r1_m1p5,D:\AutoCluster-OMP\datasets\paper_gaussian\paper_2d_500000.csv,D:\AutoCluster-OMP\datasets\paper_gaussian\paper_2d_500000_cluster_labels.csv,8,2,5,1,1.5,37586855.9710098
fuzzy-cmeans,auto,4,2.13499999,1.880562069698183,0.47014051742454577,24499369.77595751,pass,static,paper_2d_500000_k8_it5_r1_m1p5,D:\AutoCluster-OMP\datasets\paper_gaussian\paper_2d_500000.csv,D:\AutoCluster-OMP\datasets\paper_gaussian\paper_2d_500000_cluster_labels.csv,8,2,5,1,1.5,37586855.9710098
fuzzy-cmeans,auto,8,1.99000001,2.0175879295598595,0.25219849119498244,24499369.77595751,pass,static,paper_2d_500000_k8_it5_r1_m1p5,D:\AutoCluster-OMP\datasets\paper_gaussian\paper_2d_500000.csv,D:\AutoCluster-OMP\datasets\paper_gaussian\paper_2d_500000_cluster_labels.csv,8,2,5,1,1.5,37586855.9710098
fuzzy-cmeans,sequential,1,3.009,1.0,1.0,24499883.06850861,reference,static,paper_2d_500000_k8_it5_r1_m2p0,D:\AutoCluster-OMP\datasets\paper_gaussian\paper_2d_500000.csv,D:\AutoCluster-OMP\datasets\paper_gaussian\paper_2d_500000_cluster_labels.csv,8,2,5,1,2.0,13442947.318847405
fuzzy-cmeans,manual,1,2.995999813,1.0043391815124922,1.0043391815124922,24499883.06850861,pass,static,paper_2d_500000_k8_it5_r1_m2p0,D:\AutoCluster-OMP\datasets\paper_gaussian\paper_2d_500000.csv,D:\AutoCluster-OMP\datasets\paper_gaussian\paper_2d_500000_cluster_labels.csv,8,2,5,1,2.0,13442947.318847405
fuzzy-cmeans,manual,2,1.707999945,1.7617096586030627,0.8808548293015314,24499883.06850861,pass,static,paper_2d_500000_k8_it5_r1_m2p0,D:\AutoCluster-OMP\datasets\paper_gaussian\paper_2d_500000.csv,D:\AutoCluster-OMP\datasets\paper_gaussian\paper_2d_500000_cluster_labels.csv,8,2,5,1,2.0,13442947.318847405
fuzzy-cmeans,manual,4,1.055000067,2.8521325202911103,0.7130331300727776,24499883.06850861,pass,static,paper_2d_500000_k8_it5_r1_m2p0,D:\AutoCluster-OMP\datasets\paper_gaussian\paper_2d_500000.csv,D:\AutoCluster-OMP\datasets\paper_gaussian\paper_2d_500000_cluster_labels.csv,8,2,5,1,2.0,13442947.318847405
fuzzy-cmeans,manual,8,0.904999971,3.3248619849955774,0.4156077481244472,24499883.06850861,pass,static,paper_2d_500000_k8_it5_r1_m2p0,D:\AutoCluster-OMP\datasets\paper_gaussian\paper_2d_500000.csv,D:\AutoCluster-OMP\datasets\paper_gaussian\paper_2d_500000_cluster_labels.csv,8,2,5,1,2.0,13442947.318847405
fuzzy-cmeans,auto,1,2.98300004,1.008716044133878,1.008716044133878,24499883.06850861,pass,static,paper_2d_500000_k8_it5_r1_m2p0,D:\AutoCluster-OMP\datasets\paper_gaussian\paper_2d_500000.csv,D:\AutoCluster-OMP\datasets\paper_gaussian\paper_2d_500000_cluster_labels.csv,8,2,5,1,2.0,13442947.318847405
fuzzy-cmeans,auto,2,1.70299983,1.7668821493658047,0.8834410746829023,24499883.06850861,pass,static,paper_2d_500000_k8_it5_r1_m2p0,D:\AutoCluster-OMP\datasets\paper_gaussian\paper_2d_500000.csv,D:\AutoCluster-OMP\datasets\paper_gaussian\paper_2d_500000_cluster_labels.csv,8,2,5,1,2.0,13442947.318847405
fuzzy-cmeans,auto,4,1.052999973,2.857549930820369,0.7143874827050922,24499883.06850861,pass,static,paper_2d_500000_k8_it5_r1_m2p0,D:\AutoCluster-OMP\datasets\paper_gaussian\paper_2d_500000.csv,D:\AutoCluster-OMP\datasets\paper_gaussian\paper_2d_500000_cluster_labels.csv,8,2,5,1,2.0,13442947.318847405
fuzzy-cmeans,auto,8,0.906999826,3.3175309561746267,0.41469136952182833,24499883.06850861,pass,static,paper_2d_500000_k8_it5_r1_m2p0,D:\AutoCluster-OMP\datasets\paper_gaussian\paper_2d_500000.csv,D:\AutoCluster-OMP\datasets\paper_gaussian\paper_2d_500000_cluster_labels.csv,8,2,5,1,2.0,13442947.318847405
fuzzy-cmeans,sequential,1,13.97,1.0,1.0,24499918.442399036,reference,static,paper_2d_500000_k8_it5_r1_m2p5,D:\AutoCluster-OMP\datasets\paper_gaussian\paper_2d_500000.csv,D:\AutoCluster-OMP\datasets\paper_gaussian\paper_2d_500000_cluster_labels.csv,8,2,5,1,2.5,4754104.852655317
fuzzy-cmeans,manual,1,14.019999981,0.9964336675415293,0.9964336675415293,24499918.442399036,pass,static,paper_2d_500000_k8_it5_r1_m2p5,D:\AutoCluster-OMP\datasets\paper_gaussian\paper_2d_500000.csv,D:\AutoCluster-OMP\datasets\paper_gaussian\paper_2d_500000_cluster_labels.csv,8,2,5,1,2.5,4754104.852655317
fuzzy-cmeans,manual,2,7.848999977,1.779844571402271,0.8899222857011355,24499918.442399036,pass,static,paper_2d_500000_k8_it5_r1_m2p5,D:\AutoCluster-OMP\datasets\paper_gaussian\paper_2d_500000.csv,D:\AutoCluster-OMP\datasets\paper_gaussian\paper_2d_500000_cluster_labels.csv,8,2,5,1,2.5,4754104.852655317
fuzzy-cmeans,manual,4,4.731999874,2.9522401462346277,0.7380600365586569,24499918.442399036,pass,static,paper_2d_500000_k8_it5_r1_m2p5,D:\AutoCluster-OMP\datasets\paper_gaussian\paper_2d_500000.csv,D:\AutoCluster-OMP\datasets\paper_gaussian\paper_2d_500000_cluster_labels.csv,8,2,5,1,2.5,4754104.852655317
fuzzy-cmeans,manual,8,3.368000031,4.147862194601031,0.5184827743251289,24499918.442399036,pass,static,paper_2d_500000_k8_it5_r1_m2p5,D:\AutoCluster-OMP\datasets\paper_gaussian\paper_2d_500000.csv,D:\AutoCluster-OMP\datasets\paper_gaussian\paper_2d_500000_cluster_labels.csv,8,2,5,1,2.5,4754104.852655317
fuzzy-cmeans,auto,1,14.245000124,0.9806949721582185,0.9806949721582185,24499918.442399036,pass,static,paper_2d_500000_k8_it5_r1_m2p5,D:\AutoCluster-OMP\datasets\paper_gaussian\paper_2d_500000.csv,D:\AutoCluster-OMP\datasets\paper_gaussian\paper_2d_500000_cluster_labels.csv,8,2,5,1,2.5,4754104.852655317
fuzzy-cmeans,auto,2,7.86500001,1.776223773965386,0.888111886982693,24499918.442399036,pass,static,paper_2d_500000_k8_it5_r1_m2p5,D:\AutoCluster-OMP\datasets\paper_gaussian\paper_2d_500000.csv,D:\AutoCluster-OMP\datasets\paper_gaussian\paper_2d_500000_cluster_labels.csv,8,2,5,1,2.5,4754104.852655317
fuzzy-cmeans,auto,4,4.751999855,2.9398149045187627,0.7349537261296907,24499918.442399036,pass,static,paper_2d_500000_k8_it5_r1_m2p5,D:\AutoCluster-OMP\datasets\paper_gaussian\paper_2d_500000.csv,D:\AutoCluster-OMP\datasets\paper_gaussian\paper_2d_500000_cluster_labels.csv,8,2,5,1,2.5,4754104.852655317
fuzzy-cmeans,auto,8,3.340000153,4.182634538939197,0.5228293173673996,24499918.442399036,pass,static,paper_2d_500000_k8_it5_r1_m2p5,D:\AutoCluster-OMP\datasets\paper_gaussian\paper_2d_500000.csv,D:\AutoCluster-OMP\datasets\paper_gaussian\paper_2d_500000_cluster_labels.csv,8,2,5,1,2.5,4754104.852655317
fuzzy-cmeans,sequential,1,11.811,1.0,1.0,24497252.91362622,reference,static,paper_2d_500000_k8_it15_r1_m1p5,D:\AutoCluster-OMP\datasets\paper_gaussian\paper_2d_500000.csv,D:\AutoCluster-OMP\datasets\paper_gaussian\paper_2d_500000_cluster_labels.csv,8,2,15,1,1.5,6233879.404833922
fuzzy-cmeans,manual,1,11.828999996,0.9984783163406807,0.9984783163406807,24497252.91362622,pass,static,paper_2d_500000_k8_it15_r1_m1p5,D:\AutoCluster-OMP\datasets\paper_gaussian\paper_2d_500000.csv,D:\AutoCluster-OMP\datasets\paper_gaussian\paper_2d_500000_cluster_labels.csv,8,2,15,1,1.5,6233879.404833922
fuzzy-cmeans,manual,2,7.906000137,1.4939286358881578,0.7469643179440789,24497252.91362622,pass,static,paper_2d_500000_k8_it15_r1_m1p5,D:\AutoCluster-OMP\datasets\paper_gaussian\paper_2d_500000.csv,D:\AutoCluster-OMP\datasets\paper_gaussian\paper_2d_500000_cluster_labels.csv,8,2,15,1,1.5,6233879.404833922
fuzzy-cmeans,manual,4,6.013000011,1.9642441341083177,0.4910610335270794,24497252.91362622,pass,static,paper_2d_500000_k8_it15_r1_m1p5,D:\AutoCluster-OMP\datasets\paper_gaussian\paper_2d_500000.csv,D:\AutoCluster-OMP\datasets\paper_gaussian\paper_2d_500000_cluster_labels.csv,8,2,15,1,1.5,6233879.404833922
fuzzy-cmeans,manual,8,5.545000076,2.130027022203417,0.2662533777754271,24497252.91362622,pass,static,paper_2d_500000_k8_it15_r1_m1p5,D:\AutoCluster-OMP\datasets\paper_gaussian\paper_2d_500000.csv,D:\AutoCluster-OMP\datasets\paper_gaussian\paper_2d_500000_cluster_labels.csv,8,2,15,1,1.5,6233879.404833922
fuzzy-cmeans,auto,1,11.691999912,1.0101779070215238,1.0101779070215238,24497252.91362622,pass,static,paper_2d_500000_k8_it15_r1_m1p5,D:\AutoCluster-OMP\datasets\paper_gaussian\paper_2d_500000.csv,D:\AutoCluster-OMP\datasets\paper_gaussian\paper_2d_500000_cluster_labels.csv,8,2,15,1,1.5,6233879.404833922
fuzzy-cmeans,auto,2,8.05700016,1.465930217879008,0.732965108939504,24497252.91362622,pass,static,paper_2d_500000_k8_it15_r1_m1p5,D:\AutoCluster-OMP\datasets\paper_gaussian\paper_2d_500000.csv,D:\AutoCluster-OMP\datasets\paper_gaussian\paper_2d_500000_cluster_labels.csv,8,2,15,1,1.5,6233879.404833922
fuzzy-cmeans,auto,4,6.056999922,1.9499752603761054,0.48749381509402634,24497252.91362622,pass,static,paper_2d_500000_k8_it15_r1_m1p5,D:\AutoCluster-OMP\datasets\paper_gaussian\paper_2d_500000.csv,D:\AutoCluster-OMP\datasets\paper_gaussian\paper_2d_500000_cluster_labels.csv,8,2,15,1,1.5,6233879.404833922
fuzzy-cmeans,auto,8,5.450000048,2.1671559442158745,0.2708944930269843,24497252.91362622,pass,static,paper_2d_500000_k8_it15_r1_m1p5,D:\AutoCluster-OMP\datasets\paper_gaussian\paper_2d_500000.csv,D:\AutoCluster-OMP\datasets\paper_gaussian\paper_2d_500000_cluster_labels.csv,8,2,15,1,1.5,6233879.404833922
fuzzy-cmeans,sequential,1,8.977,1.0,1.0,24491736.266443994,reference,static,paper_2d_500000_k8_it15_r1_m2p0,D:\AutoCluster-OMP\datasets\paper_gaussian\paper_2d_500000.csv,D:\AutoCluster-OMP\datasets\paper_gaussian\paper_2d_500000_cluster_labels.csv,8,2,15,1,2.0,3970598.29737395
fuzzy-cmeans,manual,1,8.769000053,1.0237199162667174,1.0237199162667174,24491736.266443994,pass,static,paper_2d_500000_k8_it15_r1_m2p0,D:\AutoCluster-OMP\datasets\paper_gaussian\paper_2d_500000.csv,D:\AutoCluster-OMP\datasets\paper_gaussian\paper_2d_500000_cluster_labels.csv,8,2,15,1,2.0,3970598.29737395
fuzzy-cmeans,manual,2,4.90899992,1.8286820424311598,0.9143410212155799,24491736.266443994,pass,static,paper_2d_500000_k8_it15_r1_m2p0,D:\AutoCluster-OMP\datasets\paper_gaussian\paper_2d_500000.csv,D:\AutoCluster-OMP\datasets\paper_gaussian\paper_2d_500000_cluster_labels.csv,8,2,15,1,2.0,3970598.29737395
fuzzy-cmeans,manual,4,3.006999969,2.9853675066665755,0.7463418766666439,24491736.266443994,pass,static,paper_2d_500000_k8_it15_r1_m2p0,D:\AutoCluster-OMP\datasets\paper_gaussian\paper_2d_500000.csv,D:\AutoCluster-OMP\datasets\paper_gaussian\paper_2d_500000_cluster_labels.csv,8,2,15,1,2.0,3970598.29737395
fuzzy-cmeans,manual,8,2.603999853,3.447388827483164,0.4309236034353955,24491736.266443994,pass,static,paper_2d_500000_k8_it15_r1_m2p0,D:\AutoCluster-OMP\datasets\paper_gaussian\paper_2d_500000.csv,D:\AutoCluster-OMP\datasets\paper_gaussian\paper_2d_500000_cluster_labels.csv,8,2,15,1,2.0,3970598.29737395
fuzzy-cmeans,auto,1,9.026000023,0.994571236109557,0.994571236109557,24491736.266443994,pass,static,paper_2d_500000_k8_it15_r1_m2p0,D:\AutoCluster-OMP\datasets\paper_gaussian\paper_2d_500000.csv,D:\AutoCluster-OMP\datasets\paper_gaussian\paper_2d_500000_cluster_labels.csv,8,2,15,1,2.0,3970598.29737395
fuzzy-cmeans,auto,2,4.898999929,1.832414805082966,0.916207402541483,24491736.266443994,pass,static,paper_2d_500000_k8_it15_r1_m2p0,D:\AutoCluster-OMP\datasets\paper_gaussian\paper_2d_500000.csv,D:\AutoCluster-OMP\datasets\paper_gaussian\paper_2d_500000_cluster_labels.csv,8,2,15,1,2.0,3970598.29737395
fuzzy-cmeans,auto,4,3.041999817,2.9510192439304803,0.7377548109826201,24491736.266443994,pass,static,paper_2d_500000_k8_it15_r1_m2p0,D:\AutoCluster-OMP\datasets\paper_gaussian\paper_2d_500000.csv,D:\AutoCluster-OMP\datasets\paper_gaussian\paper_2d_500000_cluster_labels.csv,8,2,15,1,2.0,3970598.29737395
fuzzy-cmeans,auto,8,2.598999977,3.4540208077885644,0.43175260097357054,24491736.266443994,pass,static,paper_2d_500000_k8_it15_r1_m2p0,D:\AutoCluster-OMP\datasets\paper_gaussian\paper_2d_500000.csv,D:\AutoCluster-OMP\datasets\paper_gaussian\paper_2d_500000_cluster_labels.csv,8,2,15,1,2.0,3970598.29737395
fuzzy-cmeans,sequential,1,39.155,1.0,1.0,24495039.85562497,reference,static,paper_2d_500000_k8_it15_r1_m2p5,D:\AutoCluster-OMP\datasets\paper_gaussian\paper_2d_500000.csv,D:\AutoCluster-OMP\datasets\paper_gaussian\paper_2d_500000_cluster_labels.csv,8,2,15,1,2.5,3663576.386778053
fuzzy-cmeans,manual,1,39.421000004,0.9932523273389054,0.9932523273389054,24495039.85562497,pass,static,paper_2d_500000_k8_it15_r1_m2p5,D:\AutoCluster-OMP\datasets\paper_gaussian\paper_2d_500000.csv,D:\AutoCluster-OMP\datasets\paper_gaussian\paper_2d_500000_cluster_labels.csv,8,2,15,1,2.5,3663576.386778053
fuzzy-cmeans,manual,2,21.707000017,1.803796009090868,0.901898004545434,24495039.85562497,pass,static,paper_2d_500000_k8_it15_r1_m2p5,D:\AutoCluster-OMP\datasets\paper_gaussian\paper_2d_500000.csv,D:\AutoCluster-OMP\datasets\paper_gaussian\paper_2d_500000_cluster_labels.csv,8,2,15,1,2.5,3663576.386778053
fuzzy-cmeans,manual,4,13.216999769,2.9624726249777695,0.7406181562444424,24495039.85562497,pass,static,paper_2d_500000_k8_it15_r1_m2p5,D:\AutoCluster-OMP\datasets\paper_gaussian\paper_2d_500000.csv,D:\AutoCluster-OMP\datasets\paper_gaussian\paper_2d_500000_cluster_labels.csv,8,2,15,1,2.5,3663576.386778053
fuzzy-cmeans,manual,8,9.210999966,4.250895683913848,0.531361960489231,24495039.85562497,pass,static,paper_2d_500000_k8_it15_r1_m2p5,D:\AutoCluster-OMP\datasets\paper_gaussian\paper_2d_500000.csv,D:\AutoCluster-OMP\datasets\paper_gaussian\paper_2d_500000_cluster_labels.csv,8,2,15,1,2.5,3663576.386778053
fuzzy-cmeans,auto,1,40.084000111,0.9768236675873808,0.9768236675873808,24495039.85562497,pass,static,paper_2d_500000_k8_it15_r1_m2p5,D:\AutoCluster-OMP\datasets\paper_gaussian\paper_2d_500000.csv,D:\AutoCluster-OMP\datasets\paper_gaussian\paper_2d_500000_cluster_labels.csv,8,2,15,1,2.5,3663576.386778053
fuzzy-cmeans,auto,2,22.779000044,1.7189077626045068,0.8594538813022534,24495039.85562497,pass,static,paper_2d_500000_k8_it15_r1_m2p5,D:\AutoCluster-OMP\datasets\paper_gaussian\paper_2d_500000.csv,D:\AutoCluster-OMP\datasets\paper_gaussian\paper_2d_500000_cluster_labels.csv,8,2,15,1,2.5,3663576.386778053
fuzzy-cmeans,auto,4,13.444000006,2.912451649994443,0.7281129124986108,24495039.85562497,pass,static,paper_2d_500000_k8_it15_r1_m2p5,D:\AutoCluster-OMP\datasets\paper_gaussian\paper_2d_500000.csv,D:\AutoCluster-OMP\datasets\paper_gaussian\paper_2d_500000_cluster_labels.csv,8,2,15,1,2.5,3663576.386778053
fuzzy-cmeans,auto,8,9.253000021,4.231600552376136,0.528950069047017,24495039.85562497,pass,static,paper_2d_500000_k8_it15_r1_m2p5,D:\AutoCluster-OMP\datasets\paper_gaussian\paper_2d_500000.csv,D:\AutoCluster-OMP\datasets\paper_gaussian\paper_2d_500000_cluster_labels.csv,8,2,15,1,2.5,3663576.386778053
fuzzy-cmeans,sequential,1,23.289,1.0,1.0,24499352.988296572,reference,static,paper_2d_500000_k8_it30_r1_m1p5,D:\AutoCluster-OMP\datasets\paper_gaussian\paper_2d_500000.csv,D:\AutoCluster-OMP\datasets\paper_gaussian\paper_2d_500000_cluster_labels.csv,8,2,30,1,1.5,6036806.181578259
fuzzy-cmeans,manual,1,24.764999866,0.9403997628109658,0.9403997628109658,24499352.988296572,pass,static,paper_2d_500000_k8_it30_r1_m1p5,D:\AutoCluster-OMP\datasets\paper_gaussian\paper_2d_500000.csv,D:\AutoCluster-OMP\datasets\paper_gaussian\paper_2d_500000_cluster_labels.csv,8,2,30,1,1.5,6036806.181578259
fuzzy-cmeans,manual,2,18.544999838,1.2558102023964008,0.6279051011982004,24499352.988296572,pass,static,paper_2d_500000_k8_it30_r1_m1p5,D:\AutoCluster-OMP\datasets\paper_gaussian\paper_2d_500000.csv,D:\AutoCluster-OMP\datasets\paper_gaussian\paper_2d_500000_cluster_labels.csv,8,2,30,1,1.5,6036806.181578259
fuzzy-cmeans,manual,4,13.920000076,1.6730603356930613,0.41826508392326534,24499352.988296572,pass,static,paper_2d_500000_k8_it30_r1_m1p5,D:\AutoCluster-OMP\datasets\paper_gaussian\paper_2d_500000.csv,D:\AutoCluster-OMP\datasets\paper_gaussian\paper_2d_500000_cluster_labels.csv,8,2,30,1,1.5,6036806.181578259
fuzzy-cmeans,manual,8,13.194999933,1.7649867463625701,0.22062334329532127,24499352.988296572,pass,static,paper_2d_500000_k8_it30_r1_m1p5,D:\AutoCluster-OMP\datasets\paper_gaussian\paper_2d_500000.csv,D:\AutoCluster-OMP\datasets\paper_gaussian\paper_2d_500000_cluster_labels.csv,8,2,30,1,1.5,6036806.181578259
fuzzy-cmeans,auto,1,33.763000011,0.6897787516634314,0.6897787516634314,24499352.988296572,pass,static,paper_2d_500000_k8_it30_r1_m1p5,D:\AutoCluster-OMP\datasets\paper_gaussian\paper_2d_500000.csv,D:\AutoCluster-OMP\datasets\paper_gaussian\paper_2d_500000_cluster_labels.csv,8,2,30,1,1.5,6036806.181578259
fuzzy-cmeans,auto,2,19.362999916,1.2027578423297867,0.6013789211648933,24499352.988296572,pass,static,paper_2d_500000_k8_it30_r1_m1p5,D:\AutoCluster-OMP\datasets\paper_gaussian\paper_2d_500000.csv,D:\AutoCluster-OMP\datasets\paper_gaussian\paper_2d_500000_cluster_labels.csv,8,2,30,1,1.5,6036806.181578259
fuzzy-cmeans,auto,4,14.819000006,1.5715635326655388,0.3928908831663847,24499352.988296572,pass,static,paper_2d_500000_k8_it30_r1_m1p5,D:\AutoCluster-OMP\datasets\paper_gaussian\paper_2d_500000.csv,D:\AutoCluster-OMP\datasets\paper_gaussian\paper_2d_500000_cluster_labels.csv,8,2,30,1,1.5,6036806.181578259
fuzzy-cmeans,auto,8,12.940999985,1.799629087937133,0.22495363599214163,24499352.988296572,pass,static,paper_2d_500000_k8_it30_r1_m1p5,D:\AutoCluster-OMP\datasets\paper_gaussian\paper_2d_500000.csv,D:\AutoCluster-OMP\datasets\paper_gaussian\paper_2d_500000_cluster_labels.csv,8,2,30,1,1.5,6036806.181578259
fuzzy-cmeans,sequential,1,22.378,1.0,1.0,24490633.45404984,reference,static,paper_2d_500000_k8_it30_r1_m2p0,D:\AutoCluster-OMP\datasets\paper_gaussian\paper_2d_500000.csv,D:\AutoCluster-OMP\datasets\paper_gaussian\paper_2d_500000_cluster_labels.csv,8,2,30,1,2.0,1376355.85522316
fuzzy-cmeans,manual,1,22.320999861,1.0025536552732834,1.0025536552732834,24490633.45404984,pass,static,paper_2d_500000_k8_it30_r1_m2p0,D:\AutoCluster-OMP\datasets\paper_gaussian\paper_2d_500000.csv,D:\AutoCluster-OMP\datasets\paper_gaussian\paper_2d_500000_cluster_labels.csv,8,2,30,1,2.0,1376355.85522316
fuzzy-cmeans,manual,2,12.369999886,1.8090541799702649,0.9045270899851324,24490633.45404984,pass,static,paper_2d_500000_k8_it30_r1_m2p0,D:\AutoCluster-OMP\datasets\paper_gaussian\paper_2d_500000.csv,D:\AutoCluster-OMP\datasets\paper_gaussian\paper_2d_500000_cluster_labels.csv,8,2,30,1,2.0,1376355.85522316
fuzzy-cmeans,manual,4,8.133999825,2.751167996244701,0.6877919990611753,24490633.45404984,pass,static,paper_2d_500000_k8_it30_r1_m2p0,D:\AutoCluster-OMP\datasets\paper_gaussian\paper_2d_500000.csv,D:\AutoCluster-OMP\datasets\paper_gaussian\paper_2d_500000_cluster_labels.csv,8,2,30,1,2.0,1376355.85522316
fuzzy-cmeans,manual,8,6.137000084,3.6464069893599174,0.45580087366998967,24490633.45404984,pass,static,paper_2d_500000_k8_it30_r1_m2p0,D:\AutoCluster-OMP\datasets\paper_gaussian\paper_2d_500000.csv,D:\AutoCluster-OMP\datasets\paper_gaussian\paper_2d_500000_cluster_labels.csv,8,2,30,1,2.0,1376355.85522316
fuzzy-cmeans,auto,1,22.80099988,0.9814481872625667,0.9814481872625667,24490633.45404984,pass,static,paper_2d_500000_k8_it30_r1_m2p0,D:\AutoCluster-OMP\datasets\paper_gaussian\paper_2d_500000.csv,D:\AutoCluster-OMP\datasets\paper_gaussian\paper_2d_500000_cluster_labels.csv,8,2,30,1,2.0,1376355.85522316
fuzzy-cmeans,auto,2,12.774999857,1.7517025636394103,0.8758512818197052,24490633.45404984,pass,static,paper_2d_500000_k8_it30_r1_m2p0,D:\AutoCluster-OMP\datasets\paper_gaussian\paper_2d_500000.csv,D:\AutoCluster-OMP\datasets\paper_gaussian\paper_2d_500000_cluster_labels.csv,8,2,30,1,2.0,1376355.85522316
fuzzy-cmeans,auto,4,8.200999975,2.7286916312909755,0.6821729078227439,24490633.45404984,pass,static,paper_2d_500000_k8_it30_r1_m2p0,D:\AutoCluster-OMP\datasets\paper_gaussian\paper_2d_500000.csv,D:\AutoCluster-OMP\datasets\paper_gaussian\paper_2d_500000_cluster_labels.csv,8,2,30,1,2.0,1376355.85522316
fuzzy-cmeans,auto,8,6.149000168,3.639290842185581,0.45491135527319765,24490633.45404984,pass,static,paper_2d_500000_k8_it30_r1_m2p0,D:\AutoCluster-OMP\datasets\paper_gaussian\paper_2d_500000.csv,D:\AutoCluster-OMP\datasets\paper_gaussian\paper_2d_500000_cluster_labels.csv,8,2,30,1,2.0,1376355.85522316
fuzzy-cmeans,sequential,1,87.964,1.0,1.0,24497737.91985893,reference,static,paper_2d_500000_k8_it30_r1_m2p5,D:\AutoCluster-OMP\datasets\paper_gaussian\paper_2d_500000.csv,D:\AutoCluster-OMP\datasets\paper_gaussian\paper_2d_500000_cluster_labels.csv,8,2,30,1,2.5,906160.126813226
fuzzy-cmeans,manual,1,87.519999981,1.0050731263607906,1.0050731263607906,24497737.91985893,pass,static,paper_2d_500000_k8_it30_r1_m2p5,D:\AutoCluster-OMP\datasets\paper_gaussian\paper_2d_500000.csv,D:\AutoCluster-OMP\datasets\paper_gaussian\paper_2d_500000_cluster_labels.csv,8,2,30,1,2.5,906160.126813226
fuzzy-cmeans,manual,2,48.504999876,1.8135037671348204,0.9067518835674102,24497737.91985893,pass,static,paper_2d_500000_k8_it30_r1_m2p5,D:\AutoCluster-OMP\datasets\paper_gaussian\paper_2d_500000.csv,D:\AutoCluster-OMP\datasets\paper_gaussian\paper_2d_500000_cluster_labels.csv,8,2,30,1,2.5,906160.126813226
fuzzy-cmeans,manual,4,29.854000092,2.9464728253810044,0.7366182063452511,24497737.91985893,pass,static,paper_2d_500000_k8_it30_r1_m2p5,D:\AutoCluster-OMP\datasets\paper_gaussian\paper_2d_500000.csv,D:\AutoCluster-OMP\datasets\paper_gaussian\paper_2d_500000_cluster_labels.csv,8,2,30,1,2.5,906160.126813226
fuzzy-cmeans,manual,8,20.48300004,4.294488103706511,0.5368110129633139,24497737.91985893,pass,static,paper_2d_500000_k8_it30_r1_m2p5,D:\AutoCluster-OMP\datasets\paper_gaussian\paper_2d_500000.csv,D:\AutoCluster-OMP\datasets\paper_gaussian\paper_2d_500000_cluster_labels.csv,8,2,30,1,2.5,906160.126813226
fuzzy-cmeans,auto,1,87.664000034,1.0034221569388078,1.0034221569388078,24497737.91985893,pass,static,paper_2d_500000_k8_it30_r1_m2p5,D:\AutoCluster-OMP\datasets\paper_gaussian\paper_2d_500000.csv,D:\AutoCluster-OMP\datasets\paper_gaussian\paper_2d_500000_cluster_labels.csv,8,2,30,1,2.5,906160.126813226
fuzzy-cmeans,auto,2,49.299000025,1.7842958265967384,0.8921479132983692,24497737.91985893,pass,static,paper_2d_500000_k8_it30_r1_m2p5,D:\AutoCluster-OMP\datasets\paper_gaussian\paper_2d_500000.csv,D:\AutoCluster-OMP\datasets\paper_gaussian\paper_2d_500000_cluster_labels.csv,8,2,30,1,2.5,906160.126813226
fuzzy-cmeans,auto,4,29.776000023,2.9541912927207683,0.7385478231801921,24497737.91985893,pass,static,paper_2d_500000_k8_it30_r1_m2p5,D:\AutoCluster-OMP\datasets\paper_gaussian\paper_2d_500000.csv,D:\AutoCluster-OMP\datasets\paper_gaussian\paper_2d_500000_cluster_labels.csv,8,2,30,1,2.5,906160.126813226
fuzzy-cmeans,auto,8,20.766000032,4.2359626246965805,0.5294953280870726,24497737.91985893,pass,static,paper_2d_500000_k8_it30_r1_m2p5,D:\AutoCluster-OMP\datasets\paper_gaussian\paper_2d_500000.csv,D:\AutoCluster-OMP\datasets\paper_gaussian\paper_2d_500000_cluster_labels.csv,8,2,30,1,2.5,906160.126813226
fuzzy-cmeans,sequential,1,0.976,1.0,1.0,4899683.652187993,reference,dynamic_64,paper_2d_100000_k8_it5_r1_m1p5,D:\AutoCluster-OMP\datasets\paper_gaussian\paper_2d_100000.csv,D:\AutoCluster-OMP\datasets\paper_gaussian\paper_2d_100000_cluster_labels.csv,8,2,5,1,1.5,7310156.790495641
fuzzy-cmeans,manual,1,0.986000061,0.9898579509317088,0.9898579509317088,4899683.652187993,pass,dynamic_64,paper_2d_100000_k8_it5_r1_m1p5,D:\AutoCluster-OMP\datasets\paper_gaussian\paper_2d_100000.csv,D:\AutoCluster-OMP\datasets\paper_gaussian\paper_2d_100000_cluster_labels.csv,8,2,5,1,1.5,7310156.790495641
fuzzy-cmeans,manual,2,0.730999947,1.3351574155449288,0.6675787077724644,4899683.652187993,pass,dynamic_64,paper_2d_100000_k8_it5_r1_m1p5,D:\AutoCluster-OMP\datasets\paper_gaussian\paper_2d_100000.csv,D:\AutoCluster-OMP\datasets\paper_gaussian\paper_2d_100000_cluster_labels.csv,8,2,5,1,1.5,7310156.790495641
fuzzy-cmeans,manual,4,0.552999973,1.7649187118495573,0.4412296779623893,4899683.652187993,pass,dynamic_64,paper_2d_100000_k8_it5_r1_m1p5,D:\AutoCluster-OMP\datasets\paper_gaussian\paper_2d_100000.csv,D:\AutoCluster-OMP\datasets\paper_gaussian\paper_2d_100000_cluster_labels.csv,8,2,5,1,1.5,7310156.790495641
fuzzy-cmeans,manual,8,0.483999968,2.01652905894407,0.25206613236800873,4899683.652187993,pass,dynamic_64,paper_2d_100000_k8_it5_r1_m1p5,D:\AutoCluster-OMP\datasets\paper_gaussian\paper_2d_100000.csv,D:\AutoCluster-OMP\datasets\paper_gaussian\paper_2d_100000_cluster_labels.csv,8,2,5,1,1.5,7310156.790495641
fuzzy-cmeans,auto,1,1.052000046,0.927756613425091,0.927756613425091,4899683.652187993,pass,dynamic_64,paper_2d_100000_k8_it5_r1_m1p5,D:\AutoCluster-OMP\datasets\paper_gaussian\paper_2d_100000.csv,D:\AutoCluster-OMP\datasets\paper_gaussian\paper_2d_100000_cluster_labels.csv,8,2,5,1,1.5,7310156.790495641
fuzzy-cmeans,auto,2,0.739000082,1.3207035070396649,0.6603517535198324,4899683.652187993,pass,dynamic_64,paper_2d_100000_k8_it5_r1_m1p5,D:\AutoCluster-OMP\datasets\paper_gaussian\paper_2d_100000.csv,D:\AutoCluster-OMP\datasets\paper_gaussian\paper_2d_100000_cluster_labels.csv,8,2,5,1,1.5,7310156.790495641
fuzzy-cmeans,auto,4,0.565000057,1.7274334540465364,0.4318583635116341,4899683.652187993,pass,dynamic_64,paper_2d_100000_k8_it5_r1_m1p5,D:\AutoCluster-OMP\datasets\paper_gaussian\paper_2d_100000.csv,D:\AutoCluster-OMP\datasets\paper_gaussian\paper_2d_100000_cluster_labels.csv,8,2,5,1,1.5,7310156.790495641
fuzzy-cmeans,auto,8,0.475999832,2.0504208917451887,0.2563026114681486,4899683.652187993,pass,dynamic_64,paper_2d_100000_k8_it5_r1_m1p5,D:\AutoCluster-OMP\datasets\paper_gaussian\paper_2d_100000.csv,D:\AutoCluster-OMP\datasets\paper_gaussian\paper_2d_100000_cluster_labels.csv,8,2,5,1,1.5,7310156.790495641
fuzzy-cmeans,sequential,1,0.765,1.0,1.0,4899864.591803282,reference,dynamic_64,paper_2d_100000_k8_it5_r1_m2p0,D:\AutoCluster-OMP\datasets\paper_gaussian\paper_2d_100000.csv,D:\AutoCluster-OMP\datasets\paper_gaussian\paper_2d_100000_cluster_labels.csv,8,2,5,1,2.0,2686651.71409393
fuzzy-cmeans,manual,1,0.808000088,0.9467820751029423,0.9467820751029423,4899864.591803282,pass,dynamic_64,paper_2d_100000_k8_it5_r1_m2p0,D:\AutoCluster-OMP\datasets\paper_gaussian\paper_2d_100000.csv,D:\AutoCluster-OMP\datasets\paper_gaussian\paper_2d_100000_cluster_labels.csv,8,2,5,1,2.0,2686651.71409393
fuzzy-cmeans,manual,2,0.463000059,1.6522676080263738,0.8261338040131869,4899864.591803282,pass,dynamic_64,paper_2d_100000_k8_it5_r1_m2p0,D:\AutoCluster-OMP\datasets\paper_gaussian\paper_2d_100000.csv,D:\AutoCluster-OMP\datasets\paper_gaussian\paper_2d_100000_cluster_labels.csv,8,2,5,1,2.0,2686651.71409393
fuzzy-cmeans,manual,4,0.299999952,2.550000408000065,0.6375001020000163,4899864.591803282,pass,dynamic_64,paper_2d_100000_k8_it5_r1_m2p0,D:\AutoCluster-OMP\datasets\paper_gaussian\paper_2d_100000.csv,D:\AutoCluster-OMP\datasets\paper_gaussian\paper_2d_100000_cluster_labels.csv,8,2,5,1,2.0,2686651.71409393
fuzzy-cmeans,manual,8,0.225999832,3.3849582684645534,0.4231197835580692,4899864.591803282,pass,dynamic_64,paper_2d_100000_k8_it5_r1_m2p0,D:\AutoCluster-OMP\datasets\paper_gaussian\paper_2d_100000.csv,D:\AutoCluster-OMP\datasets\paper_gaussian\paper_2d_100000_cluster_labels.csv,8,2,5,1,2.0,2686651.71409393
fuzzy-cmeans,auto,1,0.763999939,1.0013089804710051,1.0013089804710051,4899864.591803282,pass,dynamic_64,paper_2d_100000_k8_it5_r1_m2p0,D:\AutoCluster-OMP\datasets\paper_gaussian\paper_2d_100000.csv,D:\AutoCluster-OMP\datasets\paper_gaussian\paper_2d_100000_cluster_labels.csv,8,2,5,1,2.0,2686651.71409393
fuzzy-cmeans,auto,2,0.429999828,1.7790704790700522,0.8895352395350261,4899864.591803282,pass,dynamic_64,paper_2d_100000_k8_it5_r1_m2p0,D:\AutoCluster-OMP\datasets\paper_gaussian\paper_2d_100000.csv,D:\AutoCluster-OMP\datasets\paper_gaussian\paper_2d_100000_cluster_labels.csv,8,2,5,1,2.0,2686651.71409393
fuzzy-cmeans,auto,4,0.272000074,2.812499234834767,0.7031248087086918,4899864.591803282,pass,dynamic_64,paper_2d_100000_k8_it5_r1_m2p0,D:\AutoCluster-OMP\datasets\paper_gaussian\paper_2d_100000.csv,D:\AutoCluster-OMP\datasets\paper_gaussian\paper_2d_100000_cluster_labels.csv,8,2,5,1,2.0,2686651.71409393
fuzzy-cmeans,auto,8,0.217999935,3.509175358240359,0.4386469197800449,4899864.591803282,pass,dynamic_64,paper_2d_100000_k8_it5_r1_m2p0,D:\AutoCluster-OMP\datasets\paper_gaussian\paper_2d_100000.csv,D:\AutoCluster-OMP\datasets\paper_gaussian\paper_2d_100000_cluster_labels.csv,8,2,5,1,2.0,2686651.71409393
fuzzy-cmeans,sequential,1,3.366,1.0,1.0,4899860.048063631,reference,dynamic_64,paper_2d_100000_k8_it5_r1_m2p5,D:\AutoCluster-OMP\datasets\paper_gaussian\paper_2d_100000.csv,D:\AutoCluster-OMP\datasets\paper_gaussian\paper_2d_100000_cluster_labels.csv,8,2,5,1,2.5,950853.547374788
fuzzy-cmeans,manual,1,3.325000048,1.0123308124535702,1.0123308124535702,4899860.048063631,pass,dynamic_64,paper_2d_100000_k8_it5_r1_m2p5,D:\AutoCluster-OMP\datasets\paper_gaussian\paper_2d_100000.csv,D:\AutoCluster-OMP\datasets\paper_gaussian\paper_2d_100000_cluster_labels.csv,8,2,5,1,2.5,950853.547374788
fuzzy-cmeans,manual,2,1.868000031,1.8019271649573116,0.9009635824786558,4899860.048063631,pass,dynamic_64,paper_2d_100000_k8_it5_r1_m2p5,D:\AutoCluster-OMP\datasets\paper_gaussian\paper_2d_100000.csv,D:\AutoCluster-OMP\datasets\paper_gaussian\paper_2d_100000_cluster_labels.csv,8,2,5,1,2.5,950853.547374788
fuzzy-cmeans,manual,4,1.128000021,2.9840424976375064,0.7460106244093766,4899860.048063631,pass,dynamic_64,paper_2d_100000_k8_it5_r1_m2p5,D:\AutoCluster-OMP\datasets\paper_gaussian\paper_2d_100000.csv,D:\AutoCluster-OMP\datasets\paper_gaussian\paper_2d_100000_cluster_labels.csv,8,2,5,1,2.5,950853.547374788
fuzzy-cmeans,manual,8,0.770999908,4.365759275810445,0.5457199094763057,4899860.048063631,pass,dynamic_64,paper_2d_100000_k8_it5_r1_m2p5,D:\AutoCluster-OMP\datasets\paper_gaussian\paper_2d_100000.csv,D:\AutoCluster-OMP\datasets\paper_gaussian\paper_2d_100000_cluster_labels.csv,8,2,5,1,2.5,950853.547374788
fuzzy-cmeans,auto,1,3.268000126,1.0299877203860304,1.0299877203860304,4899860.048063631,pass,dynamic_64,paper_2d_100000_k8_it5_r1_m2p5,D:\AutoCluster-OMP\datasets\paper_gaussian\paper_2d_100000.csv,D:\AutoCluster-OMP\datasets\paper_gaussian\paper_2d_100000_cluster_labels.csv,8,2,5,1,2.5,950853.547374788
fuzzy-cmeans,auto,2,1.869999886,1.800000109732627,0.9000000548663135,4899860.048063631,pass,dynamic_64,paper_2d_100000_k8_it5_r1_m2p5,D:\AutoCluster-OMP\datasets\paper_gaussian\paper_2d_100000.csv,D:\AutoCluster-OMP\datasets\paper_gaussian\paper_2d_100000_cluster_labels.csv,8,2,5,1,2.5,950853.547374788
fuzzy-cmeans,auto,4,1.109999895,3.0324327192841762,0.7581081798210441,4899860.048063631,pass,dynamic_64,paper_2d_100000_k8_it5_r1_m2p5,D:\AutoCluster-OMP\datasets\paper_gaussian\paper_2d_100000.csv,D:\AutoCluster-OMP\datasets\paper_gaussian\paper_2d_100000_cluster_labels.csv,8,2,5,1,2.5,950853.547374788
fuzzy-cmeans,auto,8,0.748999834,4.493992985317537,0.5617491231646922,4899860.048063631,pass,dynamic_64,paper_2d_100000_k8_it5_r1_m2p5,D:\AutoCluster-OMP\datasets\paper_gaussian\paper_2d_100000.csv,D:\AutoCluster-OMP\datasets\paper_gaussian\paper_2d_100000_cluster_labels.csv,8,2,5,1,2.5,950853.547374788
fuzzy-cmeans,sequential,1,2.952,1.0,1.0,4903689.836977277,reference,dynamic_64,paper_2d_100000_k8_it15_r1_m1p5,D:\AutoCluster-OMP\datasets\paper_gaussian\paper_2d_100000.csv,D:\AutoCluster-OMP\datasets\paper_gaussian\paper_2d_100000_cluster_labels.csv,8,2,15,1,1.5,318668.069420413
fuzzy-cmeans,manual,1,2.972000122,0.993270484125505,0.993270484125505,4903689.836977277,pass,dynamic_64,paper_2d_100000_k8_it15_r1_m1p5,D:\AutoCluster-OMP\datasets\paper_gaussian\paper_2d_100000.csv,D:\AutoCluster-OMP\datasets\paper_gaussian\paper_2d_100000_cluster_labels.csv,8,2,15,1,1.5,318668.069420413
fuzzy-cmeans,manual,2,2.004000187,1.473053754759954,0.736526877379977,4903689.836977277,pass,dynamic_64,paper_2d_100000_k8_it15_r1_m1p5,D:\AutoCluster-OMP\datasets\paper_gaussian\paper_2d_100000.csv,D:\AutoCluster-OMP\datasets\paper_gaussian\paper_2d_100000_cluster_labels.csv,8,2,15,1,1.5,318668.069420413
fuzzy-cmeans,manual,4,1.560000181,1.8923074727515048,0.4730768681878762,4903689.836977277,pass,dynamic_64,paper_2d_100000_k8_it15_r1_m1p5,D:\AutoCluster-OMP\datasets\paper_gaussian\paper_2d_100000.csv,D:\AutoCluster-OMP\datasets\paper_gaussian\paper_2d_100000_cluster_labels.csv,8,2,15,1,1.5,318668.069420413
fuzzy-cmeans,manual,8,1.325000048,2.227924447592171,0.2784905559490214,4903689.836977277,pass,dynamic_64,paper_2d_100000_k8_it15_r1_m1p5,D:\AutoCluster-OMP\datasets\paper_gaussian\paper_2d_100000.csv,D:\AutoCluster-OMP\datasets\paper_gaussian\paper_2d_100000_cluster_labels.csv,8,2,15,1,1.5,318668.069420413
fuzzy-cmeans,auto,1,2.890000105,1.0214532500856086,1.0214532500856086,4903689.836977277,pass,dynamic_64,paper_2d_100000_k8_it15_r1_m1p5,D:\AutoCluster-OMP\datasets\paper_gaussian\paper_2d_100000.csv,D:\AutoCluster-OMP\datasets\paper_gaussian\paper_2d_100000_cluster_labels.csv,8,2,15,1,1.5,318668.069420413
fuzzy-cmeans,auto,2,1.981999874,1.4894047364606442,0.7447023682303221,4903689.836977277,pass,dynamic_64,paper_2d_100000_k8_it15_r1_m1p5,D:\AutoCluster-OMP\datasets\paper_gaussian\paper_2d_100000.csv,D:\AutoCluster-OMP\datasets\paper_gaussian\paper_2d_100000_cluster_labels.csv,8,2,15,1,1.5,318668.069420413
fuzzy-cmeans,auto,4,1.493999958,1.9759036700053239,0.49397591750133096,4903689.836977277,pass,dynamic_64,paper_2d_100000_k8_it15_r1_m1p5,D:\AutoCluster-OMP\datasets\paper_gaussian\paper_2d_100000.csv,D:\AutoCluster-OMP\datasets\paper_gaussian\paper_2d_100000_cluster_labels.csv,8,2,15,1,1.5,318668.069420413
fuzzy-cmeans,auto,8,1.295000076,2.2795365457569288,0.2849420682196161,4903689.836977277,pass,dynamic_64,paper_2d_100000_k8_it15_r1_m1p5,D:\AutoCluster-OMP\datasets\paper_gaussian\paper_2d_100000.csv,D:\AutoCluster-OMP\datasets\paper_gaussian\paper_2d_100000_cluster_labels.csv,8,2,15,1,1.5,318668.069420413
fuzzy-cmeans,sequential,1,2.248,1.0,1.0,4903678.946155452,reference,dynamic_64,paper_2d_100000_k8_it15_r1_m2p0,D:\AutoCluster-OMP\datasets\paper_gaussian\paper_2d_100000.csv,D:\AutoCluster-OMP\datasets\paper_gaussian\paper_2d_100000_cluster_labels.csv,8,2,15,1,2.0,278410.226744622
fuzzy-cmeans,manual,1,2.22300005,1.0112460411325677,1.0112460411325677,4903678.946155452,pass,dynamic_64,paper_2d_100000_k8_it15_r1_m2p0,D:\AutoCluster-OMP\datasets\paper_gaussian\paper_2d_100000.csv,D:\AutoCluster-OMP\datasets\paper_gaussian\paper_2d_100000_cluster_labels.csv,8,2,15,1,2.0,278410.226744622
fuzzy-cmeans,manual,2,1.2900002,1.7426353887386996,0.8713176943693498,4903678.946155452,pass,dynamic_64,paper_2d_100000_k8_it15_r1_m2p0,D:\AutoCluster-OMP\datasets\paper_gaussian\paper_2d_100000.csv,D:\AutoCluster-OMP\datasets\paper_gaussian\paper_2d_100000_cluster_labels.csv,8,2,15,1,2.0,278410.226744622
fuzzy-cmeans,manual,4,0.854999781,2.6292404395364404,0.6573101098841101,4903678.946155452,pass,dynamic_64,paper_2d_100000_k8_it15_r1_m2p0,D:\AutoCluster-OMP\datasets\paper_gaussian\paper_2d_100000.csv,D:\AutoCluster-OMP\datasets\paper_gaussian\paper_2d_100000_cluster_labels.csv,8,2,15,1,2.0,278410.226744622
fuzzy-cmeans,manual,8,0.673999786,3.3353126316868003,0.41691407896085003,4903678.946155452,pass,dynamic_64,paper_2d_100000_k8_it15_r1_m2p0,D:\AutoCluster-OMP\datasets\paper_gaussian\paper_2d_100000.csv,D:\AutoCluster-OMP\datasets\paper_gaussian\paper_2d_100000_cluster_labels.csv,8,2,15,1,2.0,278410.226744622
fuzzy-cmeans,auto,1,2.370999813,0.948123229565181,0.948123229565181,4903678.946155452,pass,dynamic_64,paper_2d_100000_k8_it15_r1_m2p0,D:\AutoCluster-OMP\datasets\paper_gaussian\paper_2d_100000.csv,D:\AutoCluster-OMP\datasets\paper_gaussian\paper_2d_100000_cluster_labels.csv,8,2,15,1,2.0,278410.226744622
fuzzy-cmeans,auto,2,1.279999971,1.75625003979004,0.87812501989502,4903678.946155452,pass,dynamic_64,paper_2d_100000_k8_it15_r1_m2p0,D:\AutoCluster-OMP\datasets\paper_gaussian\paper_2d_100000.csv,D:\AutoCluster-OMP\datasets\paper_gaussian\paper_2d_100000_cluster_labels.csv,8,2,15,1,2.0,278410.226744622
fuzzy-cmeans,auto,4,0.815999985,2.754902011425895,0.6887255028564737,4903678.946155452,pass,dynamic_64,paper_2d_100000_k8_it15_r1_m2p0,D:\AutoCluster-OMP\datasets\paper_gaussian\paper_2d_100000.csv,D:\AutoCluster-OMP\datasets\paper_gaussian\paper_2d_100000_cluster_labels.csv,8,2,15,1,2.0,278410.226744622
fuzzy-cmeans,auto,8,0.60800004,3.6973681778047256,0.4621710222255907,4903678.946155452,pass,dynamic_64,paper_2d_100000_k8_it15_r1_m2p0,D:\AutoCluster-OMP\datasets\paper_gaussian\paper_2d_100000.csv,D:\AutoCluster-OMP\datasets\paper_gaussian\paper_2d_100000_cluster_labels.csv,8,2,15,1,2.0,278410.226744622
fuzzy-cmeans,sequential,1,9.361,1.0,1.0,4898949.56342204,reference,dynamic_64,paper_2d_100000_k8_it15_r1_m2p5,D:\AutoCluster-OMP\datasets\paper_gaussian\paper_2d_100000.csv,D:\AutoCluster-OMP\datasets\paper_gaussian\paper_2d_100000_cluster_labels.csv,8,2,15,1,2.5,684041.711054319
fuzzy-cmeans,manual,1,9.233999968,1.0137535231145889,1.0137535231145889,4898949.56342204,pass,dynamic_64,paper_2d_100000_k8_it15_r1_m2p5,D:\AutoCluster-OMP\datasets\paper_gaussian\paper_2d_100000.csv,D:\AutoCluster-OMP\datasets\paper_gaussian\paper_2d_100000_cluster_labels.csv,8,2,15,1,2.5,684041.711054319
fuzzy-cmeans,manual,2,5.205000162,1.7984629603552356,0.8992314801776178,4898949.56342204,pass,dynamic_64,paper_2d_100000_k8_it15_r1_m2p5,D:\AutoCluster-OMP\datasets\paper_gaussian\paper_2d_100000.csv,D:\AutoCluster-OMP\datasets\paper_gaussian\paper_2d_100000_cluster_labels.csv,8,2,15,1,2.5,684041.711054319
fuzzy-cmeans,manual,4,3.180000067,2.9437106298023235,0.7359276574505809,4898949.56342204,pass,dynamic_64,paper_2d_100000_k8_it15_r1_m2p5,D:\AutoCluster-OMP\datasets\paper_gaussian\paper_2d_100000.csv,D:\AutoCluster-OMP\datasets\paper_gaussian\paper_2d_100000_cluster_labels.csv,8,2,15,1,2.5,684041.711054319
fuzzy-cmeans,manual,8,2.139999866,4.374299339325286,0.5467874174156607,4898949.56342204,pass,dynamic_64,paper_2d_100000_k8_it15_r1_m2p5,D:\AutoCluster-OMP\datasets\paper_gaussian\paper_2d_100000.csv,D:\AutoCluster-OMP\datasets\paper_gaussian\paper_2d_100000_cluster_labels.csv,8,2,15,1,2.5,684041.711054319
fuzzy-cmeans,auto,1,9.236000061,1.0135339907074954,1.0135339907074954,4898949.56342204,pass,dynamic_64,paper_2d_100000_k8_it15_r1_m2p5,D:\AutoCluster-OMP\datasets\paper_gaussian\paper_2d_100000.csv,D:\AutoCluster-OMP\datasets\paper_gaussian\paper_2d_100000_cluster_labels.csv,8,2,15,1,2.5,684041.711054319
fuzzy-cmeans,auto,2,5.414000034,1.7290358221671192,0.8645179110835596,4898949.56342204,pass,dynamic_64,paper_2d_100000_k8_it15_r1_m2p5,D:\AutoCluster-OMP\datasets\paper_gaussian\paper_2d_100000.csv,D:\AutoCluster-OMP\datasets\paper_gaussian\paper_2d_100000_cluster_labels.csv,8,2,15,1,2.5,684041.711054319
fuzzy-cmeans,auto,4,3.202000141,2.9234851929383474,0.7308712982345869,4898949.56342204,pass,dynamic_64,paper_2d_100000_k8_it15_r1_m2p5,D:\AutoCluster-OMP\datasets\paper_gaussian\paper_2d_100000.csv,D:\AutoCluster-OMP\datasets\paper_gaussian\paper_2d_100000_cluster_labels.csv,8,2,15,1,2.5,684041.711054319
fuzzy-cmeans,auto,8,2.131000042,4.392773259269602,0.5490966574087003,4898949.56342204,pass,dynamic_64,paper_2d_100000_k8_it15_r1_m2p5,D:\AutoCluster-OMP\datasets\paper_gaussian\paper_2d_100000.csv,D:\AutoCluster-OMP\datasets\paper_gaussian\paper_2d_100000_cluster_labels.csv,8,2,15,1,2.5,684041.711054319
fuzzy-cmeans,sequential,1,5.833,1.0,1.0,4903689.836976154,reference,dynamic_64,paper_2d_100000_k8_it30_r1_m1p5,D:\AutoCluster-OMP\datasets\paper_gaussian\paper_2d_100000.csv,D:\AutoCluster-OMP\datasets\paper_gaussian\paper_2d_100000_cluster_labels.csv,8,2,30,1,1.5,318668.069420412
fuzzy-cmeans,manual,1,6.030999899,0.9671696398083458,0.9671696398083458,4903689.836976154,pass,dynamic_64,paper_2d_100000_k8_it30_r1_m1p5,D:\AutoCluster-OMP\datasets\paper_gaussian\paper_2d_100000.csv,D:\AutoCluster-OMP\datasets\paper_gaussian\paper_2d_100000_cluster_labels.csv,8,2,30,1,1.5,318668.069420412
fuzzy-cmeans,manual,2,3.936000109,1.4819613410737331,0.7409806705368666,4903689.836976154,pass,dynamic_64,paper_2d_100000_k8_it30_r1_m1p5,D:\AutoCluster-OMP\datasets\paper_gaussian\paper_2d_100000.csv,D:\AutoCluster-OMP\datasets\paper_gaussian\paper_2d_100000_cluster_labels.csv,8,2,30,1,1.5,318668.069420412
fuzzy-cmeans,manual,4,3.154000044,1.849397564561353,0.46234939114033824,4903689.836976154,pass,dynamic_64,paper_2d_100000_k8_it30_r1_m1p5,D:\AutoCluster-OMP\datasets\paper_gaussian\paper_2d_100000.csv,D:\AutoCluster-OMP\datasets\paper_gaussian\paper_2d_100000_cluster_labels.csv,8,2,30,1,1.5,318668.069420412
fuzzy-cmeans,manual,8,2.756000042,2.116473117238073,0.26455913965475913,4903689.836976154,pass,dynamic_64,paper_2d_100000_k8_it30_r1_m1p5,D:\AutoCluster-OMP\datasets\paper_gaussian\paper_2d_100000.csv,D:\AutoCluster-OMP\datasets\paper_gaussian\paper_2d_100000_cluster_labels.csv,8,2,30,1,1.5,318668.069420412
fuzzy-cmeans,auto,1,5.850999832,0.9969236314276483,0.9969236314276483,4903689.836976154,pass,dynamic_64,paper_2d_100000_k8_it30_r1_m1p5,D:\AutoCluster-OMP\datasets\paper_gaussian\paper_2d_100000.csv,D:\AutoCluster-OMP\datasets\paper_gaussian\paper_2d_100000_cluster_labels.csv,8,2,30,1,1.5,318668.069420412
fuzzy-cmeans,auto,2,3.955999851,1.4744692163033148,0.7372346081516574,4903689.836976154,pass,dynamic_64,paper_2d_100000_k8_it30_r1_m1p5,D:\AutoCluster-OMP\datasets\paper_gaussian\paper_2d_100000.csv,D:\AutoCluster-OMP\datasets\paper_gaussian\paper_2d_100000_cluster_labels.csv,8,2,30,1,1.5,318668.069420412
fuzzy-cmeans,auto,4,2.996000051,1.9469292058433278,0.48673230146083196,4903689.836976154,pass,dynamic_64,paper_2d_100000_k8_it30_r1_m1p5,D:\AutoCluster-OMP\datasets\paper_gaussian\paper_2d_100000.csv,D:\AutoCluster-OMP\datasets\paper_gaussian\paper_2d_100000_cluster_labels.csv,8,2,30,1,1.5,318668.069420412
fuzzy-cmeans,auto,8,2.639000177,2.2103067861976884,0.27628834827471105,4903689.836976154,pass,dynamic_64,paper_2d_100000_k8_it30_r1_m1p5,D:\AutoCluster-OMP\datasets\paper_gaussian\paper_2d_100000.csv,D:\AutoCluster-OMP\datasets\paper_gaussian\paper_2d_100000_cluster_labels.csv,8,2,30,1,1.5,318668.069420412
fuzzy-cmeans,sequential,1,4.49,1.0,1.0,4903688.411811251,reference,dynamic_64,paper_2d_100000_k8_it30_r1_m2p0,D:\AutoCluster-OMP\datasets\paper_gaussian\paper_2d_100000.csv,D:\AutoCluster-OMP\datasets\paper_gaussian\paper_2d_100000_cluster_labels.csv,8,2,30,1,2.0,278184.278587808
fuzzy-cmeans,manual,1,4.476000071,1.0031277767600377,1.0031277767600377,4903688.411811251,pass,dynamic_64,paper_2d_100000_k8_it30_r1_m2p0,D:\AutoCluster-OMP\datasets\paper_gaussian\paper_2d_100000.csv,D:\AutoCluster-OMP\datasets\paper_gaussian\paper_2d_100000_cluster_labels.csv,8,2,30,1,2.0,278184.278587808
fuzzy-cmeans,manual,2,2.638999939,1.701402085557229,0.8507010427786145,4903688.411811251,pass,dynamic_64,paper_2d_100000_k8_it30_r1_m2p0,D:\AutoCluster-OMP\datasets\paper_gaussian\paper_2d_100000.csv,D:\AutoCluster-OMP\datasets\paper_gaussian\paper_2d_100000_cluster_labels.csv,8,2,30,1,2.0,278184.278587808
fuzzy-cmeans,manual,4,1.763999939,2.545351561942429,0.6363378904856073,4903688.411811251,pass,dynamic_64,paper_2d_100000_k8_it30_r1_m2p0,D:\AutoCluster-OMP\datasets\paper_gaussian\paper_2d_100000.csv,D:\AutoCluster-OMP\datasets\paper_gaussian\paper_2d_100000_cluster_labels.csv,8,2,30,1,2.0,278184.278587808
fuzzy-cmeans,manual,8,1.269000053,3.538218922359651,0.44227736529495637,4903688.411811251,pass,dynamic_64,paper_2d_100000_k8_it30_r1_m2p0,D:\AutoCluster-OMP\datasets\paper_gaussian\paper_2d_100000.csv,D:\AutoCluster-OMP\datasets\paper_gaussian\paper_2d_100000_cluster_labels.csv,8,2,30,1,2.0,278184.278587808
fuzzy-cmeans,auto,1,4.5,0.9977777777777779,0.9977777777777779,4903688.411811251,pass,dynamic_64,paper_2d_100000_k8_it30_r1_m2p0,D:\AutoCluster-OMP\datasets\paper_gaussian\paper_2d_100000.csv,D:\AutoCluster-OMP\datasets\paper_gaussian\paper_2d_100000_cluster_labels.csv,8,2,30,1,2.0,278184.278587808
fuzzy-cmeans,auto,2,2.582999945,1.7382888484730494,0.8691444242365247,4903688.411811251,pass,dynamic_64,paper_2d_100000_k8_it30_r1_m2p0,D:\AutoCluster-OMP\datasets\paper_gaussian\paper_2d_100000.csv,D:\AutoCluster-OMP\datasets\paper_gaussian\paper_2d_100000_cluster_labels.csv,8,2,30,1,2.0,278184.278587808
fuzzy-cmeans,auto,4,1.618000031,2.7750308491804967,0.6937577122951242,4903688.411811251,pass,dynamic_64,paper_2d_100000_k8_it30_r1_m2p0,D:\AutoCluster-OMP\datasets\paper_gaussian\paper_2d_100000.csv,D:\AutoCluster-OMP\datasets\paper_gaussian\paper_2d_100000_cluster_labels.csv,8,2,30,1,2.0,278184.278587808
fuzzy-cmeans,auto,8,1.208999872,3.7138134618429475,0.46422668273036843,4903688.411811251,pass,dynamic_64,paper_2d_100000_k8_it30_r1_m2p0,D:\AutoCluster-OMP\datasets\paper_gaussian\paper_2d_100000.csv,D:\AutoCluster-OMP\datasets\paper_gaussian\paper_2d_100000_cluster_labels.csv,8,2,30,1,2.0,278184.278587808
fuzzy-cmeans,sequential,1,17.35,1.0,1.0,4901830.303819842,reference,dynamic_64,paper_2d_100000_k8_it30_r1_m2p5,D:\AutoCluster-OMP\datasets\paper_gaussian\paper_2d_100000.csv,D:\AutoCluster-OMP\datasets\paper_gaussian\paper_2d_100000_cluster_labels.csv,8,2,30,1,2.5,182945.592705848
fuzzy-cmeans,manual,1,17.763999939,0.976694441543479,0.976694441543479,4901830.303819842,pass,dynamic_64,paper_2d_100000_k8_it30_r1_m2p5,D:\AutoCluster-OMP\datasets\paper_gaussian\paper_2d_100000.csv,D:\AutoCluster-OMP\datasets\paper_gaussian\paper_2d_100000_cluster_labels.csv,8,2,30,1,2.5,182945.592705848
fuzzy-cmeans,manual,2,9.851999998,1.7610637437598589,0.8805318718799294,4901830.303819842,pass,dynamic_64,paper_2d_100000_k8_it30_r1_m2p5,D:\AutoCluster-OMP\datasets\paper_gaussian\paper_2d_100000.csv,D:\AutoCluster-OMP\datasets\paper_gaussian\paper_2d_100000_cluster_labels.csv,8,2,30,1,2.5,182945.592705848
fuzzy-cmeans,manual,4,5.965999842,2.908146238599917,0.7270365596499793,4901830.303819842,pass,dynamic_64,paper_2d_100000_k8_it30_r1_m2p5,D:\AutoCluster-OMP\datasets\paper_gaussian\paper_2d_100000.csv,D:\AutoCluster-OMP\datasets\paper_gaussian\paper_2d_100000_cluster_labels.csv,8,2,30,1,2.5,182945.592705848
fuzzy-cmeans,manual,8,4.164000034,4.166666632644893,0.5208333290806116,4901830.303819842,pass,dynamic_64,paper_2d_100000_k8_it30_r1_m2p5,D:\AutoCluster-OMP\datasets\paper_gaussian\paper_2d_100000.csv,D:\AutoCluster-OMP\datasets\paper_gaussian\paper_2d_100000_cluster_labels.csv,8,2,30,1,2.5,182945.592705848
fuzzy-cmeans,auto,1,17.328000069,1.0012696174349258,1.0012696174349258,4901830.303819842,pass,dynamic_64,paper_2d_100000_k8_it30_r1_m2p5,D:\AutoCluster-OMP\datasets\paper_gaussian\paper_2d_100000.csv,D:\AutoCluster-OMP\datasets\paper_gaussian\paper_2d_100000_cluster_labels.csv,8,2,30,1,2.5,182945.592705848
fuzzy-cmeans,auto,2,9.800000191,1.770408128760413,0.8852040643802065,4901830.303819842,pass,dynamic_64,paper_2d_100000_k8_it30_r1_m2p5,D:\AutoCluster-OMP\datasets\paper_gaussian\paper_2d_100000.csv,D:\AutoCluster-OMP\datasets\paper_gaussian\paper_2d_100000_cluster_labels.csv,8,2,30,1,2.5,182945.592705848
fuzzy-cmeans,auto,4,5.866999865,2.9572184079128148,0.7393046019782037,4901830.303819842,pass,dynamic_64,paper_2d_100000_k8_it30_r1_m2p5,D:\AutoCluster-OMP\datasets\paper_gaussian\paper_2d_100000.csv,D:\AutoCluster-OMP\datasets\paper_gaussian\paper_2d_100000_cluster_labels.csv,8,2,30,1,2.5,182945.592705848
fuzzy-cmeans,auto,8,4.080999851,4.25140912361185,0.5314261404514813,4901830.303819842,pass,dynamic_64,paper_2d_100000_k8_it30_r1_m2p5,D:\AutoCluster-OMP\datasets\paper_gaussian\paper_2d_100000.csv,D:\AutoCluster-OMP\datasets\paper_gaussian\paper_2d_100000_cluster_labels.csv,8,2,30,1,2.5,182945.592705848
fuzzy-cmeans,sequential,1,1.997,1.0,1.0,9800716.613931887,reference,dynamic_64,paper_2d_200000_k8_it5_r1_m1p5,D:\AutoCluster-OMP\datasets\paper_gaussian\paper_2d_200000.csv,D:\AutoCluster-OMP\datasets\paper_gaussian\paper_2d_200000_cluster_labels.csv,8,2,5,1,1.5,14424699.81258712
fuzzy-cmeans,manual,1,2.063999891,0.9675388107857221,0.9675388107857221,9800716.613931887,pass,dynamic_64,paper_2d_200000_k8_it5_r1_m1p5,D:\AutoCluster-OMP\datasets\paper_gaussian\paper_2d_200000.csv,D:\AutoCluster-OMP\datasets\paper_gaussian\paper_2d_200000_cluster_labels.csv,8,2,5,1,1.5,14424699.81258712
fuzzy-cmeans,manual,2,1.35800004,1.470544875683509,0.7352724378417544,9800716.613931887,pass,dynamic_64,paper_2d_200000_k8_it5_r1_m1p5,D:\AutoCluster-OMP\datasets\paper_gaussian\paper_2d_200000.csv,D:\AutoCluster-OMP\datasets\paper_gaussian\paper_2d_200000_cluster_labels.csv,8,2,5,1,1.5,14424699.81258712
fuzzy-cmeans,manual,4,1.086999893,1.837166694182922,0.4592916735457305,9800716.613931887,pass,dynamic_64,paper_2d_200000_k8_it5_r1_m1p5,D:\AutoCluster-OMP\datasets\paper_gaussian\paper_2d_200000.csv,D:\AutoCluster-OMP\datasets\paper_gaussian\paper_2d_200000_cluster_labels.csv,8,2,5,1,1.5,14424699.81258712
fuzzy-cmeans,manual,8,0.944999933,2.1132276630542366,0.2641534578817796,9800716.613931887,pass,dynamic_64,paper_2d_200000_k8_it5_r1_m1p5,D:\AutoCluster-OMP\datasets\paper_gaussian\paper_2d_200000.csv,D:\AutoCluster-OMP\datasets\paper_gaussian\paper_2d_200000_cluster_labels.csv,8,2,5,1,1.5,14424699.81258712
fuzzy-cmeans,auto,1,2.009000063,0.9940268478727272,0.9940268478727272,9800716.613931887,pass,dynamic_64,paper_2d_200000_k8_it5_r1_m1p5,D:\AutoCluster-OMP\datasets\paper_gaussian\paper_2d_200000.csv,D:\AutoCluster-OMP\datasets\paper_gaussian\paper_2d_200000_cluster_labels.csv,8,2,5,1,1.5,14424699.81258712
fuzzy-cmeans,auto,2,1.40899992,1.4173173267461932,0.7086586633730966,9800716.613931887,pass,dynamic_64,paper_2d_200000_k8_it5_r1_m1p5,D:\AutoCluster-OMP\datasets\paper_gaussian\paper_2d_200000.csv,D:\AutoCluster-OMP\datasets\paper_gaussian\paper_2d_200000_cluster_labels.csv,8,2,5,1,1.5,14424699.81258712
fuzzy-cmeans,auto,4,1.082999945,1.843952078871066,0.4609880197177665,9800716.613931887,pass,dynamic_64,paper_2d_200000_k8_it5_r1_m1p5,D:\AutoCluster-OMP\datasets\paper_gaussian\paper_2d_200000.csv,D:\AutoCluster-OMP\datasets\paper_gaussian\paper_2d_200000_cluster_labels.csv,8,2,5,1,1.5,14424699.81258712
fuzzy-cmeans,auto,8,0.943000078,2.1177092627981735,0.2647136578497717,9800716.613931887,pass,dynamic_64,paper_2d_200000_k8_it5_r1_m1p5,D:\AutoCluster-OMP\datasets\paper_gaussian\paper_2d_200000.csv,D:\AutoCluster-OMP\datasets\paper_gaussian\paper_2d_200000_cluster_labels.csv,8,2,5,1,1.5,14424699.81258712
fuzzy-cmeans,sequential,1,1.521,1.0,1.0,9800018.400011387,reference,dynamic_64,paper_2d_200000_k8_it5_r1_m2p0,D:\AutoCluster-OMP\datasets\paper_gaussian\paper_2d_200000.csv,D:\AutoCluster-OMP\datasets\paper_gaussian\paper_2d_200000_cluster_labels.csv,8,2,5,1,2.0,5372266.831606277
fuzzy-cmeans,manual,1,1.549999952,0.9812903529689915,0.9812903529689915,9800018.400011387,pass,dynamic_64,paper_2d_200000_k8_it5_r1_m2p0,D:\AutoCluster-OMP\datasets\paper_gaussian\paper_2d_200000.csv,D:\AutoCluster-OMP\datasets\paper_gaussian\paper_2d_200000_cluster_labels.csv,8,2,5,1,2.0,5372266.831606277
fuzzy-cmeans,manual,2,0.872999907,1.7422682268395706,0.8711341134197853,9800018.400011387,pass,dynamic_64,paper_2d_200000_k8_it5_r1_m2p0,D:\AutoCluster-OMP\datasets\paper_gaussian\paper_2d_200000.csv,D:\AutoCluster-OMP\datasets\paper_gaussian\paper_2d_200000_cluster_labels.csv,8,2,5,1,2.0,5372266.831606277
fuzzy-cmeans,manual,4,0.569999933,2.6684213662881255,0.6671053415720314,9800018.400011387,pass,dynamic_64,paper_2d_200000_k8_it5_r1_m2p0,D:\AutoCluster-OMP\datasets\paper_gaussian\paper_2d_200000.csv,D:\AutoCluster-OMP\datasets\paper_gaussian\paper_2d_200000_cluster_labels.csv,8,2,5,1,2.0,5372266.831606277
fuzzy-cmeans,manual,8,0.443000078,3.4334079733502887,0.4291759966687861,9800018.400011387,pass,dynamic_64,paper_2d_200000_k8_it5_r1_m2p0,D:\AutoCluster-OMP\datasets\paper_gaussian\paper_2d_200000.csv,D:\AutoCluster-OMP\datasets\paper_gaussian\paper_2d_200000_cluster_labels.csv,8,2,5,1,2.0,5372266.831606277
fuzzy-cmeans,auto,1,1.542000055,0.9863812877749865,0.9863812877749865,9800018.400011387,pass,dynamic_64,paper_2d_200000_k8_it5_r1_m2p0,D:\AutoCluster-OMP\datasets\paper_gaussian\paper_2d_200000.csv,D:\AutoCluster-OMP\datasets\paper_gaussian\paper_2d_200000_cluster_labels.csv,8,2,5,1,2.0,5372266.831606277
fuzzy-cmeans,auto,2,0.870000124,1.7482756128894528,0.8741378064447264,9800018.400011387,pass,dynamic_64,paper_2d_200000_k8_it5_r1_m2p0,D:\AutoCluster-OMP\datasets\paper_gaussian\paper_2d_200000.csv,D:\AutoCluster-OMP\datasets\paper_gaussian\paper_2d_200000_cluster_labels.csv,8,2,5,1,2.0,5372266.831606277
fuzzy-cmeans,auto,4,0.544000149,2.7959551165490577,0.6989887791372644,9800018.400011387,pass,dynamic_64,paper_2d_200000_k8_it5_r1_m2p0,D:\AutoCluster-OMP\datasets\paper_gaussian\paper_2d_200000.csv,D:\AutoCluster-OMP\datasets\paper_gaussian\paper_2d_200000_cluster_labels.csv,8,2,5,1,2.0,5372266.831606277
fuzzy-cmeans,auto,8,0.428999901,3.545455363636552,0.443181920454569,9800018.400011387,pass,dynamic_64,paper_2d_200000_k8_it5_r1_m2p0,D:\AutoCluster-OMP\datasets\paper_gaussian\paper_2d_200000.csv,D:\AutoCluster-OMP\datasets\paper_gaussian\paper_2d_200000_cluster_labels.csv,8,2,5,1,2.0,5372266.831606277
fuzzy-cmeans,sequential,1,6.632,1.0,1.0,9799959.07082684,reference,dynamic_64,paper_2d_200000_k8_it5_r1_m2p5,D:\AutoCluster-OMP\datasets\paper_gaussian\paper_2d_200000.csv,D:\AutoCluster-OMP\datasets\paper_gaussian\paper_2d_200000_cluster_labels.csv,8,2,5,1,2.5,1901846.069035282
fuzzy-cmeans,manual,1,6.606999874,1.0037838847399378,1.0037838847399378,9799959.07082684,pass,dynamic_64,paper_2d_200000_k8_it5_r1_m2p5,D:\AutoCluster-OMP\datasets\paper_gaussian\paper_2d_200000.csv,D:\AutoCluster-OMP\datasets\paper_gaussian\paper_2d_200000_cluster_labels.csv,8,2,5,1,2.5,1901846.069035282
fuzzy-cmeans,manual,2,3.711999893,1.7866379825350924,0.8933189912675462,9799959.07082684,pass,dynamic_64,paper_2d_200000_k8_it5_r1_m2p5,D:\AutoCluster-OMP\datasets\paper_gaussian\paper_2d_200000.csv,D:\AutoCluster-OMP\datasets\paper_gaussian\paper_2d_200000_cluster_labels.csv,8,2,5,1,2.5,1901846.069035282
fuzzy-cmeans,manual,4,2.266000032,2.9267431184219856,0.7316857796054964,9799959.07082684,pass,dynamic_64,paper_2d_200000_k8_it5_r1_m2p5,D:\AutoCluster-OMP\datasets\paper_gaussian\paper_2d_200000.csv,D:\AutoCluster-OMP\datasets\paper_gaussian\paper_2d_200000_cluster_labels.csv,8,2,5,1,2.5,1901846.069035282
fuzzy-cmeans,manual,8,1.559999943,4.251282206617362,0.5314102758271703,9799959.07082684,pass,dynamic_64,paper_2d_200000_k8_it5_r1_m2p5,D:\AutoCluster-OMP\datasets\paper_gaussian\paper_2d_200000.csv,D:\AutoCluster-OMP\datasets\paper_gaussian\paper_2d_200000_cluster_labels.csv,8,2,5,1,2.5,1901846.069035282
fuzzy-cmeans,auto,1,6.571999788,1.0091296734533612,1.0091296734533612,9799959.07082684,pass,dynamic_64,paper_2d_200000_k8_it5_r1_m2p5,D:\AutoCluster-OMP\datasets\paper_gaussian\paper_2d_200000.csv,D:\AutoCluster-OMP\datasets\paper_gaussian\paper_2d_200000_cluster_labels.csv,8,2,5,1,2.5,1901846.069035282
fuzzy-cmeans,auto,2,3.596999884,1.8437587472549386,0.9218793736274693,9799959.07082684,pass,dynamic_64,paper_2d_200000_k8_it5_r1_m2p5,D:\AutoCluster-OMP\datasets\paper_gaussian\paper_2d_200000.csv,D:\AutoCluster-OMP\datasets\paper_gaussian\paper_2d_200000_cluster_labels.csv,8,2,5,1,2.5,1901846.069035282
fuzzy-cmeans,auto,4,2.353999853,2.817332376443441,0.7043330941108602,9799959.07082684,pass,dynamic_64,paper_2d_200000_k8_it5_r1_m2p5,D:\AutoCluster-OMP\datasets\paper_gaussian\paper_2d_200000.csv,D:\AutoCluster-OMP\datasets\paper_gaussian\paper_2d_200000_cluster_labels.csv,8,2,5,1,2.5,1901846.069035282
fuzzy-cmeans,auto,8,1.530999899,4.33180956075295,0.5414761950941187,9799959.07082684,pass,dynamic_64,paper_2d_200000_k8_it5_r1_m2p5,D:\AutoCluster-OMP\datasets\paper_gaussian\paper_2d_200000.csv,D:\AutoCluster-OMP\datasets\paper_gaussian\paper_2d_200000_cluster_labels.csv,8,2,5,1,2.5,1901846.069035282
fuzzy-cmeans,sequential,1,5.829,1.0,1.0,9801916.01760902,reference,dynamic_64,paper_2d_200000_k8_it15_r1_m1p5,D:\AutoCluster-OMP\datasets\paper_gaussian\paper_2d_200000.csv,D:\AutoCluster-OMP\datasets\paper_gaussian\paper_2d_200000_cluster_labels.csv,8,2,15,1,1.5,631052.081317194
fuzzy-cmeans,manual,1,5.872999907,0.9925081035762393,0.9925081035762393,9801916.01760902,pass,dynamic_64,paper_2d_200000_k8_it15_r1_m1p5,D:\AutoCluster-OMP\datasets\paper_gaussian\paper_2d_200000.csv,D:\AutoCluster-OMP\datasets\paper_gaussian\paper_2d_200000_cluster_labels.csv,8,2,15,1,1.5,631052.081317194
fuzzy-cmeans,manual,2,3.927000046,1.484339172834326,0.742169586417163,9801916.01760902,pass,dynamic_64,paper_2d_200000_k8_it15_r1_m1p5,D:\AutoCluster-OMP\datasets\paper_gaussian\paper_2d_200000.csv,D:\AutoCluster-OMP\datasets\paper_gaussian\paper_2d_200000_cluster_labels.csv,8,2,15,1,1.5,631052.081317194
fuzzy-cmeans,manual,4,3.065000057,1.901794418139549,0.47544860453488724,9801916.01760902,pass,dynamic_64,paper_2d_200000_k8_it15_r1_m1p5,D:\AutoCluster-OMP\datasets\paper_gaussian\paper_2d_200000.csv,D:\AutoCluster-OMP\datasets\paper_gaussian\paper_2d_200000_cluster_labels.csv,8,2,15,1,1.5,631052.081317194
fuzzy-cmeans,manual,8,2.651000023,2.1987928892598125,0.27484911115747657,9801916.01760902,pass,dynamic_64,paper_2d_200000_k8_it15_r1_m1p5,D:\AutoCluster-OMP\datasets\paper_gaussian\paper_2d_200000.csv,D:\AutoCluster-OMP\datasets\paper_gaussian\paper_2d_200000_cluster_labels.csv,8,2,15,1,1.5,631052.081317194
fuzzy-cmeans,auto,1,5.89199996,0.9893075423578245,0.9893075423578245,9801916.01760902,pass,dynamic_64,paper_2d_200000_k8_it15_r1_m1p5,D:\AutoCluster-OMP\datasets\paper_gaussian\paper_2d_200000.csv,D:\AutoCluster-OMP\datasets\paper_gaussian\paper_2d_200000_cluster_labels.csv,8,2,15,1,1.5,631052.081317194
fuzzy-cmeans,auto,2,3.867000103,1.5073700141559059,0.7536850070779529,9801916.01760902,pass,dynamic_64,paper_2d_200000_k8_it15_r1_m1p5,D:\AutoCluster-OMP\datasets\paper_gaussian\paper_2d_200000.csv,D:\AutoCluster-OMP\datasets\paper_gaussian\paper_2d_200000_cluster_labels.csv,8,2,15,1,1.5,631052.081317194
fuzzy-cmeans,auto,4,2.986000061,1.9521098060687547,0.4880274515171887,9801916.01760902,pass,dynamic_64,paper_2d_200000_k8_it15_r1_m1p5,D:\AutoCluster-OMP\datasets\paper_gaussian\paper_2d_200000.csv,D:\AutoCluster-OMP\datasets\paper_gaussian\paper_2d_200000_cluster_labels.csv,8,2,15,1,1.5,631052.081317194
fuzzy-cmeans,auto,8,2.642000198,2.206282953503397,0.2757853691879246,9801916.01760902,pass,dynamic_64,paper_2d_200000_k8_it15_r1_m1p5,D:\AutoCluster-OMP\datasets\paper_gaussian\paper_2d_200000.csv,D:\AutoCluster-OMP\datasets\paper_gaussian\paper_2d_200000_cluster_labels.csv,8,2,15,1,1.5,631052.081317194
fuzzy-cmeans,sequential,1,4.552,1.0,1.0,9801817.655362343,reference,dynamic_64,paper_2d_200000_k8_it15_r1_m2p0,D:\AutoCluster-OMP\datasets\paper_gaussian\paper_2d_200000.csv,D:\AutoCluster-OMP\datasets\paper_gaussian\paper_2d_200000_cluster_labels.csv,8,2,15,1,2.0,551807.2695158
fuzzy-cmeans,manual,1,4.452000141,1.0224617825320952,1.0224617825320952,9801817.655362343,pass,dynamic_64,paper_2d_200000_k8_it15_r1_m2p0,D:\AutoCluster-OMP\datasets\paper_gaussian\paper_2d_200000.csv,D:\AutoCluster-OMP\datasets\paper_gaussian\paper_2d_200000_cluster_labels.csv,8,2,15,1,2.0,551807.2695158
fuzzy-cmeans,manual,2,2.638999939,1.724895833731961,0.8624479168659805,9801817.655362343,pass,dynamic_64,paper_2d_200000_k8_it15_r1_m2p0,D:\AutoCluster-OMP\datasets\paper_gaussian\paper_2d_200000.csv,D:\AutoCluster-OMP\datasets\paper_gaussian\paper_2d_200000_cluster_labels.csv,8,2,15,1,2.0,551807.2695158
fuzzy-cmeans,manual,4,1.632999897,2.787507830442931,0.6968769576107328,9801817.655362343,pass,dynamic_64,paper_2d_200000_k8_it15_r1_m2p0,D:\AutoCluster-OMP\datasets\paper_gaussian\paper_2d_200000.csv,D:\AutoCluster-OMP\datasets\paper_gaussian\paper_2d_200000_cluster_labels.csv,8,2,15,1,2.0,551807.2695158
fuzzy-cmeans,manual,8,1.246999979,3.650360927552189,0.4562951159440236,9801817.655362343,pass,dynamic_64,paper_2d_200000_k8_it15_r1_m2p0,D:\AutoCluster-OMP\datasets\paper_gaussian\paper_2d_200000.csv,D:\AutoCluster-OMP\datasets\paper_gaussian\paper_2d_200000_cluster_labels.csv,8,2,15,1,2.0,551807.2695158
fuzzy-cmeans,auto,1,4.417999983,1.0303304702389358,1.0303304702389358,9801817.655362343,pass,dynamic_64,paper_2d_200000_k8_it15_r1_m2p0,D:\AutoCluster-OMP\datasets\paper_gaussian\paper_2d_200000.csv,D:\AutoCluster-OMP\datasets\paper_gaussian\paper_2d_200000_cluster_labels.csv,8,2,15,1,2.0,551807.2695158
fuzzy-cmeans,auto,2,2.56799984,1.7725857802234128,0.8862928901117064,9801817.655362343,pass,dynamic_64,paper_2d_200000_k8_it15_r1_m2p0,D:\AutoCluster-OMP\datasets\paper_gaussian\paper_2d_200000.csv,D:\AutoCluster-OMP\datasets\paper_gaussian\paper_2d_200000_cluster_labels.csv,8,2,15,1,2.0,551807.2695158
fuzzy-cmeans,auto,4,1.595999956,2.8521304044446976,0.7130326011111744,9801817.655362343,pass,dynamic_64,paper_2d_200000_k8_it15_r1_m2p0,D:\AutoCluster-OMP\datasets\paper_gaussian\paper_2d_200000.csv,D:\AutoCluster-OMP\datasets\paper_gaussian\paper_2d_200000_cluster_labels.csv,8,2,15,1,2.0,551807.2695158
fuzzy-cmeans,auto,8,1.215999842,3.743421539030101,0.46792769237876264,9801817.655362343,pass,dynamic_64,paper_2d_200000_k8_it15_r1_m2p0,D:\AutoCluster-OMP\datasets\paper_gaussian\paper_2d_200000.csv,D:\AutoCluster-OMP\datasets\paper_gaussian\paper_2d_200000_cluster_labels.csv,8,2,15,1,2.0,551807.2695158
fuzzy-cmeans,sequential,1,18.49,1.0,1.0,9802077.839728694,reference,dynamic_64,paper_2d_200000_k8_it15_r1_m2p5,D:\AutoCluster-OMP\datasets\paper_gaussian\paper_2d_200000.csv,D:\AutoCluster-OMP\datasets\paper_gaussian\paper_2d_200000_cluster_labels.csv,8,2,15,1,2.5,1036660.005115127
fuzzy-cmeans,manual,1,18.654000044,0.9912083175933758,0.9912083175933758,9802077.839728694,pass,dynamic_64,paper_2d_200000_k8_it15_r1_m2p5,D:\AutoCluster-OMP\datasets\paper_gaussian\paper_2d_200000.csv,D:\AutoCluster-OMP\datasets\paper_gaussian\paper_2d_200000_cluster_labels.csv,8,2,15,1,2.5,1036660.005115127
fuzzy-cmeans,manual,2,10.269000053,1.8005647974067647,0.9002823987033823,9802077.839728694,pass,dynamic_64,paper_2d_200000_k8_it15_r1_m2p5,D:\AutoCluster-OMP\datasets\paper_gaussian\paper_2d_200000.csv,D:\AutoCluster-OMP\datasets\paper_gaussian\paper_2d_200000_cluster_labels.csv,8,2,15,1,2.5,1036660.005115127
fuzzy-cmeans,manual,4,6.23300004,2.966468776085552,0.741617194021388,9802077.839728694,pass,dynamic_64,paper_2d_200000_k8_it15_r1_m2p5,D:\AutoCluster-OMP\datasets\paper_gaussian\paper_2d_200000.csv,D:\AutoCluster-OMP\datasets\paper_gaussian\paper_2d_200000_cluster_labels.csv,8,2,15,1,2.5,1036660.005115127
fuzzy-cmeans,manual,8,4.284999847,4.315052662824518,0.5393815828530647,9802077.839728694,pass,dynamic_64,paper_2d_200000_k8_it15_r1_m2p5,D:\AutoCluster-OMP\datasets\paper_gaussian\paper_2d_200000.csv,D:\AutoCluster-OMP\datasets\paper_gaussian\paper_2d_200000_cluster_labels.csv,8,2,15,1,2.5,1036660.005115127
fuzzy-cmeans,auto,1,18.523000002,0.9982184310318826,0.9982184310318826,9802077.839728694,pass,dynamic_64,paper_2d_200000_k8_it15_r1_m2p5,D:\AutoCluster-OMP\datasets\paper_gaussian\paper_2d_200000.csv,D:\AutoCluster-OMP\datasets\paper_gaussian\paper_2d_200000_cluster_labels.csv,8,2,15,1,2.5,1036660.005115127
fuzzy-cmeans,auto,2,10.167999983,1.8184500423793912,0.9092250211896956,9802077.839728694,pass,dynamic_64,paper_2d_200000_k8_it15_r1_m2p5,D:\AutoCluster-OMP\datasets\paper_gaussian\paper_2d_200000.csv,D:\AutoCluster-OMP\datasets\paper_gaussian\paper_2d_200000_cluster_labels.csv,8,2,15,1,2.5,1036660.005115127
fuzzy-cmeans,auto,4,6.092000008,3.0351280327838106,0.7587820081959527,9802077.839728694,pass,dynamic_64,paper_2d_200000_k8_it15_r1_m2p5,D:\AutoCluster-OMP\datasets\paper_gaussian\paper_2d_200000.csv,D:\AutoCluster-OMP\datasets\paper_gaussian\paper_2d_200000_cluster_labels.csv,8,2,15,1,2.5,1036660.005115127
fuzzy-cmeans,auto,8,4.18599987,4.417104771673105,0.5521380964591381,9802077.839728694,pass,dynamic_64,paper_2d_200000_k8_it15_r1_m2p5,D:\AutoCluster-OMP\datasets\paper_gaussian\paper_2d_200000.csv,D:\AutoCluster-OMP\datasets\paper_gaussian\paper_2d_200000_cluster_labels.csv,8,2,15,1,2.5,1036660.005115127
fuzzy-cmeans,sequential,1,11.583,1.0,1.0,9801916.017609106,reference,dynamic_64,paper_2d_200000_k8_it30_r1_m1p5,D:\AutoCluster-OMP\datasets\paper_gaussian\paper_2d_200000.csv,D:\AutoCluster-OMP\datasets\paper_gaussian\paper_2d_200000_cluster_labels.csv,8,2,30,1,1.5,631052.081317191
fuzzy-cmeans,manual,1,11.50999999,1.0063423119082036,1.0063423119082036,9801916.017609106,pass,dynamic_64,paper_2d_200000_k8_it30_r1_m1p5,D:\AutoCluster-OMP\datasets\paper_gaussian\paper_2d_200000.csv,D:\AutoCluster-OMP\datasets\paper_gaussian\paper_2d_200000_cluster_labels.csv,8,2,30,1,1.5,631052.081317191
fuzzy-cmeans,manual,2,7.753999949,1.4938096564591556,0.7469048282295778,9801916.017609106,pass,dynamic_64,paper_2d_200000_k8_it30_r1_m1p5,D:\AutoCluster-OMP\datasets\paper_gaussian\paper_2d_200000.csv,D:\AutoCluster-OMP\datasets\paper_gaussian\paper_2d_200000_cluster_labels.csv,8,2,30,1,1.5,631052.081317191
fuzzy-cmeans,manual,4,6.117000103,1.893575250116356,0.473393812529089,9801916.017609106,pass,dynamic_64,paper_2d_200000_k8_it30_r1_m1p5,D:\AutoCluster-OMP\datasets\paper_gaussian\paper_2d_200000.csv,D:\AutoCluster-OMP\datasets\paper_gaussian\paper_2d_200000_cluster_labels.csv,8,2,30,1,1.5,631052.081317191
fuzzy-cmeans,manual,8,5.285999775,2.191260025167141,0.27390750314589263,9801916.017609106,pass,dynamic_64,paper_2d_200000_k8_it30_r1_m1p5,D:\AutoCluster-OMP\datasets\paper_gaussian\paper_2d_200000.csv,D:\AutoCluster-OMP\datasets\paper_gaussian\paper_2d_200000_cluster_labels.csv,8,2,30,1,1.5,631052.081317191
fuzzy-cmeans,auto,1,11.809000015,0.9808620531194063,0.9808620531194063,9801916.017609106,pass,dynamic_64,paper_2d_200000_k8_it30_r1_m1p5,D:\AutoCluster-OMP\datasets\paper_gaussian\paper_2d_200000.csv,D:\AutoCluster-OMP\datasets\paper_gaussian\paper_2d_200000_cluster_labels.csv,8,2,30,1,1.5,631052.081317191
fuzzy-cmeans,auto,2,7.566999912,1.5307255365011032,0.7653627682505516,9801916.017609106,pass,dynamic_64,paper_2d_200000_k8_it30_r1_m1p5,D:\AutoCluster-OMP\datasets\paper_gaussian\paper_2d_200000.csv,D:\AutoCluster-OMP\datasets\paper_gaussian\paper_2d_200000_cluster_labels.csv,8,2,30,1,1.5,631052.081317191
fuzzy-cmeans,auto,4,5.840999842,1.9830509010994763,0.4957627252748691,9801916.017609106,pass,dynamic_64,paper_2d_200000_k8_it30_r1_m1p5,D:\AutoCluster-OMP\datasets\paper_gaussian\paper_2d_200000.csv,D:\AutoCluster-OMP\datasets\paper_gaussian\paper_2d_200000_cluster_labels.csv,8,2,30,1,1.5,631052.081317191
fuzzy-cmeans,auto,8,5.180999994,2.2356687923979948,0.27945859904974935,9801916.017609106,pass,dynamic_64,paper_2d_200000_k8_it30_r1_m1p5,D:\AutoCluster-OMP\datasets\paper_gaussian\paper_2d_200000.csv,D:\AutoCluster-OMP\datasets\paper_gaussian\paper_2d_200000_cluster_labels.csv,8,2,30,1,1.5,631052.081317191
fuzzy-cmeans,sequential,1,9.61,1.0,1.0,9801833.621967902,reference,dynamic_64,paper_2d_200000_k8_it30_r1_m2p0,D:\AutoCluster-OMP\datasets\paper_gaussian\paper_2d_200000.csv,D:\AutoCluster-OMP\datasets\paper_gaussian\paper_2d_200000_cluster_labels.csv,8,2,30,1,2.0,551320.498882561
fuzzy-cmeans,manual,1,9.448000193,1.0171464652509241,1.0171464652509241,9801833.621967902,pass,dynamic_64,paper_2d_200000_k8_it30_r1_m2p0,D:\AutoCluster-OMP\datasets\paper_gaussian\paper_2d_200000.csv,D:\AutoCluster-OMP\datasets\paper_gaussian\paper_2d_200000_cluster_labels.csv,8,2,30,1,2.0,551320.498882561
fuzzy-cmeans,manual,2,5.459000111,1.7603956410690755,0.8801978205345378,9801833.621967902,pass,dynamic_64,paper_2d_200000_k8_it30_r1_m2p0,D:\AutoCluster-OMP\datasets\paper_gaussian\paper_2d_200000.csv,D:\AutoCluster-OMP\datasets\paper_gaussian\paper_2d_200000_cluster_labels.csv,8,2,30,1,2.0,551320.498882561
fuzzy-cmeans,manual,4,3.490999937,2.752792945696349,0.6881982364240873,9801833.621967902,pass,dynamic_64,paper_2d_200000_k8_it30_r1_m2p0,D:\AutoCluster-OMP\datasets\paper_gaussian\paper_2d_200000.csv,D:\AutoCluster-OMP\datasets\paper_gaussian\paper_2d_200000_cluster_labels.csv,8,2,30,1,2.0,551320.498882561
fuzzy-cmeans,manual,8,2.522000074,3.810467770826877,0.47630847135335963,9801833.621967902,pass,dynamic_64,paper_2d_200000_k8_it30_r1_m2p0,D:\AutoCluster-OMP\datasets\paper_gaussian\paper_2d_200000.csv,D:\AutoCluster-OMP\datasets\paper_gaussian\paper_2d_200000_cluster_labels.csv,8,2,30,1,2.0,551320.498882561
fuzzy-cmeans,auto,1,9.674000025,0.9933843265624759,0.9933843265624759,9801833.621967902,pass,dynamic_64,paper_2d_200000_k8_it30_r1_m2p0,D:\AutoCluster-OMP\datasets\paper_gaussian\paper_2d_200000.csv,D:\AutoCluster-OMP\datasets\paper_gaussian\paper_2d_200000_cluster_labels.csv,8,2,30,1,2.0,551320.498882561
fuzzy-cmeans,auto,2,5.254999876,1.8287345816866007,0.9143672908433004,9801833.621967902,pass,dynamic_64,paper_2d_200000_k8_it30_r1_m2p0,D:\AutoCluster-OMP\datasets\paper_gaussian\paper_2d_200000.csv,D:\AutoCluster-OMP\datasets\paper_gaussian\paper_2d_200000_cluster_labels.csv,8,2,30,1,2.0,551320.498882561
fuzzy-cmeans,auto,4,3.26699996,2.9415366139153547,0.7353841534788387,9801833.621967902,pass,dynamic_64,paper_2d_200000_k8_it30_r1_m2p0,D:\AutoCluster-OMP\datasets\paper_gaussian\paper_2d_200000.csv,D:\AutoCluster-OMP\datasets\paper_gaussian\paper_2d_200000_cluster_labels.csv,8,2,30,1,2.0,551320.498882561
fuzzy-cmeans,auto,8,2.465999842,3.896999438656087,0.4871249298320109,9801833.621967902,pass,dynamic_64,paper_2d_200000_k8_it30_r1_m2p0,D:\AutoCluster-OMP\datasets\paper_gaussian\paper_2d_200000.csv,D:\AutoCluster-OMP\datasets\paper_gaussian\paper_2d_200000_cluster_labels.csv,8,2,30,1,2.0,551320.498882561
fuzzy-cmeans,sequential,1,38.52,1.0,1.0,9804421.46086366,reference,dynamic_64,paper_2d_200000_k8_it30_r1_m2p5,D:\AutoCluster-OMP\datasets\paper_gaussian\paper_2d_200000.csv,D:\AutoCluster-OMP\datasets\paper_gaussian\paper_2d_200000_cluster_labels.csv,8,2,30,1,2.5,363002.298419437
fuzzy-cmeans,manual,1,33.805999994,1.139442702681082,1.139442702681082,9804421.46086366,pass,dynamic_64,paper_2d_200000_k8_it30_r1_m2p5,D:\AutoCluster-OMP\datasets\paper_gaussian\paper_2d_200000.csv,D:\AutoCluster-OMP\datasets\paper_gaussian\paper_2d_200000_cluster_labels.csv,8,2,30,1,2.5,363002.298419437
fuzzy-cmeans,manual,2,18.953999996,2.0322886993842544,1.0161443496921272,9804421.46086366,pass,dynamic_64,paper_2d_200000_k8_it30_r1_m2p5,D:\AutoCluster-OMP\datasets\paper_gaussian\paper_2d_200000.csv,D:\AutoCluster-OMP\datasets\paper_gaussian\paper_2d_200000_cluster_labels.csv,8,2,30,1,2.5,363002.298419437
fuzzy-cmeans,manual,4,11.766000032,3.2738398687095973,0.8184599671773993,9804421.46086366,pass,dynamic_64,paper_2d_200000_k8_it30_r1_m2p5,D:\AutoCluster-OMP\datasets\paper_gaussian\paper_2d_200000.csv,D:\AutoCluster-OMP\datasets\paper_gaussian\paper_2d_200000_cluster_labels.csv,8,2,30,1,2.5,363002.298419437
fuzzy-cmeans,manual,8,8.131000042,4.737424646541405,0.5921780808176756,9804421.46086366,pass,dynamic_64,paper_2d_200000_k8_it30_r1_m2p5,D:\AutoCluster-OMP\datasets\paper_gaussian\paper_2d_200000.csv,D:\AutoCluster-OMP\datasets\paper_gaussian\paper_2d_200000_cluster_labels.csv,8,2,30,1,2.5,363002.298419437
fuzzy-cmeans,auto,1,35.284999847,1.0916820225882768,1.0916820225882768,9804421.46086366,pass,dynamic_64,paper_2d_200000_k8_it30_r1_m2p5,D:\AutoCluster-OMP\datasets\paper_gaussian\paper_2d_200000.csv,D:\AutoCluster-OMP\datasets\paper_gaussian\paper_2d_200000_cluster_labels.csv,8,2,30,1,2.5,363002.298419437
fuzzy-cmeans,auto,2,19.322999954,1.9934792781503934,0.9967396390751967,9804421.46086366,pass,dynamic_64,paper_2d_200000_k8_it30_r1_m2p5,D:\AutoCluster-OMP\datasets\paper_gaussian\paper_2d_200000.csv,D:\AutoCluster-OMP\datasets\paper_gaussian\paper_2d_200000_cluster_labels.csv,8,2,30,1,2.5,363002.298419437
fuzzy-cmeans,auto,4,11.720000029,3.286689411662629,0.8216723529156572,9804421.46086366,pass,dynamic_64,paper_2d_200000_k8_it30_r1_m2p5,D:\AutoCluster-OMP\datasets\paper_gaussian\paper_2d_200000.csv,D:\AutoCluster-OMP\datasets\paper_gaussian\paper_2d_200000_cluster_labels.csv,8,2,30,1,2.5,363002.298419437
fuzzy-cmeans,auto,8,8.104000092,4.7532082382409735,0.5941510297801217,9804421.46086366,pass,dynamic_64,paper_2d_200000_k8_it30_r1_m2p5,D:\AutoCluster-OMP\datasets\paper_gaussian\paper_2d_200000.csv,D:\AutoCluster-OMP\datasets\paper_gaussian\paper_2d_200000_cluster_labels.csv,8,2,30,1,2.5,363002.298419437
fuzzy-cmeans,sequential,1,4.943,1.0,1.0,24499369.77595751,reference,dynamic_64,paper_2d_500000_k8_it5_r1_m1p5,D:\AutoCluster-OMP\datasets\paper_gaussian\paper_2d_500000.csv,D:\AutoCluster-OMP\datasets\paper_gaussian\paper_2d_500000_cluster_labels.csv,8,2,5,1,1.5,37586855.9710098
fuzzy-cmeans,manual,1,5.023000002,0.9840732625984179,0.9840732625984179,24499369.77595751,pass,dynamic_64,paper_2d_500000_k8_it5_r1_m1p5,D:\AutoCluster-OMP\datasets\paper_gaussian\paper_2d_500000.csv,D:\AutoCluster-OMP\datasets\paper_gaussian\paper_2d_500000_cluster_labels.csv,8,2,5,1,1.5,37586855.9710098
fuzzy-cmeans,manual,2,3.467000008,1.4257282920663898,0.7128641460331949,24499369.77595751,pass,dynamic_64,paper_2d_500000_k8_it5_r1_m1p5,D:\AutoCluster-OMP\datasets\paper_gaussian\paper_2d_500000.csv,D:\AutoCluster-OMP\datasets\paper_gaussian\paper_2d_500000_cluster_labels.csv,8,2,5,1,1.5,37586855.9710098
fuzzy-cmeans,manual,4,2.699999809,1.830740870248706,0.4576852175621765,24499369.77595751,pass,dynamic_64,paper_2d_500000_k8_it5_r1_m1p5,D:\AutoCluster-OMP\datasets\paper_gaussian\paper_2d_500000.csv,D:\AutoCluster-OMP\datasets\paper_gaussian\paper_2d_500000_cluster_labels.csv,8,2,5,1,1.5,37586855.9710098
fuzzy-cmeans,manual,8,2.355999947,2.098047585397505,0.2622559481746881,24499369.77595751,pass,dynamic_64,paper_2d_500000_k8_it5_r1_m1p5,D:\AutoCluster-OMP\datasets\paper_gaussian\paper_2d_500000.csv,D:\AutoCluster-OMP\datasets\paper_gaussian\paper_2d_500000_cluster_labels.csv,8,2,5,1,1.5,37586855.9710098
fuzzy-cmeans,auto,1,5.013999939,0.9858396609765097,0.9858396609765097,24499369.77595751,pass,dynamic_64,paper_2d_500000_k8_it5_r1_m1p5,D:\AutoCluster-OMP\datasets\paper_gaussian\paper_2d_500000.csv,D:\AutoCluster-OMP\datasets\paper_gaussian\paper_2d_500000_cluster_labels.csv,8,2,5,1,1.5,37586855.9710098
fuzzy-cmeans,auto,2,3.459000111,1.4290256841220437,0.7145128420610218,24499369.77595751,pass,dynamic_64,paper_2d_500000_k8_it5_r1_m1p5,D:\AutoCluster-OMP\datasets\paper_gaussian\paper_2d_500000.csv,D:\AutoCluster-OMP\datasets\paper_gaussian\paper_2d_500000_cluster_labels.csv,8,2,5,1,1.5,37586855.9710098
fuzzy-cmeans,auto,4,2.636000156,1.8751895703605563,0.4687973925901391,24499369.77595751,pass,dynamic_64,paper_2d_500000_k8_it5_r1_m1p5,D:\AutoCluster-OMP\datasets\paper_gaussian\paper_2d_500000.csv,D:\AutoCluster-OMP\datasets\paper_gaussian\paper_2d_500000_cluster_labels.csv,8,2,5,1,1.5,37586855.9710098
fuzzy-cmeans,auto,8,2.29399991,2.1547516102561657,0.2693439512820207,24499369.77595751,pass,dynamic_64,paper_2d_500000_k8_it5_r1_m1p5,D:\AutoCluster-OMP\datasets\paper_gaussian\paper_2d_500000.csv,D:\AutoCluster-OMP\datasets\paper_gaussian\paper_2d_500000_cluster_labels.csv,8,2,5,1,1.5,37586855.9710098
fuzzy-cmeans,sequential,1,3.815,1.0,1.0,24499883.06850861,reference,dynamic_64,paper_2d_500000_k8_it5_r1_m2p0,D:\AutoCluster-OMP\datasets\paper_gaussian\paper_2d_500000.csv,D:\AutoCluster-OMP\datasets\paper_gaussian\paper_2d_500000_cluster_labels.csv,8,2,5,1,2.0,13442947.318847405
fuzzy-cmeans,manual,1,3.801000118,1.0036832100934967,1.0036832100934967,24499883.06850861,pass,dynamic_64,paper_2d_500000_k8_it5_r1_m2p0,D:\AutoCluster-OMP\datasets\paper_gaussian\paper_2d_500000.csv,D:\AutoCluster-OMP\datasets\paper_gaussian\paper_2d_500000_cluster_labels.csv,8,2,5,1,2.0,13442947.318847405
fuzzy-cmeans,manual,2,2.190000057,1.7420090870801286,0.8710045435400643,24499883.06850861,pass,dynamic_64,paper_2d_500000_k8_it5_r1_m2p0,D:\AutoCluster-OMP\datasets\paper_gaussian\paper_2d_500000.csv,D:\AutoCluster-OMP\datasets\paper_gaussian\paper_2d_500000_cluster_labels.csv,8,2,5,1,2.0,13442947.318847405
fuzzy-cmeans,manual,4,1.562999964,2.440818994158339,0.6102047485395847,24499883.06850861,pass,dynamic_64,paper_2d_500000_k8_it5_r1_m2p0,D:\AutoCluster-OMP\datasets\paper_gaussian\paper_2d_500000.csv,D:\AutoCluster-OMP\datasets\paper_gaussian\paper_2d_500000_cluster_labels.csv,8,2,5,1,2.0,13442947.318847405
fuzzy-cmeans,manual,8,1.07400012,3.552141130114585,0.44401764126432314,24499883.06850861,pass,dynamic_64,paper_2d_500000_k8_it5_r1_m2p0,D:\AutoCluster-OMP\datasets\paper_gaussian\paper_2d_500000.csv,D:\AutoCluster-OMP\datasets\paper_gaussian\paper_2d_500000_cluster_labels.csv,8,2,5,1,2.0,13442947.318847405
fuzzy-cmeans,auto,1,3.70299983,1.0302457939891398,1.0302457939891398,24499883.06850861,pass,dynamic_64,paper_2d_500000_k8_it5_r1_m2p0,D:\AutoCluster-OMP\datasets\paper_gaussian\paper_2d_500000.csv,D:\AutoCluster-OMP\datasets\paper_gaussian\paper_2d_500000_cluster_labels.csv,8,2,5,1,2.0,13442947.318847405
fuzzy-cmeans,auto,2,2.213999987,1.7231255747066996,0.8615627873533498,24499883.06850861,pass,dynamic_64,paper_2d_500000_k8_it5_r1_m2p0,D:\AutoCluster-OMP\datasets\paper_gaussian\paper_2d_500000.csv,D:\AutoCluster-OMP\datasets\paper_gaussian\paper_2d_500000_cluster_labels.csv,8,2,5,1,2.0,13442947.318847405
fuzzy-cmeans,auto,4,1.385999918,2.7525254153730767,0.6881313538432692,24499883.06850861,pass,dynamic_64,paper_2d_500000_k8_it5_r1_m2p0,D:\AutoCluster-OMP\datasets\paper_gaussian\paper_2d_500000.csv,D:\AutoCluster-OMP\datasets\paper_gaussian\paper_2d_500000_cluster_labels.csv,8,2,5,1,2.0,13442947.318847405
fuzzy-cmeans,auto,8,1.046000004,3.6472275195134705,0.4559034399391838,24499883.06850861,pass,dynamic_64,paper_2d_500000_k8_it5_r1_m2p0,D:\AutoCluster-OMP\datasets\paper_gaussian\paper_2d_500000.csv,D:\AutoCluster-OMP\datasets\paper_gaussian\paper_2d_500000_cluster_labels.csv,8,2,5,1,2.0,13442947.318847405
fuzzy-cmeans,sequential,1,16.646,1.0,1.0,24499918.442399036,reference,dynamic_64,paper_2d_500000_k8_it5_r1_m2p5,D:\AutoCluster-OMP\datasets\paper_gaussian\paper_2d_500000.csv,D:\AutoCluster-OMP\datasets\paper_gaussian\paper_2d_500000_cluster_labels.csv,8,2,5,1,2.5,4754104.852655317
fuzzy-cmeans,manual,1,16.55099988,1.0057398417430234,1.0057398417430234,24499918.442399036,pass,dynamic_64,paper_2d_500000_k8_it5_r1_m2p5,D:\AutoCluster-OMP\datasets\paper_gaussian\paper_2d_500000.csv,D:\AutoCluster-OMP\datasets\paper_gaussian\paper_2d_500000_cluster_labels.csv,8,2,5,1,2.5,4754104.852655317
fuzzy-cmeans,manual,2,9.194000006,1.810528604430806,0.905264302215403,24499918.442399036,pass,dynamic_64,paper_2d_500000_k8_it5_r1_m2p5,D:\AutoCluster-OMP\datasets\paper_gaussian\paper_2d_500000.csv,D:\AutoCluster-OMP\datasets\paper_gaussian\paper_2d_500000_cluster_labels.csv,8,2,5,1,2.5,4754104.852655317
fuzzy-cmeans,manual,4,5.644999981,2.9488042614751606,0.7372010653687902,24499918.442399036,pass,dynamic_64,paper_2d_500000_k8_it5_r1_m2p5,D:\AutoCluster-OMP\datasets\paper_gaussian\paper_2d_500000.csv,D:\AutoCluster-OMP\datasets\paper_gaussian\paper_2d_500000_cluster_labels.csv,8,2,5,1,2.5,4754104.852655317
fuzzy-cmeans,manual,8,3.865999937,4.305742439540034,0.5382178049425043,24499918.442399036,pass,dynamic_64,paper_2d_500000_k8_it5_r1_m2p5,D:\AutoCluster-OMP\datasets\paper_gaussian\paper_2d_500000.csv,D:\AutoCluster-OMP\datasets\paper_gaussian\paper_2d_500000_cluster_labels.csv,8,2,5,1,2.5,4754104.852655317
fuzzy-cmeans,auto,1,16.607000113,1.0023484004777883,1.0023484004777883,24499918.442399036,pass,dynamic_64,paper_2d_500000_k8_it5_r1_m2p5,D:\AutoCluster-OMP\datasets\paper_gaussian\paper_2d_500000.csv,D:\AutoCluster-OMP\datasets\paper_gaussian\paper_2d_500000_cluster_labels.csv,8,2,5,1,2.5,4754104.852655317
fuzzy-cmeans,auto,2,9.154000044,1.8184400174774569,0.9092200087387284,24499918.442399036,pass,dynamic_64,paper_2d_500000_k8_it5_r1_m2p5,D:\AutoCluster-OMP\datasets\paper_gaussian\paper_2d_500000.csv,D:\AutoCluster-OMP\datasets\paper_gaussian\paper_2d_500000_cluster_labels.csv,8,2,5,1,2.5,4754104.852655317
fuzzy-cmeans,auto,4,5.585999966,2.9799498928246146,0.7449874732061537,24499918.442399036,pass,dynamic_64,paper_2d_500000_k8_it5_r1_m2p5,D:\AutoCluster-OMP\datasets\paper_gaussian\paper_2d_500000.csv,D:\AutoCluster-OMP\datasets\paper_gaussian\paper_2d_500000_cluster_labels.csv,8,2,5,1,2.5,4754104.852655317
fuzzy-cmeans,auto,8,3.818000078,4.359874190657363,0.5449842738321704,24499918.442399036,pass,dynamic_64,paper_2d_500000_k8_it5_r1_m2p5,D:\AutoCluster-OMP\datasets\paper_gaussian\paper_2d_500000.csv,D:\AutoCluster-OMP\datasets\paper_gaussian\paper_2d_500000_cluster_labels.csv,8,2,5,1,2.5,4754104.852655317
fuzzy-cmeans,sequential,1,14.762,1.0,1.0,24497252.91362622,reference,dynamic_64,paper_2d_500000_k8_it15_r1_m1p5,D:\AutoCluster-OMP\datasets\paper_gaussian\paper_2d_500000.csv,D:\AutoCluster-OMP\datasets\paper_gaussian\paper_2d_500000_cluster_labels.csv,8,2,15,1,1.5,6233879.404833922
fuzzy-cmeans,manual,1,14.984999895,0.9851184586878504,0.9851184586878504,24497252.91362622,pass,dynamic_64,paper_2d_500000_k8_it15_r1_m1p5,D:\AutoCluster-OMP\datasets\paper_gaussian\paper_2d_500000.csv,D:\AutoCluster-OMP\datasets\paper_gaussian\paper_2d_500000_cluster_labels.csv,8,2,15,1,1.5,6233879.404833922
fuzzy-cmeans,manual,2,9.881999969,1.493827165179988,0.746913582589994,24497252.91362622,pass,dynamic_64,paper_2d_500000_k8_it15_r1_m1p5,D:\AutoCluster-OMP\datasets\paper_gaussian\paper_2d_500000.csv,D:\AutoCluster-OMP\datasets\paper_gaussian\paper_2d_500000_cluster_labels.csv,8,2,15,1,1.5,6233879.404833922
fuzzy-cmeans,manual,4,7.874000072,1.8747777324124972,0.4686944331031243,24497252.91362622,pass,dynamic_64,paper_2d_500000_k8_it15_r1_m1p5,D:\AutoCluster-OMP\datasets\paper_gaussian\paper_2d_500000.csv,D:\AutoCluster-OMP\datasets\paper_gaussian\paper_2d_500000_cluster_labels.csv,8,2,15,1,1.5,6233879.404833922
fuzzy-cmeans,manual,8,6.799999952,2.170882368265052,0.2713602960331315,24497252.91362622,pass,dynamic_64,paper_2d_500000_k8_it15_r1_m1p5,D:\AutoCluster-OMP\datasets\paper_gaussian\paper_2d_500000.csv,D:\AutoCluster-OMP\datasets\paper_gaussian\paper_2d_500000_cluster_labels.csv,8,2,15,1,1.5,6233879.404833922
fuzzy-cmeans,auto,1,14.657999992,1.007095102200625,1.007095102200625,24497252.91362622,pass,dynamic_64,paper_2d_500000_k8_it15_r1_m1p5,D:\AutoCluster-OMP\datasets\paper_gaussian\paper_2d_500000.csv,D:\AutoCluster-OMP\datasets\paper_gaussian\paper_2d_500000_cluster_labels.csv,8,2,15,1,1.5,6233879.404833922
fuzzy-cmeans,auto,2,9.730000019,1.5171634091648403,0.7585817045824201,24497252.91362622,pass,dynamic_64,paper_2d_500000_k8_it15_r1_m1p5,D:\AutoCluster-OMP\datasets\paper_gaussian\paper_2d_500000.csv,D:\AutoCluster-OMP\datasets\paper_gaussian\paper_2d_500000_cluster_labels.csv,8,2,15,1,1.5,6233879.404833922
fuzzy-cmeans,auto,4,7.539000034,1.958084617777573,0.48952115444439326,24497252.91362622,pass,dynamic_64,paper_2d_500000_k8_it15_r1_m1p5,D:\AutoCluster-OMP\datasets\paper_gaussian\paper_2d_500000.csv,D:\AutoCluster-OMP\datasets\paper_gaussian\paper_2d_500000_cluster_labels.csv,8,2,15,1,1.5,6233879.404833922
fuzzy-cmeans,auto,8,6.587000132,2.2410808720475672,0.2801351090059459,24497252.91362622,pass,dynamic_64,paper_2d_500000_k8_it15_r1_m1p5,D:\AutoCluster-OMP\datasets\paper_gaussian\paper_2d_500000.csv,D:\AutoCluster-OMP\datasets\paper_gaussian\paper_2d_500000_cluster_labels.csv,8,2,15,1,1.5,6233879.404833922
fuzzy-cmeans,sequential,1,11.184,1.0,1.0,24491736.266443994,reference,dynamic_64,paper_2d_500000_k8_it15_r1_m2p0,D:\AutoCluster-OMP\datasets\paper_gaussian\paper_2d_500000.csv,D:\AutoCluster-OMP\datasets\paper_gaussian\paper_2d_500000_cluster_labels.csv,8,2,15,1,2.0,3970598.29737395
fuzzy-cmeans,manual,1,11.145999908,1.003409303096506,1.003409303096506,24491736.266443994,pass,dynamic_64,paper_2d_500000_k8_it15_r1_m2p0,D:\AutoCluster-OMP\datasets\paper_gaussian\paper_2d_500000.csv,D:\AutoCluster-OMP\datasets\paper_gaussian\paper_2d_500000_cluster_labels.csv,8,2,15,1,2.0,3970598.29737395
fuzzy-cmeans,manual,2,6.366000175,1.756833127953849,0.8784165639769245,24491736.266443994,pass,dynamic_64,paper_2d_500000_k8_it15_r1_m2p0,D:\AutoCluster-OMP\datasets\paper_gaussian\paper_2d_500000.csv,D:\AutoCluster-OMP\datasets\paper_gaussian\paper_2d_500000_cluster_labels.csv,8,2,15,1,2.0,3970598.29737395
fuzzy-cmeans,manual,4,4.092000008,2.733137824568645,0.6832844561421613,24491736.266443994,pass,dynamic_64,paper_2d_500000_k8_it15_r1_m2p0,D:\AutoCluster-OMP\datasets\paper_gaussian\paper_2d_500000.csv,D:\AutoCluster-OMP\datasets\paper_gaussian\paper_2d_500000_cluster_labels.csv,8,2,15,1,2.0,3970598.29737395
fuzzy-cmeans,manual,8,3.061000109,3.6537078084762653,0.45671347605953316,24491736.266443994,pass,dynamic_64,paper_2d_500000_k8_it15_r1_m2p0,D:\AutoCluster-OMP\datasets\paper_gaussian\paper_2d_500000.csv,D:\AutoCluster-OMP\datasets\paper_gaussian\paper_2d_500000_cluster_labels.csv,8,2,15,1,2.0,3970598.29737395
fuzzy-cmeans,auto,1,11.410000086,0.9801928059336913,0.9801928059336913,24491736.266443994,pass,dynamic_64,paper_2d_500000_k8_it15_r1_m2p0,D:\AutoCluster-OMP\datasets\paper_gaussian\paper_2d_500000.csv,D:\AutoCluster-OMP\datasets\paper_gaussian\paper_2d_500000_cluster_labels.csv,8,2,15,1,2.0,3970598.29737395
fuzzy-cmeans,auto,2,6.376999855,1.7538027684336523,0.8769013842168262,24491736.266443994,pass,dynamic_64,paper_2d_500000_k8_it15_r1_m2p0,D:\AutoCluster-OMP\datasets\paper_gaussian\paper_2d_500000.csv,D:\AutoCluster-OMP\datasets\paper_gaussian\paper_2d_500000_cluster_labels.csv,8,2,15,1,2.0,3970598.29737395
fuzzy-cmeans,auto,4,3.938999891,2.839299393115926,0.7098248482789815,24491736.266443994,pass,dynamic_64,paper_2d_500000_k8_it15_r1_m2p0,D:\AutoCluster-OMP\datasets\paper_gaussian\paper_2d_500000.csv,D:\AutoCluster-OMP\datasets\paper_gaussian\paper_2d_500000_cluster_labels.csv,8,2,15,1,2.0,3970598.29737395
fuzzy-cmeans,auto,8,3.029000044,3.692307638672322,0.46153845483404027,24491736.266443994,pass,dynamic_64,paper_2d_500000_k8_it15_r1_m2p0,D:\AutoCluster-OMP\datasets\paper_gaussian\paper_2d_500000.csv,D:\AutoCluster-OMP\datasets\paper_gaussian\paper_2d_500000_cluster_labels.csv,8,2,15,1,2.0,3970598.29737395
fuzzy-cmeans,sequential,1,46.984,1.0,1.0,24495039.85562497,reference,dynamic_64,paper_2d_500000_k8_it15_r1_m2p5,D:\AutoCluster-OMP\datasets\paper_gaussian\paper_2d_500000.csv,D:\AutoCluster-OMP\datasets\paper_gaussian\paper_2d_500000_cluster_labels.csv,8,2,15,1,2.5,3663576.386778053
fuzzy-cmeans,manual,1,46.782999992,1.0042964326365211,1.0042964326365211,24495039.85562497,pass,dynamic_64,paper_2d_500000_k8_it15_r1_m2p5,D:\AutoCluster-OMP\datasets\paper_gaussian\paper_2d_500000.csv,D:\AutoCluster-OMP\datasets\paper_gaussian\paper_2d_500000_cluster_labels.csv,8,2,15,1,2.5,3663576.386778053
fuzzy-cmeans,manual,2,26.079999924,1.8015337475811568,0.9007668737905784,24495039.85562497,pass,dynamic_64,paper_2d_500000_k8_it15_r1_m2p5,D:\AutoCluster-OMP\datasets\paper_gaussian\paper_2d_500000.csv,D:\AutoCluster-OMP\datasets\paper_gaussian\paper_2d_500000_cluster_labels.csv,8,2,15,1,2.5,3663576.386778053
fuzzy-cmeans,manual,4,15.561000109,3.0193432087199787,0.7548358021799947,24495039.85562497,pass,dynamic_64,paper_2d_500000_k8_it15_r1_m2p5,D:\AutoCluster-OMP\datasets\paper_gaussian\paper_2d_500000.csv,D:\AutoCluster-OMP\datasets\paper_gaussian\paper_2d_500000_cluster_labels.csv,8,2,15,1,2.5,3663576.386778053
fuzzy-cmeans,manual,8,10.670000076,4.403373914277749,0.5504217392847186,24495039.85562497,pass,dynamic_64,paper_2d_500000_k8_it15_r1_m2p5,D:\AutoCluster-OMP\datasets\paper_gaussian\paper_2d_500000.csv,D:\AutoCluster-OMP\datasets\paper_gaussian\paper_2d_500000_cluster_labels.csv,8,2,15,1,2.5,3663576.386778053
fuzzy-cmeans,auto,1,47.779999971,0.9833403103498717,0.9833403103498717,24495039.85562497,pass,dynamic_64,paper_2d_500000_k8_it15_r1_m2p5,D:\AutoCluster-OMP\datasets\paper_gaussian\paper_2d_500000.csv,D:\AutoCluster-OMP\datasets\paper_gaussian\paper_2d_500000_cluster_labels.csv,8,2,15,1,2.5,3663576.386778053
fuzzy-cmeans,auto,2,26.112999916,1.7992570808079347,0.8996285404039673,24495039.85562497,pass,dynamic_64,paper_2d_500000_k8_it15_r1_m2p5,D:\AutoCluster-OMP\datasets\paper_gaussian\paper_2d_500000.csv,D:\AutoCluster-OMP\datasets\paper_gaussian\paper_2d_500000_cluster_labels.csv,8,2,15,1,2.5,3663576.386778053
fuzzy-cmeans,auto,4,15.487999916,3.033574396618043,0.7583935991545108,24495039.85562497,pass,dynamic_64,paper_2d_500000_k8_it15_r1_m2p5,D:\AutoCluster-OMP\datasets\paper_gaussian\paper_2d_500000.csv,D:\AutoCluster-OMP\datasets\paper_gaussian\paper_2d_500000_cluster_labels.csv,8,2,15,1,2.5,3663576.386778053
fuzzy-cmeans,auto,8,10.519999981,4.466159703883749,0.5582699629854686,24495039.85562497,pass,dynamic_64,paper_2d_500000_k8_it15_r1_m2p5,D:\AutoCluster-OMP\datasets\paper_gaussian\paper_2d_500000.csv,D:\AutoCluster-OMP\datasets\paper_gaussian\paper_2d_500000_cluster_labels.csv,8,2,15,1,2.5,3663576.386778053
fuzzy-cmeans,sequential,1,28.987,1.0,1.0,24499352.988296572,reference,dynamic_64,paper_2d_500000_k8_it30_r1_m1p5,D:\AutoCluster-OMP\datasets\paper_gaussian\paper_2d_500000.csv,D:\AutoCluster-OMP\datasets\paper_gaussian\paper_2d_500000_cluster_labels.csv,8,2,30,1,1.5,6036806.181578259
fuzzy-cmeans,manual,1,28.937000036,1.0017278903804054,1.0017278903804054,24499352.988296572,pass,dynamic_64,paper_2d_500000_k8_it30_r1_m1p5,D:\AutoCluster-OMP\datasets\paper_gaussian\paper_2d_500000.csv,D:\AutoCluster-OMP\datasets\paper_gaussian\paper_2d_500000_cluster_labels.csv,8,2,30,1,1.5,6036806.181578259
fuzzy-cmeans,manual,2,19.438000202,1.4912542287666757,0.7456271143833378,24499352.988296572,pass,dynamic_64,paper_2d_500000_k8_it30_r1_m1p5,D:\AutoCluster-OMP\datasets\paper_gaussian\paper_2d_500000.csv,D:\AutoCluster-OMP\datasets\paper_gaussian\paper_2d_500000_cluster_labels.csv,8,2,30,1,1.5,6036806.181578259
fuzzy-cmeans,manual,4,15.133000135,1.9154827027958656,0.4788706756989664,24499352.988296572,pass,dynamic_64,paper_2d_500000_k8_it30_r1_m1p5,D:\AutoCluster-OMP\datasets\paper_gaussian\paper_2d_500000.csv,D:\AutoCluster-OMP\datasets\paper_gaussian\paper_2d_500000_cluster_labels.csv,8,2,30,1,1.5,6036806.181578259
fuzzy-cmeans,manual,8,12.958000183,2.236996418477362,0.27962455230967026,24499352.988296572,pass,dynamic_64,paper_2d_500000_k8_it30_r1_m1p5,D:\AutoCluster-OMP\datasets\paper_gaussian\paper_2d_500000.csv,D:\AutoCluster-OMP\datasets\paper_gaussian\paper_2d_500000_cluster_labels.csv,8,2,30,1,1.5,6036806.181578259
fuzzy-cmeans,auto,1,28.784999847,1.0070175492122175,1.0070175492122175,24499352.988296572,pass,dynamic_64,paper_2d_500000_k8_it30_r1_m1p5,D:\AutoCluster-OMP\datasets\paper_gaussian\paper_2d_500000.csv,D:\AutoCluster-OMP\datasets\paper_gaussian\paper_2d_500000_cluster_labels.csv,8,2,30,1,1.5,6036806.181578259
fuzzy-cmeans,auto,2,19.43900013,1.4911775197359391,0.7455887598679696,24499352.988296572,pass,dynamic_64,paper_2d_500000_k8_it30_r1_m1p5,D:\AutoCluster-OMP\datasets\paper_gaussian\paper_2d_500000.csv,D:\AutoCluster-OMP\datasets\paper_gaussian\paper_2d_500000_cluster_labels.csv,8,2,30,1,1.5,6036806.181578259
fuzzy-cmeans,auto,4,14.789000034,1.9600378614753338,0.49000946536883344,24499352.988296572,pass,dynamic_64,paper_2d_500000_k8_it30_r1_m1p5,D:\AutoCluster-OMP\datasets\paper_gaussian\paper_2d_500000.csv,D:\AutoCluster-OMP\datasets\paper_gaussian\paper_2d_500000_cluster_labels.csv,8,2,30,1,1.5,6036806.181578259
fuzzy-cmeans,auto,8,12.927000046,2.2423609419704027,0.28029511774630034,24499352.988296572,pass,dynamic_64,paper_2d_500000_k8_it30_r1_m1p5,D:\AutoCluster-OMP\datasets\paper_gaussian\paper_2d_500000.csv,D:\AutoCluster-OMP\datasets\paper_gaussian\paper_2d_500000_cluster_labels.csv,8,2,30,1,1.5,6036806.181578259
fuzzy-cmeans,sequential,1,23.023,1.0,1.0,24490633.45404984,reference,dynamic_64,paper_2d_500000_k8_it30_r1_m2p0,D:\AutoCluster-OMP\datasets\paper_gaussian\paper_2d_500000.csv,D:\AutoCluster-OMP\datasets\paper_gaussian\paper_2d_500000_cluster_labels.csv,8,2,30,1,2.0,1376355.85522316
fuzzy-cmeans,manual,1,22.470999956,1.0245649968884722,1.0245649968884722,24490633.45404984,pass,dynamic_64,paper_2d_500000_k8_it30_r1_m2p0,D:\AutoCluster-OMP\datasets\paper_gaussian\paper_2d_500000.csv,D:\AutoCluster-OMP\datasets\paper_gaussian\paper_2d_500000_cluster_labels.csv,8,2,30,1,2.0,1376355.85522316
fuzzy-cmeans,manual,2,12.68200016,1.8154076415025058,0.9077038207512529,24490633.45404984,pass,dynamic_64,paper_2d_500000_k8_it30_r1_m2p0,D:\AutoCluster-OMP\datasets\paper_gaussian\paper_2d_500000.csv,D:\AutoCluster-OMP\datasets\paper_gaussian\paper_2d_500000_cluster_labels.csv,8,2,30,1,2.0,1376355.85522316
fuzzy-cmeans,manual,4,8.055999994,2.8578699127541234,0.7144674781885308,24490633.45404984,pass,dynamic_64,paper_2d_500000_k8_it30_r1_m2p0,D:\AutoCluster-OMP\datasets\paper_gaussian\paper_2d_500000.csv,D:\AutoCluster-OMP\datasets\paper_gaussian\paper_2d_500000_cluster_labels.csv,8,2,30,1,2.0,1376355.85522316
fuzzy-cmeans,manual,8,6.062999964,3.7972950909949894,0.4746618863743737,24490633.45404984,pass,dynamic_64,paper_2d_500000_k8_it30_r1_m2p0,D:\AutoCluster-OMP\datasets\paper_gaussian\paper_2d_500000.csv,D:\AutoCluster-OMP\datasets\paper_gaussian\paper_2d_500000_cluster_labels.csv,8,2,30,1,2.0,1376355.85522316
fuzzy-cmeans,auto,1,23.085999966,0.9972710748465398,0.9972710748465398,24490633.45404984,pass,dynamic_64,paper_2d_500000_k8_it30_r1_m2p0,D:\AutoCluster-OMP\datasets\paper_gaussian\paper_2d_500000.csv,D:\AutoCluster-OMP\datasets\paper_gaussian\paper_2d_500000_cluster_labels.csv,8,2,30,1,2.0,1376355.85522316
fuzzy-cmeans,auto,2,12.986000061,1.7729092785963756,0.8864546392981878,24490633.45404984,pass,dynamic_64,paper_2d_500000_k8_it30_r1_m2p0,D:\AutoCluster-OMP\datasets\paper_gaussian\paper_2d_500000.csv,D:\AutoCluster-OMP\datasets\paper_gaussian\paper_2d_500000_cluster_labels.csv,8,2,30,1,2.0,1376355.85522316
fuzzy-cmeans,auto,4,8.118999958,2.8356940656606913,0.7089235164151728,24490633.45404984,pass,dynamic_64,paper_2d_500000_k8_it30_r1_m2p0,D:\AutoCluster-OMP\datasets\paper_gaussian\paper_2d_500000.csv,D:\AutoCluster-OMP\datasets\paper_gaussian\paper_2d_500000_cluster_labels.csv,8,2,30,1,2.0,1376355.85522316
fuzzy-cmeans,auto,8,5.88499999,3.912149539357943,0.4890186924197429,24490633.45404984,pass,dynamic_64,paper_2d_500000_k8_it30_r1_m2p0,D:\AutoCluster-OMP\datasets\paper_gaussian\paper_2d_500000.csv,D:\AutoCluster-OMP\datasets\paper_gaussian\paper_2d_500000_cluster_labels.csv,8,2,30,1,2.0,1376355.85522316
fuzzy-cmeans,sequential,1,87.938,1.0,1.0,24497737.91985893,reference,dynamic_64,paper_2d_500000_k8_it30_r1_m2p5,D:\AutoCluster-OMP\datasets\paper_gaussian\paper_2d_500000.csv,D:\AutoCluster-OMP\datasets\paper_gaussian\paper_2d_500000_cluster_labels.csv,8,2,30,1,2.5,906160.126813226
fuzzy-cmeans,manual,1,77.736000061,1.131239064667521,1.131239064667521,24497737.91985893,pass,dynamic_64,paper_2d_500000_k8_it30_r1_m2p5,D:\AutoCluster-OMP\datasets\paper_gaussian\paper_2d_500000.csv,D:\AutoCluster-OMP\datasets\paper_gaussian\paper_2d_500000_cluster_labels.csv,8,2,30,1,2.5,906160.126813226
fuzzy-cmeans,manual,2,42.738999844,2.0575586775773687,1.0287793387886843,24497737.91985893,pass,dynamic_64,paper_2d_500000_k8_it30_r1_m2p5,D:\AutoCluster-OMP\datasets\paper_gaussian\paper_2d_500000.csv,D:\AutoCluster-OMP\datasets\paper_gaussian\paper_2d_500000_cluster_labels.csv,8,2,30,1,2.5,906160.126813226
fuzzy-cmeans,manual,4,25.608999968,3.4338709090508757,0.8584677272627189,24497737.91985893,pass,dynamic_64,paper_2d_500000_k8_it30_r1_m2p5,D:\AutoCluster-OMP\datasets\paper_gaussian\paper_2d_500000.csv,D:\AutoCluster-OMP\datasets\paper_gaussian\paper_2d_500000_cluster_labels.csv,8,2,30,1,2.5,906160.126813226
fuzzy-cmeans,manual,8,18.119999886,4.853090538258958,0.6066363172823698,24497737.91985893,pass,dynamic_64,paper_2d_500000_k8_it30_r1_m2p5,D:\AutoCluster-OMP\datasets\paper_gaussian\paper_2d_500000.csv,D:\AutoCluster-OMP\datasets\paper_gaussian\paper_2d_500000_cluster_labels.csv,8,2,30,1,2.5,906160.126813226
fuzzy-cmeans,auto,1,75.953999996,1.1577797088320712,1.1577797088320712,24497737.91985893,pass,dynamic_64,paper_2d_500000_k8_it30_r1_m2p5,D:\AutoCluster-OMP\datasets\paper_gaussian\paper_2d_500000.csv,D:\AutoCluster-OMP\datasets\paper_gaussian\paper_2d_500000_cluster_labels.csv,8,2,30,1,2.5,906160.126813226
fuzzy-cmeans,auto,2,41.362000227,2.126057722484041,1.0630288612420205,24497737.91985893,pass,dynamic_64,paper_2d_500000_k8_it30_r1_m2p5,D:\AutoCluster-OMP\datasets\paper_gaussian\paper_2d_500000.csv,D:\AutoCluster-OMP\datasets\paper_gaussian\paper_2d_500000_cluster_labels.csv,8,2,30,1,2.5,906160.126813226
fuzzy-cmeans,auto,4,24.993000031,3.5185051770866376,0.8796262942716594,24497737.91985893,pass,dynamic_64,paper_2d_500000_k8_it30_r1_m2p5,D:\AutoCluster-OMP\datasets\paper_gaussian\paper_2d_500000.csv,D:\AutoCluster-OMP\datasets\paper_gaussian\paper_2d_500000_cluster_labels.csv,8,2,30,1,2.5,906160.126813226
fuzzy-cmeans,auto,8,17.164999962,5.123099341373596,0.6403874176716995,24497737.91985893,pass,dynamic_64,paper_2d_500000_k8_it30_r1_m2p5,D:\AutoCluster-OMP\datasets\paper_gaussian\paper_2d_500000.csv,D:\AutoCluster-OMP\datasets\paper_gaussian\paper_2d_500000_cluster_labels.csv,8,2,30,1,2.5,906160.126813226
fuzzy-cmeans,sequential,1,0.816,1.0,1.0,4899683.652187993,reference,dynamic_256,paper_2d_100000_k8_it5_r1_m1p5,D:\AutoCluster-OMP\datasets\paper_gaussian\paper_2d_100000.csv,D:\AutoCluster-OMP\datasets\paper_gaussian\paper_2d_100000_cluster_labels.csv,8,2,5,1,1.5,7310156.790495641
fuzzy-cmeans,manual,1,0.815999985,1.0000000183823532,1.0000000183823532,4899683.652187993,pass,dynamic_256,paper_2d_100000_k8_it5_r1_m1p5,D:\AutoCluster-OMP\datasets\paper_gaussian\paper_2d_100000.csv,D:\AutoCluster-OMP\datasets\paper_gaussian\paper_2d_100000_cluster_labels.csv,8,2,5,1,1.5,7310156.790495641
fuzzy-cmeans,manual,2,0.555999994,1.4676259151182651,0.7338129575591326,4899683.652187993,pass,dynamic_256,paper_2d_100000_k8_it5_r1_m1p5,D:\AutoCluster-OMP\datasets\paper_gaussian\paper_2d_100000.csv,D:\AutoCluster-OMP\datasets\paper_gaussian\paper_2d_100000_cluster_labels.csv,8,2,5,1,1.5,7310156.790495641
fuzzy-cmeans,manual,4,0.42599988,1.9154934973221118,0.47887337433052796,4899683.652187993,pass,dynamic_256,paper_2d_100000_k8_it5_r1_m1p5,D:\AutoCluster-OMP\datasets\paper_gaussian\paper_2d_100000.csv,D:\AutoCluster-OMP\datasets\paper_gaussian\paper_2d_100000_cluster_labels.csv,8,2,5,1,1.5,7310156.790495641
fuzzy-cmeans,manual,8,0.404999971,2.0148149590855153,0.2518518698856894,4899683.652187993,pass,dynamic_256,paper_2d_100000_k8_it5_r1_m1p5,D:\AutoCluster-OMP\datasets\paper_gaussian\paper_2d_100000.csv,D:\AutoCluster-OMP\datasets\paper_gaussian\paper_2d_100000_cluster_labels.csv,8,2,5,1,1.5,7310156.790495641
fuzzy-cmeans,auto,1,0.801999807,1.017456603951527,1.017456603951527,4899683.652187993,pass,dynamic_256,paper_2d_100000_k8_it5_r1_m1p5,D:\AutoCluster-OMP\datasets\paper_gaussian\paper_2d_100000.csv,D:\AutoCluster-OMP\datasets\paper_gaussian\paper_2d_100000_cluster_labels.csv,8,2,5,1,1.5,7310156.790495641
fuzzy-cmeans,auto,2,0.549999952,1.4836364931173667,0.7418182465586833,4899683.652187993,pass,dynamic_256,paper_2d_100000_k8_it5_r1_m1p5,D:\AutoCluster-OMP\datasets\paper_gaussian\paper_2d_100000.csv,D:\AutoCluster-OMP\datasets\paper_gaussian\paper_2d_100000_cluster_labels.csv,8,2,5,1,1.5,7310156.790495641
fuzzy-cmeans,auto,4,0.429000139,1.9020972858006462,0.47552432145016155,4899683.652187993,pass,dynamic_256,paper_2d_100000_k8_it5_r1_m1p5,D:\AutoCluster-OMP\datasets\paper_gaussian\paper_2d_100000.csv,D:\AutoCluster-OMP\datasets\paper_gaussian\paper_2d_100000_cluster_labels.csv,8,2,5,1,1.5,7310156.790495641
fuzzy-cmeans,auto,8,0.406000137,2.0098515385476334,0.2512314423184542,4899683.652187993,pass,dynamic_256,paper_2d_100000_k8_it5_r1_m1p5,D:\AutoCluster-OMP\datasets\paper_gaussian\paper_2d_100000.csv,D:\AutoCluster-OMP\datasets\paper_gaussian\paper_2d_100000_cluster_labels.csv,8,2,5,1,1.5,7310156.790495641
fuzzy-cmeans,sequential,1,0.6,1.0,1.0,4899864.591803282,reference,dynamic_256,paper_2d_100000_k8_it5_r1_m2p0,D:\AutoCluster-OMP\datasets\paper_gaussian\paper_2d_100000.csv,D:\AutoCluster-OMP\datasets\paper_gaussian\paper_2d_100000_cluster_labels.csv,8,2,5,1,2.0,2686651.71409393
fuzzy-cmeans,manual,1,0.593999863,1.0101012430704888,1.0101012430704888,4899864.591803282,pass,dynamic_256,paper_2d_100000_k8_it5_r1_m2p0,D:\AutoCluster-OMP\datasets\paper_gaussian\paper_2d_100000.csv,D:\AutoCluster-OMP\datasets\paper_gaussian\paper_2d_100000_cluster_labels.csv,8,2,5,1,2.0,2686651.71409393
fuzzy-cmeans,manual,2,0.344000101,1.7441855344106425,0.8720927672053213,4899864.591803282,pass,dynamic_256,paper_2d_100000_k8_it5_r1_m2p0,D:\AutoCluster-OMP\datasets\paper_gaussian\paper_2d_100000.csv,D:\AutoCluster-OMP\datasets\paper_gaussian\paper_2d_100000_cluster_labels.csv,8,2,5,1,2.0,2686651.71409393
fuzzy-cmeans,manual,4,0.21600008,2.7777767489715743,0.6944441872428936,4899864.591803282,pass,dynamic_256,paper_2d_100000_k8_it5_r1_m2p0,D:\AutoCluster-OMP\datasets\paper_gaussian\paper_2d_100000.csv,D:\AutoCluster-OMP\datasets\paper_gaussian\paper_2d_100000_cluster_labels.csv,8,2,5,1,2.0,2686651.71409393
fuzzy-cmeans,manual,8,0.18599987,3.225808706210386,0.40322608827629824,4899864.591803282,pass,dynamic_256,paper_2d_100000_k8_it5_r1_m2p0,D:\AutoCluster-OMP\datasets\paper_gaussian\paper_2d_100000.csv,D:\AutoCluster-OMP\datasets\paper_gaussian\paper_2d_100000_cluster_labels.csv,8,2,5,1,2.0,2686651.71409393
fuzzy-cmeans,auto,1,0.595999956,1.006711483716955,1.006711483716955,4899864.591803282,pass,dynamic_256,paper_2d_100000_k8_it5_r1_m2p0,D:\AutoCluster-OMP\datasets\paper_gaussian\paper_2d_100000.csv,D:\AutoCluster-OMP\datasets\paper_gaussian\paper_2d_100000_cluster_labels.csv,8,2,5,1,2.0,2686651.71409393
fuzzy-cmeans,auto,2,0.338000059,1.7751476191310367,0.8875738095655183,4899864.591803282,pass,dynamic_256,paper_2d_100000_k8_it5_r1_m2p0,D:\AutoCluster-OMP\datasets\paper_gaussian\paper_2d_100000.csv,D:\AutoCluster-OMP\datasets\paper_gaussian\paper_2d_100000_cluster_labels.csv,8,2,5,1,2.0,2686651.71409393
fuzzy-cmeans,auto,4,0.217999935,2.752294398619889,0.6880735996549723,4899864.591803282,pass,dynamic_256,paper_2d_100000_k8_it5_r1_m2p0,D:\AutoCluster-OMP\datasets\paper_gaussian\paper_2d_100000.csv,D:\AutoCluster-OMP\datasets\paper_gaussian\paper_2d_100000_cluster_labels.csv,8,2,5,1,2.0,2686651.71409393
fuzzy-cmeans,auto,8,0.15899992,3.773586804320405,0.4716983505400506,4899864.591803282,pass,dynamic_256,paper_2d_100000_k8_it5_r1_m2p0,D:\AutoCluster-OMP\datasets\paper_gaussian\paper_2d_100000.csv,D:\AutoCluster-OMP\datasets\paper_gaussian\paper_2d_100000_cluster_labels.csv,8,2,5,1,2.0,2686651.71409393
fuzzy-cmeans,sequential,1,2.804,1.0,1.0,4899860.048063631,reference,dynamic_256,paper_2d_100000_k8_it5_r1_m2p5,D:\AutoCluster-OMP\datasets\paper_gaussian\paper_2d_100000.csv,D:\AutoCluster-OMP\datasets\paper_gaussian\paper_2d_100000_cluster_labels.csv,8,2,5,1,2.5,950853.547374788
fuzzy-cmeans,manual,1,2.79399991,1.0035791303944601,1.0035791303944601,4899860.048063631,pass,dynamic_256,paper_2d_100000_k8_it5_r1_m2p5,D:\AutoCluster-OMP\datasets\paper_gaussian\paper_2d_100000.csv,D:\AutoCluster-OMP\datasets\paper_gaussian\paper_2d_100000_cluster_labels.csv,8,2,5,1,2.5,950853.547374788
fuzzy-cmeans,manual,2,1.572000027,1.78371498208632,0.89185749104316,4899860.048063631,pass,dynamic_256,paper_2d_100000_k8_it5_r1_m2p5,D:\AutoCluster-OMP\datasets\paper_gaussian\paper_2d_100000.csv,D:\AutoCluster-OMP\datasets\paper_gaussian\paper_2d_100000_cluster_labels.csv,8,2,5,1,2.5,950853.547374788
fuzzy-cmeans,manual,4,0.951000214,2.9484746256849945,0.7371186564212486,4899860.048063631,pass,dynamic_256,paper_2d_100000_k8_it5_r1_m2p5,D:\AutoCluster-OMP\datasets\paper_gaussian\paper_2d_100000.csv,D:\AutoCluster-OMP\datasets\paper_gaussian\paper_2d_100000_cluster_labels.csv,8,2,5,1,2.5,950853.547374788
fuzzy-cmeans,manual,8,0.668000221,4.19760340169109,0.5247004252113863,4899860.048063631,pass,dynamic_256,paper_2d_100000_k8_it5_r1_m2p5,D:\AutoCluster-OMP\datasets\paper_gaussian\paper_2d_100000.csv,D:\AutoCluster-OMP\datasets\paper_gaussian\paper_2d_100000_cluster_labels.csv,8,2,5,1,2.5,950853.547374788
fuzzy-cmeans,auto,1,2.799999952,1.0014285885959187,1.0014285885959187,4899860.048063631,pass,dynamic_256,paper_2d_100000_k8_it5_r1_m2p5,D:\AutoCluster-OMP\datasets\paper_gaussian\paper_2d_100000.csv,D:\AutoCluster-OMP\datasets\paper_gaussian\paper_2d_100000_cluster_labels.csv,8,2,5,1,2.5,950853.547374788
fuzzy-cmeans,auto,2,1.568999767,1.7871258230722222,0.8935629115361111,4899860.048063631,pass,dynamic_256,paper_2d_100000_k8_it5_r1_m2p5,D:\AutoCluster-OMP\datasets\paper_gaussian\paper_2d_100000.csv,D:\AutoCluster-OMP\datasets\paper_gaussian\paper_2d_100000_cluster_labels.csv,8,2,5,1,2.5,950853.547374788
fuzzy-cmeans,auto,4,0.957000017,2.929989498631325,0.7324973746578313,4899860.048063631,pass,dynamic_256,paper_2d_100000_k8_it5_r1_m2p5,D:\AutoCluster-OMP\datasets\paper_gaussian\paper_2d_100000.csv,D:\AutoCluster-OMP\datasets\paper_gaussian\paper_2d_100000_cluster_labels.csv,8,2,5,1,2.5,950853.547374788
fuzzy-cmeans,auto,8,0.648000002,4.3271604804717265,0.5408950600589658,4899860.048063631,pass,dynamic_256,paper_2d_100000_k8_it5_r1_m2p5,D:\AutoCluster-OMP\datasets\paper_gaussian\paper_2d_100000.csv,D:\AutoCluster-OMP\datasets\paper_gaussian\paper_2d_100000_cluster_labels.csv,8,2,5,1,2.5,950853.547374788
fuzzy-cmeans,sequential,1,2.34,1.0,1.0,4903689.836977277,reference,dynamic_256,paper_2d_100000_k8_it15_r1_m1p5,D:\AutoCluster-OMP\datasets\paper_gaussian\paper_2d_100000.csv,D:\AutoCluster-OMP\datasets\paper_gaussian\paper_2d_100000_cluster_labels.csv,8,2,15,1,1.5,318668.069420413
fuzzy-cmeans,manual,1,2.342000008,0.999146025622046,0.999146025622046,4903689.836977277,pass,dynamic_256,paper_2d_100000_k8_it15_r1_m1p5,D:\AutoCluster-OMP\datasets\paper_gaussian\paper_2d_100000.csv,D:\AutoCluster-OMP\datasets\paper_gaussian\paper_2d_100000_cluster_labels.csv,8,2,15,1,1.5,318668.069420413
fuzzy-cmeans,manual,2,1.583000183,1.4782057672067874,0.7391028836033937,4903689.836977277,pass,dynamic_256,paper_2d_100000_k8_it15_r1_m1p5,D:\AutoCluster-OMP\datasets\paper_gaussian\paper_2d_100000.csv,D:\AutoCluster-OMP\datasets\paper_gaussian\paper_2d_100000_cluster_labels.csv,8,2,15,1,1.5,318668.069420413
fuzzy-cmeans,manual,4,1.20600009,1.9402983626643011,0.4850745906660753,4903689.836977277,pass,dynamic_256,paper_2d_100000_k8_it15_r1_m1p5,D:\AutoCluster-OMP\datasets\paper_gaussian\paper_2d_100000.csv,D:\AutoCluster-OMP\datasets\paper_gaussian\paper_2d_100000_cluster_labels.csv,8,2,15,1,1.5,318668.069420413
fuzzy-cmeans,manual,8,1.141000032,2.050832545463066,0.25635406818288325,4903689.836977277,pass,dynamic_256,paper_2d_100000_k8_it15_r1_m1p5,D:\AutoCluster-OMP\datasets\paper_gaussian\paper_2d_100000.csv,D:\AutoCluster-OMP\datasets\paper_gaussian\paper_2d_100000_cluster_labels.csv,8,2,15,1,1.5,318668.069420413
fuzzy-cmeans,auto,1,2.338999987,1.0004275386941248,1.0004275386941248,4903689.836977277,pass,dynamic_256,paper_2d_100000_k8_it15_r1_m1p5,D:\AutoCluster-OMP\datasets\paper_gaussian\paper_2d_100000.csv,D:\AutoCluster-OMP\datasets\paper_gaussian\paper_2d_100000_cluster_labels.csv,8,2,15,1,1.5,318668.069420413
fuzzy-cmeans,auto,2,1.605999947,1.457036162654369,0.7285180813271845,4903689.836977277,pass,dynamic_256,paper_2d_100000_k8_it15_r1_m1p5,D:\AutoCluster-OMP\datasets\paper_gaussian\paper_2d_100000.csv,D:\AutoCluster-OMP\datasets\paper_gaussian\paper_2d_100000_cluster_labels.csv,8,2,15,1,1.5,318668.069420413
fuzzy-cmeans,auto,4,1.207000017,1.9386909420399785,0.4846727355099946,4903689.836977277,pass,dynamic_256,paper_2d_100000_k8_it15_r1_m1p5,D:\AutoCluster-OMP\datasets\paper_gaussian\paper_2d_100000.csv,D:\AutoCluster-OMP\datasets\paper_gaussian\paper_2d_100000_cluster_labels.csv,8,2,15,1,1.5,318668.069420413
fuzzy-cmeans,auto,8,1.05099988,2.2264512532579928,0.2783064066572491,4903689.836977277,pass,dynamic_256,paper_2d_100000_k8_it15_r1_m1p5,D:\AutoCluster-OMP\datasets\paper_gaussian\paper_2d_100000.csv,D:\AutoCluster-OMP\datasets\paper_gaussian\paper_2d_100000_cluster_labels.csv,8,2,15,1,1.5,318668.069420413
fuzzy-cmeans,sequential,1,1.772,1.0,1.0,4903678.946155452,reference,dynamic_256,paper_2d_100000_k8_it15_r1_m2p0,D:\AutoCluster-OMP\datasets\paper_gaussian\paper_2d_100000.csv,D:\AutoCluster-OMP\datasets\paper_gaussian\paper_2d_100000_cluster_labels.csv,8,2,15,1,2.0,278410.226744622
fuzzy-cmeans,manual,1,1.772000074,0.9999999582392795,0.9999999582392795,4903678.946155452,pass,dynamic_256,paper_2d_100000_k8_it15_r1_m2p0,D:\AutoCluster-OMP\datasets\paper_gaussian\paper_2d_100000.csv,D:\AutoCluster-OMP\datasets\paper_gaussian\paper_2d_100000_cluster_labels.csv,8,2,15,1,2.0,278410.226744622
fuzzy-cmeans,manual,2,0.986999989,1.7953394323695377,0.8976697161847689,4903678.946155452,pass,dynamic_256,paper_2d_100000_k8_it15_r1_m2p0,D:\AutoCluster-OMP\datasets\paper_gaussian\paper_2d_100000.csv,D:\AutoCluster-OMP\datasets\paper_gaussian\paper_2d_100000_cluster_labels.csv,8,2,15,1,2.0,278410.226744622
fuzzy-cmeans,manual,4,0.611000061,2.9001633765794335,0.7250408441448584,4903678.946155452,pass,dynamic_256,paper_2d_100000_k8_it15_r1_m2p0,D:\AutoCluster-OMP\datasets\paper_gaussian\paper_2d_100000.csv,D:\AutoCluster-OMP\datasets\paper_gaussian\paper_2d_100000_cluster_labels.csv,8,2,15,1,2.0,278410.226744622
fuzzy-cmeans,manual,8,0.528000116,3.356059868744423,0.4195074835930529,4903678.946155452,pass,dynamic_256,paper_2d_100000_k8_it15_r1_m2p0,D:\AutoCluster-OMP\datasets\paper_gaussian\paper_2d_100000.csv,D:\AutoCluster-OMP\datasets\paper_gaussian\paper_2d_100000_cluster_labels.csv,8,2,15,1,2.0,278410.226744622
fuzzy-cmeans,auto,1,1.776000023,0.9977477348264652,0.9977477348264652,4903678.946155452,pass,dynamic_256,paper_2d_100000_k8_it15_r1_m2p0,D:\AutoCluster-OMP\datasets\paper_gaussian\paper_2d_100000.csv,D:\AutoCluster-OMP\datasets\paper_gaussian\paper_2d_100000_cluster_labels.csv,8,2,15,1,2.0,278410.226744622
fuzzy-cmeans,auto,2,0.990999937,1.7880929491925892,0.8940464745962946,4903678.946155452,pass,dynamic_256,paper_2d_100000_k8_it15_r1_m2p0,D:\AutoCluster-OMP\datasets\paper_gaussian\paper_2d_100000.csv,D:\AutoCluster-OMP\datasets\paper_gaussian\paper_2d_100000_cluster_labels.csv,8,2,15,1,2.0,278410.226744622
fuzzy-cmeans,auto,4,0.60800004,2.9144734924688493,0.7286183731172123,4903678.946155452,pass,dynamic_256,paper_2d_100000_k8_it15_r1_m2p0,D:\AutoCluster-OMP\datasets\paper_gaussian\paper_2d_100000.csv,D:\AutoCluster-OMP\datasets\paper_gaussian\paper_2d_100000_cluster_labels.csv,8,2,15,1,2.0,278410.226744622
fuzzy-cmeans,auto,8,0.463000059,3.827213335193117,0.4784016668991396,4903678.946155452,pass,dynamic_256,paper_2d_100000_k8_it15_r1_m2p0,D:\AutoCluster-OMP\datasets\paper_gaussian\paper_2d_100000.csv,D:\AutoCluster-OMP\datasets\paper_gaussian\paper_2d_100000_cluster_labels.csv,8,2,15,1,2.0,278410.226744622
fuzzy-cmeans,sequential,1,8.075,1.0,1.0,4898949.56342204,reference,dynamic_256,paper_2d_100000_k8_it15_r1_m2p5,D:\AutoCluster-OMP\datasets\paper_gaussian\paper_2d_100000.csv,D:\AutoCluster-OMP\datasets\paper_gaussian\paper_2d_100000_cluster_labels.csv,8,2,15,1,2.5,684041.711054319
fuzzy-cmeans,manual,1,7.877000093,1.0251364611733285,1.0251364611733285,4898949.56342204,pass,dynamic_256,paper_2d_100000_k8_it15_r1_m2p5,D:\AutoCluster-OMP\datasets\paper_gaussian\paper_2d_100000.csv,D:\AutoCluster-OMP\datasets\paper_gaussian\paper_2d_100000_cluster_labels.csv,8,2,15,1,2.5,684041.711054319
fuzzy-cmeans,manual,2,4.368999958,1.8482490450049118,0.9241245225024559,4898949.56342204,pass,dynamic_256,paper_2d_100000_k8_it15_r1_m2p5,D:\AutoCluster-OMP\datasets\paper_gaussian\paper_2d_100000.csv,D:\AutoCluster-OMP\datasets\paper_gaussian\paper_2d_100000_cluster_labels.csv,8,2,15,1,2.5,684041.711054319
fuzzy-cmeans,manual,4,2.638000011,3.0610310713906967,0.7652577678476742,4898949.56342204,pass,dynamic_256,paper_2d_100000_k8_it15_r1_m2p5,D:\AutoCluster-OMP\datasets\paper_gaussian\paper_2d_100000.csv,D:\AutoCluster-OMP\datasets\paper_gaussian\paper_2d_100000_cluster_labels.csv,8,2,15,1,2.5,684041.711054319
fuzzy-cmeans,manual,8,1.867000103,4.325120275582544,0.540640034447818,4898949.56342204,pass,dynamic_256,paper_2d_100000_k8_it15_r1_m2p5,D:\AutoCluster-OMP\datasets\paper_gaussian\paper_2d_100000.csv,D:\AutoCluster-OMP\datasets\paper_gaussian\paper_2d_100000_cluster_labels.csv,8,2,15,1,2.5,684041.711054319
fuzzy-cmeans,auto,1,7.874000072,1.025527041676664,1.025527041676664,4898949.56342204,pass,dynamic_256,paper_2d_100000_k8_it15_r1_m2p5,D:\AutoCluster-OMP\datasets\paper_gaussian\paper_2d_100000.csv,D:\AutoCluster-OMP\datasets\paper_gaussian\paper_2d_100000_cluster_labels.csv,8,2,15,1,2.5,684041.711054319
fuzzy-cmeans,auto,2,4.383999825,1.8419252560075088,0.9209626280037544,4898949.56342204,pass,dynamic_256,paper_2d_100000_k8_it15_r1_m2p5,D:\AutoCluster-OMP\datasets\paper_gaussian\paper_2d_100000.csv,D:\AutoCluster-OMP\datasets\paper_gaussian\paper_2d_100000_cluster_labels.csv,8,2,15,1,2.5,684041.711054319
fuzzy-cmeans,auto,4,2.65199995,3.044871852278881,0.7612179630697202,4898949.56342204,pass,dynamic_256,paper_2d_100000_k8_it15_r1_m2p5,D:\AutoCluster-OMP\datasets\paper_gaussian\paper_2d_100000.csv,D:\AutoCluster-OMP\datasets\paper_gaussian\paper_2d_100000_cluster_labels.csv,8,2,15,1,2.5,684041.711054319
fuzzy-cmeans,auto,8,1.802000046,4.481131961080981,0.5601414951351227,4898949.56342204,pass,dynamic_256,paper_2d_100000_k8_it15_r1_m2p5,D:\AutoCluster-OMP\datasets\paper_gaussian\paper_2d_100000.csv,D:\AutoCluster-OMP\datasets\paper_gaussian\paper_2d_100000_cluster_labels.csv,8,2,15,1,2.5,684041.711054319
fuzzy-cmeans,sequential,1,4.638,1.0,1.0,4903689.836976154,reference,dynamic_256,paper_2d_100000_k8_it30_r1_m1p5,D:\AutoCluster-OMP\datasets\paper_gaussian\paper_2d_100000.csv,D:\AutoCluster-OMP\datasets\paper_gaussian\paper_2d_100000_cluster_labels.csv,8,2,30,1,1.5,318668.069420412
fuzzy-cmeans,manual,1,4.657999992,0.9957063134318701,0.9957063134318701,4903689.836976154,pass,dynamic_256,paper_2d_100000_k8_it30_r1_m1p5,D:\AutoCluster-OMP\datasets\paper_gaussian\paper_2d_100000.csv,D:\AutoCluster-OMP\datasets\paper_gaussian\paper_2d_100000_cluster_labels.csv,8,2,30,1,1.5,318668.069420412
fuzzy-cmeans,manual,2,3.24000001,1.4314814770633286,0.7157407385316643,4903689.836976154,pass,dynamic_256,paper_2d_100000_k8_it30_r1_m1p5,D:\AutoCluster-OMP\datasets\paper_gaussian\paper_2d_100000.csv,D:\AutoCluster-OMP\datasets\paper_gaussian\paper_2d_100000_cluster_labels.csv,8,2,30,1,1.5,318668.069420412
fuzzy-cmeans,manual,4,2.493000031,1.8604091224738537,0.4651022806184634,4903689.836976154,pass,dynamic_256,paper_2d_100000_k8_it30_r1_m1p5,D:\AutoCluster-OMP\datasets\paper_gaussian\paper_2d_100000.csv,D:\AutoCluster-OMP\datasets\paper_gaussian\paper_2d_100000_cluster_labels.csv,8,2,30,1,1.5,318668.069420412
fuzzy-cmeans,manual,8,2.366999865,1.9594424438211786,0.24493030547764733,4903689.836976154,pass,dynamic_256,paper_2d_100000_k8_it30_r1_m1p5,D:\AutoCluster-OMP\datasets\paper_gaussian\paper_2d_100000.csv,D:\AutoCluster-OMP\datasets\paper_gaussian\paper_2d_100000_cluster_labels.csv,8,2,30,1,1.5,318668.069420412
fuzzy-cmeans,auto,1,4.832000017,0.9598509900005242,0.9598509900005242,4903689.836976154,pass,dynamic_256,paper_2d_100000_k8_it30_r1_m1p5,D:\AutoCluster-OMP\datasets\paper_gaussian\paper_2d_100000.csv,D:\AutoCluster-OMP\datasets\paper_gaussian\paper_2d_100000_cluster_labels.csv,8,2,30,1,1.5,318668.069420412
fuzzy-cmeans,auto,2,3.254000187,1.4253225978686768,0.7126612989343384,4903689.836976154,pass,dynamic_256,paper_2d_100000_k8_it30_r1_m1p5,D:\AutoCluster-OMP\datasets\paper_gaussian\paper_2d_100000.csv,D:\AutoCluster-OMP\datasets\paper_gaussian\paper_2d_100000_cluster_labels.csv,8,2,30,1,1.5,318668.069420412
fuzzy-cmeans,auto,4,2.450000048,1.89306118740125,0.4732652968503125,4903689.836976154,pass,dynamic_256,paper_2d_100000_k8_it30_r1_m1p5,D:\AutoCluster-OMP\datasets\paper_gaussian\paper_2d_100000.csv,D:\AutoCluster-OMP\datasets\paper_gaussian\paper_2d_100000_cluster_labels.csv,8,2,30,1,1.5,318668.069420412
fuzzy-cmeans,auto,8,2.157999992,2.1492122415170054,0.2686515301896257,4903689.836976154,pass,dynamic_256,paper_2d_100000_k8_it30_r1_m1p5,D:\AutoCluster-OMP\datasets\paper_gaussian\paper_2d_100000.csv,D:\AutoCluster-OMP\datasets\paper_gaussian\paper_2d_100000_cluster_labels.csv,8,2,30,1,1.5,318668.069420412
fuzzy-cmeans,sequential,1,3.571,1.0,1.0,4903688.411811251,reference,dynamic_256,paper_2d_100000_k8_it30_r1_m2p0,D:\AutoCluster-OMP\datasets\paper_gaussian\paper_2d_100000.csv,D:\AutoCluster-OMP\datasets\paper_gaussian\paper_2d_100000_cluster_labels.csv,8,2,30,1,2.0,278184.278587808
fuzzy-cmeans,manual,1,3.557999849,1.0036537806497248,1.0036537806497248,4903688.411811251,pass,dynamic_256,paper_2d_100000_k8_it30_r1_m2p0,D:\AutoCluster-OMP\datasets\paper_gaussian\paper_2d_100000.csv,D:\AutoCluster-OMP\datasets\paper_gaussian\paper_2d_100000_cluster_labels.csv,8,2,30,1,2.0,278184.278587808
fuzzy-cmeans,manual,2,1.999000072,1.7863931322559752,0.8931965661279876,4903688.411811251,pass,dynamic_256,paper_2d_100000_k8_it30_r1_m2p0,D:\AutoCluster-OMP\datasets\paper_gaussian\paper_2d_100000.csv,D:\AutoCluster-OMP\datasets\paper_gaussian\paper_2d_100000_cluster_labels.csv,8,2,30,1,2.0,278184.278587808
fuzzy-cmeans,manual,4,1.220999956,2.9246520300447907,0.7311630075111977,4903688.411811251,pass,dynamic_256,paper_2d_100000_k8_it30_r1_m2p0,D:\AutoCluster-OMP\datasets\paper_gaussian\paper_2d_100000.csv,D:\AutoCluster-OMP\datasets\paper_gaussian\paper_2d_100000_cluster_labels.csv,8,2,30,1,2.0,278184.278587808
fuzzy-cmeans,manual,8,1.077000141,3.3156913022168304,0.4144614127771038,4903688.411811251,pass,dynamic_256,paper_2d_100000_k8_it30_r1_m2p0,D:\AutoCluster-OMP\datasets\paper_gaussian\paper_2d_100000.csv,D:\AutoCluster-OMP\datasets\paper_gaussian\paper_2d_100000_cluster_labels.csv,8,2,30,1,2.0,278184.278587808
fuzzy-cmeans,auto,1,3.622999907,0.9856472789581002,0.9856472789581002,4903688.411811251,pass,dynamic_256,paper_2d_100000_k8_it30_r1_m2p0,D:\AutoCluster-OMP\datasets\paper_gaussian\paper_2d_100000.csv,D:\AutoCluster-OMP\datasets\paper_gaussian\paper_2d_100000_cluster_labels.csv,8,2,30,1,2.0,278184.278587808
fuzzy-cmeans,auto,2,2.014999866,1.7722085545786335,0.8861042772893167,4903688.411811251,pass,dynamic_256,paper_2d_100000_k8_it30_r1_m2p0,D:\AutoCluster-OMP\datasets\paper_gaussian\paper_2d_100000.csv,D:\AutoCluster-OMP\datasets\paper_gaussian\paper_2d_100000_cluster_labels.csv,8,2,30,1,2.0,278184.278587808
fuzzy-cmeans,auto,4,1.207000017,2.9585749376174206,0.7396437344043552,4903688.411811251,pass,dynamic_256,paper_2d_100000_k8_it30_r1_m2p0,D:\AutoCluster-OMP\datasets\paper_gaussian\paper_2d_100000.csv,D:\AutoCluster-OMP\datasets\paper_gaussian\paper_2d_100000_cluster_labels.csv,8,2,30,1,2.0,278184.278587808
fuzzy-cmeans,auto,8,0.904999971,3.9458564800329703,0.4932320600041213,4903688.411811251,pass,dynamic_256,paper_2d_100000_k8_it30_r1_m2p0,D:\AutoCluster-OMP\datasets\paper_gaussian\paper_2d_100000.csv,D:\AutoCluster-OMP\datasets\paper_gaussian\paper_2d_100000_cluster_labels.csv,8,2,30,1,2.0,278184.278587808
fuzzy-cmeans,sequential,1,15.014,1.0,1.0,4901830.303819842,reference,dynamic_256,paper_2d_100000_k8_it30_r1_m2p5,D:\AutoCluster-OMP\datasets\paper_gaussian\paper_2d_100000.csv,D:\AutoCluster-OMP\datasets\paper_gaussian\paper_2d_100000_cluster_labels.csv,8,2,30,1,2.5,182945.592705848
fuzzy-cmeans,manual,1,15.281000137,0.9825273127016398,0.9825273127016398,4901830.303819842,pass,dynamic_256,paper_2d_100000_k8_it30_r1_m2p5,D:\AutoCluster-OMP\datasets\paper_gaussian\paper_2d_100000.csv,D:\AutoCluster-OMP\datasets\paper_gaussian\paper_2d_100000_cluster_labels.csv,8,2,30,1,2.5,182945.592705848
fuzzy-cmeans,manual,2,8.525000095,1.7611730009018844,0.8805865004509422,4901830.303819842,pass,dynamic_256,paper_2d_100000_k8_it30_r1_m2p5,D:\AutoCluster-OMP\datasets\paper_gaussian\paper_2d_100000.csv,D:\AutoCluster-OMP\datasets\paper_gaussian\paper_2d_100000_cluster_labels.csv,8,2,30,1,2.5,182945.592705848
fuzzy-cmeans,manual,4,5.085999966,2.9520251868597827,0.7380062967149457,4901830.303819842,pass,dynamic_256,paper_2d_100000_k8_it30_r1_m2p5,D:\AutoCluster-OMP\datasets\paper_gaussian\paper_2d_100000.csv,D:\AutoCluster-OMP\datasets\paper_gaussian\paper_2d_100000_cluster_labels.csv,8,2,30,1,2.5,182945.592705848
fuzzy-cmeans,manual,8,3.648000002,4.115679822305,0.514459977788125,4901830.303819842,pass,dynamic_256,paper_2d_100000_k8_it30_r1_m2p5,D:\AutoCluster-OMP\datasets\paper_gaussian\paper_2d_100000.csv,D:\AutoCluster-OMP\datasets\paper_gaussian\paper_2d_100000_cluster_labels.csv,8,2,30,1,2.5,182945.592705848
fuzzy-cmeans,auto,1,15.184000015,0.9888040032381414,0.9888040032381414,4901830.303819842,pass,dynamic_256,paper_2d_100000_k8_it30_r1_m2p5,D:\AutoCluster-OMP\datasets\paper_gaussian\paper_2d_100000.csv,D:\AutoCluster-OMP\datasets\paper_gaussian\paper_2d_100000_cluster_labels.csv,8,2,30,1,2.5,182945.592705848
fuzzy-cmeans,auto,2,8.505999804,1.765107023978483,0.8825535119892415,4901830.303819842,pass,dynamic_256,paper_2d_100000_k8_it30_r1_m2p5,D:\AutoCluster-OMP\datasets\paper_gaussian\paper_2d_100000.csv,D:\AutoCluster-OMP\datasets\paper_gaussian\paper_2d_100000_cluster_labels.csv,8,2,30,1,2.5,182945.592705848
fuzzy-cmeans,auto,4,5.078999996,2.956093721564161,0.7390234303910402,4901830.303819842,pass,dynamic_256,paper_2d_100000_k8_it30_r1_m2p5,D:\AutoCluster-OMP\datasets\paper_gaussian\paper_2d_100000.csv,D:\AutoCluster-OMP\datasets\paper_gaussian\paper_2d_100000_cluster_labels.csv,8,2,30,1,2.5,182945.592705848
fuzzy-cmeans,auto,8,3.585000038,4.188005534408867,0.5235006918011084,4901830.303819842,pass,dynamic_256,paper_2d_100000_k8_it30_r1_m2p5,D:\AutoCluster-OMP\datasets\paper_gaussian\paper_2d_100000.csv,D:\AutoCluster-OMP\datasets\paper_gaussian\paper_2d_100000_cluster_labels.csv,8,2,30,1,2.5,182945.592705848
fuzzy-cmeans,sequential,1,1.667,1.0,1.0,9800716.613931887,reference,dynamic_256,paper_2d_200000_k8_it5_r1_m1p5,D:\AutoCluster-OMP\datasets\paper_gaussian\paper_2d_200000.csv,D:\AutoCluster-OMP\datasets\paper_gaussian\paper_2d_200000_cluster_labels.csv,8,2,5,1,1.5,14424699.81258712
fuzzy-cmeans,manual,1,1.664000034,1.001802864145855,1.001802864145855,9800716.613931887,pass,dynamic_256,paper_2d_200000_k8_it5_r1_m1p5,D:\AutoCluster-OMP\datasets\paper_gaussian\paper_2d_200000.csv,D:\AutoCluster-OMP\datasets\paper_gaussian\paper_2d_200000_cluster_labels.csv,8,2,5,1,1.5,14424699.81258712
fuzzy-cmeans,manual,2,1.144000053,1.4571677646591856,0.7285838823295928,9800716.613931887,pass,dynamic_256,paper_2d_200000_k8_it5_r1_m1p5,D:\AutoCluster-OMP\datasets\paper_gaussian\paper_2d_200000.csv,D:\AutoCluster-OMP\datasets\paper_gaussian\paper_2d_200000_cluster_labels.csv,8,2,5,1,1.5,14424699.81258712
fuzzy-cmeans,manual,4,0.893000126,1.8667410579962225,0.4666852644990556,9800716.613931887,pass,dynamic_256,paper_2d_200000_k8_it5_r1_m1p5,D:\AutoCluster-OMP\datasets\paper_gaussian\paper_2d_200000.csv,D:\AutoCluster-OMP\datasets\paper_gaussian\paper_2d_200000_cluster_labels.csv,8,2,5,1,1.5,14424699.81258712
fuzzy-cmeans,manual,8,0.809999943,2.058024836181995,0.25725310452274935,9800716.613931887,pass,dynamic_256,paper_2d_200000_k8_it5_r1_m1p5,D:\AutoCluster-OMP\datasets\paper_gaussian\paper_2d_200000.csv,D:\AutoCluster-OMP\datasets\paper_gaussian\paper_2d_200000_cluster_labels.csv,8,2,5,1,1.5,14424699.81258712
fuzzy-cmeans,auto,1,1.667999983,0.9994004898020433,0.9994004898020433,9800716.613931887,pass,dynamic_256,paper_2d_200000_k8_it5_r1_m1p5,D:\AutoCluster-OMP\datasets\paper_gaussian\paper_2d_200000.csv,D:\AutoCluster-OMP\datasets\paper_gaussian\paper_2d_200000_cluster_labels.csv,8,2,5,1,1.5,14424699.81258712
fuzzy-cmeans,auto,2,1.144999981,1.4558952206655102,0.7279476103327551,9800716.613931887,pass,dynamic_256,paper_2d_200000_k8_it5_r1_m1p5,D:\AutoCluster-OMP\datasets\paper_gaussian\paper_2d_200000.csv,D:\AutoCluster-OMP\datasets\paper_gaussian\paper_2d_200000_cluster_labels.csv,8,2,5,1,1.5,14424699.81258712
fuzzy-cmeans,auto,4,0.872999907,1.9095076490082605,0.47737691225206513,9800716.613931887,pass,dynamic_256,paper_2d_200000_k8_it5_r1_m1p5,D:\AutoCluster-OMP\datasets\paper_gaussian\paper_2d_200000.csv,D:\AutoCluster-OMP\datasets\paper_gaussian\paper_2d_200000_cluster_labels.csv,8,2,5,1,1.5,14424699.81258712
fuzzy-cmeans,auto,8,0.788000107,2.1154819462480097,0.2644352432810012,9800716.613931887,pass,dynamic_256,paper_2d_200000_k8_it5_r1_m1p5,D:\AutoCluster-OMP\datasets\paper_gaussian\paper_2d_200000.csv,D:\AutoCluster-OMP\datasets\paper_gaussian\paper_2d_200000_cluster_labels.csv,8,2,5,1,1.5,14424699.81258712
fuzzy-cmeans,sequential,1,1.244,1.0,1.0,9800018.400011387,reference,dynamic_256,paper_2d_200000_k8_it5_r1_m2p0,D:\AutoCluster-OMP\datasets\paper_gaussian\paper_2d_200000.csv,D:\AutoCluster-OMP\datasets\paper_gaussian\paper_2d_200000_cluster_labels.csv,8,2,5,1,2.0,5372266.831606277
fuzzy-cmeans,manual,1,1.252000093,0.9936101498356679,0.9936101498356679,9800018.400011387,pass,dynamic_256,paper_2d_200000_k8_it5_r1_m2p0,D:\AutoCluster-OMP\datasets\paper_gaussian\paper_2d_200000.csv,D:\AutoCluster-OMP\datasets\paper_gaussian\paper_2d_200000_cluster_labels.csv,8,2,5,1,2.0,5372266.831606277
fuzzy-cmeans,manual,2,0.703999996,1.7670454645854856,0.8835227322927428,9800018.400011387,pass,dynamic_256,paper_2d_200000_k8_it5_r1_m2p0,D:\AutoCluster-OMP\datasets\paper_gaussian\paper_2d_200000.csv,D:\AutoCluster-OMP\datasets\paper_gaussian\paper_2d_200000_cluster_labels.csv,8,2,5,1,2.0,5372266.831606277
fuzzy-cmeans,manual,4,0.45600009,2.7280696370037996,0.6820174092509499,9800018.400011387,pass,dynamic_256,paper_2d_200000_k8_it5_r1_m2p0,D:\AutoCluster-OMP\datasets\paper_gaussian\paper_2d_200000.csv,D:\AutoCluster-OMP\datasets\paper_gaussian\paper_2d_200000_cluster_labels.csv,8,2,5,1,2.0,5372266.831606277
fuzzy-cmeans,manual,8,0.375999928,3.308511271842584,0.413563908980323,9800018.400011387,pass,dynamic_256,paper_2d_200000_k8_it5_r1_m2p0,D:\AutoCluster-OMP\datasets\paper_gaussian\paper_2d_200000.csv,D:\AutoCluster-OMP\datasets\paper_gaussian\paper_2d_200000_cluster_labels.csv,8,2,5,1,2.0,5372266.831606277
fuzzy-cmeans,auto,1,1.26699996,0.9818469133969034,0.9818469133969034,9800018.400011387,pass,dynamic_256,paper_2d_200000_k8_it5_r1_m2p0,D:\AutoCluster-OMP\datasets\paper_gaussian\paper_2d_200000.csv,D:\AutoCluster-OMP\datasets\paper_gaussian\paper_2d_200000_cluster_labels.csv,8,2,5,1,2.0,5372266.831606277
fuzzy-cmeans,auto,2,0.703999996,1.7670454645854856,0.8835227322927428,9800018.400011387,pass,dynamic_256,paper_2d_200000_k8_it5_r1_m2p0,D:\AutoCluster-OMP\datasets\paper_gaussian\paper_2d_200000.csv,D:\AutoCluster-OMP\datasets\paper_gaussian\paper_2d_200000_cluster_labels.csv,8,2,5,1,2.0,5372266.831606277
fuzzy-cmeans,auto,4,0.440999985,2.8208617739522146,0.7052154434880537,9800018.400011387,pass,dynamic_256,paper_2d_200000_k8_it5_r1_m2p0,D:\AutoCluster-OMP\datasets\paper_gaussian\paper_2d_200000.csv,D:\AutoCluster-OMP\datasets\paper_gaussian\paper_2d_200000_cluster_labels.csv,8,2,5,1,2.0,5372266.831606277
fuzzy-cmeans,auto,8,0.350999832,3.544161240510223,0.4430201550637779,9800018.400011387,pass,dynamic_256,paper_2d_200000_k8_it5_r1_m2p0,D:\AutoCluster-OMP\datasets\paper_gaussian\paper_2d_200000.csv,D:\AutoCluster-OMP\datasets\paper_gaussian\paper_2d_200000_cluster_labels.csv,8,2,5,1,2.0,5372266.831606277
fuzzy-cmeans,sequential,1,5.794,1.0,1.0,9799959.07082684,reference,dynamic_256,paper_2d_200000_k8_it5_r1_m2p5,D:\AutoCluster-OMP\datasets\paper_gaussian\paper_2d_200000.csv,D:\AutoCluster-OMP\datasets\paper_gaussian\paper_2d_200000_cluster_labels.csv,8,2,5,1,2.5,1901846.069035282
fuzzy-cmeans,manual,1,5.791000128,1.000518023127904,1.000518023127904,9799959.07082684,pass,dynamic_256,paper_2d_200000_k8_it5_r1_m2p5,D:\AutoCluster-OMP\datasets\paper_gaussian\paper_2d_200000.csv,D:\AutoCluster-OMP\datasets\paper_gaussian\paper_2d_200000_cluster_labels.csv,8,2,5,1,2.5,1901846.069035282
fuzzy-cmeans,manual,2,3.230999947,1.7932528923065314,0.8966264461532657,9799959.07082684,pass,dynamic_256,paper_2d_200000_k8_it5_r1_m2p5,D:\AutoCluster-OMP\datasets\paper_gaussian\paper_2d_200000.csv,D:\AutoCluster-OMP\datasets\paper_gaussian\paper_2d_200000_cluster_labels.csv,8,2,5,1,2.5,1901846.069035282
fuzzy-cmeans,manual,4,1.938999891,2.988138383551874,0.7470345958879685,9799959.07082684,pass,dynamic_256,paper_2d_200000_k8_it5_r1_m2p5,D:\AutoCluster-OMP\datasets\paper_gaussian\paper_2d_200000.csv,D:\AutoCluster-OMP\datasets\paper_gaussian\paper_2d_200000_cluster_labels.csv,8,2,5,1,2.5,1901846.069035282
fuzzy-cmeans,manual,8,1.354000092,4.279172530514126,0.5348965663142657,9799959.07082684,pass,dynamic_256,paper_2d_200000_k8_it5_r1_m2p5,D:\AutoCluster-OMP\datasets\paper_gaussian\paper_2d_200000.csv,D:\AutoCluster-OMP\datasets\paper_gaussian\paper_2d_200000_cluster_labels.csv,8,2,5,1,2.5,1901846.069035282
fuzzy-cmeans,auto,1,5.800000191,0.9989654843444125,0.9989654843444125,9799959.07082684,pass,dynamic_256,paper_2d_200000_k8_it5_r1_m2p5,D:\AutoCluster-OMP\datasets\paper_gaussian\paper_2d_200000.csv,D:\AutoCluster-OMP\datasets\paper_gaussian\paper_2d_200000_cluster_labels.csv,8,2,5,1,2.5,1901846.069035282
fuzzy-cmeans,auto,2,3.230000019,1.7938080389837914,0.8969040194918957,9799959.07082684,pass,dynamic_256,paper_2d_200000_k8_it5_r1_m2p5,D:\AutoCluster-OMP\datasets\paper_gaussian\paper_2d_200000.csv,D:\AutoCluster-OMP\datasets\paper_gaussian\paper_2d_200000_cluster_labels.csv,8,2,5,1,2.5,1901846.069035282
fuzzy-cmeans,auto,4,1.935000181,2.9943149653896595,0.7485787413474149,9799959.07082684,pass,dynamic_256,paper_2d_200000_k8_it5_r1_m2p5,D:\AutoCluster-OMP\datasets\paper_gaussian\paper_2d_200000.csv,D:\AutoCluster-OMP\datasets\paper_gaussian\paper_2d_200000_cluster_labels.csv,8,2,5,1,2.5,1901846.069035282
fuzzy-cmeans,auto,8,1.340000153,4.323880103318166,0.5404850129147708,9799959.07082684,pass,dynamic_256,paper_2d_200000_k8_it5_r1_m2p5,D:\AutoCluster-OMP\datasets\paper_gaussian\paper_2d_200000.csv,D:\AutoCluster-OMP\datasets\paper_gaussian\paper_2d_200000_cluster_labels.csv,8,2,5,1,2.5,1901846.069035282
fuzzy-cmeans,sequential,1,4.845,1.0,1.0,9801916.01760902,reference,dynamic_256,paper_2d_200000_k8_it15_r1_m1p5,D:\AutoCluster-OMP\datasets\paper_gaussian\paper_2d_200000.csv,D:\AutoCluster-OMP\datasets\paper_gaussian\paper_2d_200000_cluster_labels.csv,8,2,15,1,1.5,631052.081317194
fuzzy-cmeans,manual,1,4.855999947,0.9977347720098729,0.9977347720098729,9801916.01760902,pass,dynamic_256,paper_2d_200000_k8_it15_r1_m1p5,D:\AutoCluster-OMP\datasets\paper_gaussian\paper_2d_200000.csv,D:\AutoCluster-OMP\datasets\paper_gaussian\paper_2d_200000_cluster_labels.csv,8,2,15,1,1.5,631052.081317194
fuzzy-cmeans,manual,2,3.289000034,1.4730921100379655,0.7365460550189827,9801916.01760902,pass,dynamic_256,paper_2d_200000_k8_it15_r1_m1p5,D:\AutoCluster-OMP\datasets\paper_gaussian\paper_2d_200000.csv,D:\AutoCluster-OMP\datasets\paper_gaussian\paper_2d_200000_cluster_labels.csv,8,2,15,1,1.5,631052.081317194
fuzzy-cmeans,manual,4,2.5,1.938,0.4845,9801916.01760902,pass,dynamic_256,paper_2d_200000_k8_it15_r1_m1p5,D:\AutoCluster-OMP\datasets\paper_gaussian\paper_2d_200000.csv,D:\AutoCluster-OMP\datasets\paper_gaussian\paper_2d_200000_cluster_labels.csv,8,2,15,1,1.5,631052.081317194
fuzzy-cmeans,manual,8,2.281999826,2.1231377604846497,0.2653922200605812,9801916.01760902,pass,dynamic_256,paper_2d_200000_k8_it15_r1_m1p5,D:\AutoCluster-OMP\datasets\paper_gaussian\paper_2d_200000.csv,D:\AutoCluster-OMP\datasets\paper_gaussian\paper_2d_200000_cluster_labels.csv,8,2,15,1,1.5,631052.081317194
fuzzy-cmeans,auto,1,4.932999849,0.9821609868855279,0.9821609868855279,9801916.01760902,pass,dynamic_256,paper_2d_200000_k8_it15_r1_m1p5,D:\AutoCluster-OMP\datasets\paper_gaussian\paper_2d_200000.csv,D:\AutoCluster-OMP\datasets\paper_gaussian\paper_2d_200000_cluster_labels.csv,8,2,15,1,1.5,631052.081317194
fuzzy-cmeans,auto,2,3.279999971,1.4771341594014908,0.7385670797007454,9801916.01760902,pass,dynamic_256,paper_2d_200000_k8_it15_r1_m1p5,D:\AutoCluster-OMP\datasets\paper_gaussian\paper_2d_200000.csv,D:\AutoCluster-OMP\datasets\paper_gaussian\paper_2d_200000_cluster_labels.csv,8,2,15,1,1.5,631052.081317194
fuzzy-cmeans,auto,4,2.480000019,1.9536290172907451,0.4884072543226863,9801916.01760902,pass,dynamic_256,paper_2d_200000_k8_it15_r1_m1p5,D:\AutoCluster-OMP\datasets\paper_gaussian\paper_2d_200000.csv,D:\AutoCluster-OMP\datasets\paper_gaussian\paper_2d_200000_cluster_labels.csv,8,2,15,1,1.5,631052.081317194
fuzzy-cmeans,auto,8,2.230000019,2.1726457213989825,0.2715807151748728,9801916.01760902,pass,dynamic_256,paper_2d_200000_k8_it15_r1_m1p5,D:\AutoCluster-OMP\datasets\paper_gaussian\paper_2d_200000.csv,D:\AutoCluster-OMP\datasets\paper_gaussian\paper_2d_200000_cluster_labels.csv,8,2,15,1,1.5,631052.081317194
fuzzy-cmeans,sequential,1,3.676,1.0,1.0,9801817.655362343,reference,dynamic_256,paper_2d_200000_k8_it15_r1_m2p0,D:\AutoCluster-OMP\datasets\paper_gaussian\paper_2d_200000.csv,D:\AutoCluster-OMP\datasets\paper_gaussian\paper_2d_200000_cluster_labels.csv,8,2,15,1,2.0,551807.2695158
fuzzy-cmeans,manual,1,3.664999962,1.0030013746559487,1.0030013746559487,9801817.655362343,pass,dynamic_256,paper_2d_200000_k8_it15_r1_m2p0,D:\AutoCluster-OMP\datasets\paper_gaussian\paper_2d_200000.csv,D:\AutoCluster-OMP\datasets\paper_gaussian\paper_2d_200000_cluster_labels.csv,8,2,15,1,2.0,551807.2695158
fuzzy-cmeans,manual,2,2.06099987,1.7836003065832315,0.8918001532916158,9801817.655362343,pass,dynamic_256,paper_2d_200000_k8_it15_r1_m2p0,D:\AutoCluster-OMP\datasets\paper_gaussian\paper_2d_200000.csv,D:\AutoCluster-OMP\datasets\paper_gaussian\paper_2d_200000_cluster_labels.csv,8,2,15,1,2.0,551807.2695158
fuzzy-cmeans,manual,4,1.25999999,2.9174603406147646,0.7293650851536911,9801817.655362343,pass,dynamic_256,paper_2d_200000_k8_it15_r1_m2p0,D:\AutoCluster-OMP\datasets\paper_gaussian\paper_2d_200000.csv,D:\AutoCluster-OMP\datasets\paper_gaussian\paper_2d_200000_cluster_labels.csv,8,2,15,1,2.0,551807.2695158
fuzzy-cmeans,manual,8,1.071000099,3.4323059385636903,0.4290382423204613,9801817.655362343,pass,dynamic_256,paper_2d_200000_k8_it15_r1_m2p0,D:\AutoCluster-OMP\datasets\paper_gaussian\paper_2d_200000.csv,D:\AutoCluster-OMP\datasets\paper_gaussian\paper_2d_200000_cluster_labels.csv,8,2,15,1,2.0,551807.2695158
fuzzy-cmeans,auto,1,3.688999891,0.9964760392019215,0.9964760392019215,9801817.655362343,pass,dynamic_256,paper_2d_200000_k8_it15_r1_m2p0,D:\AutoCluster-OMP\datasets\paper_gaussian\paper_2d_200000.csv,D:\AutoCluster-OMP\datasets\paper_gaussian\paper_2d_200000_cluster_labels.csv,8,2,15,1,2.0,551807.2695158
fuzzy-cmeans,auto,2,2.064999819,1.7801454344824812,0.8900727172412406,9801817.655362343,pass,dynamic_256,paper_2d_200000_k8_it15_r1_m2p0,D:\AutoCluster-OMP\datasets\paper_gaussian\paper_2d_200000.csv,D:\AutoCluster-OMP\datasets\paper_gaussian\paper_2d_200000_cluster_labels.csv,8,2,15,1,2.0,551807.2695158
fuzzy-cmeans,auto,4,1.275999784,2.880878230618886,0.7202195576547215,9801817.655362343,pass,dynamic_256,paper_2d_200000_k8_it15_r1_m2p0,D:\AutoCluster-OMP\datasets\paper_gaussian\paper_2d_200000.csv,D:\AutoCluster-OMP\datasets\paper_gaussian\paper_2d_200000_cluster_labels.csv,8,2,15,1,2.0,551807.2695158
fuzzy-cmeans,auto,8,1.003000021,3.665004908309967,0.45812561353874587,9801817.655362343,pass,dynamic_256,paper_2d_200000_k8_it15_r1_m2p0,D:\AutoCluster-OMP\datasets\paper_gaussian\paper_2d_200000.csv,D:\AutoCluster-OMP\datasets\paper_gaussian\paper_2d_200000_cluster_labels.csv,8,2,15,1,2.0,551807.2695158
fuzzy-cmeans,sequential,1,16.071,1.0,1.0,9802077.839728694,reference,dynamic_256,paper_2d_200000_k8_it15_r1_m2p5,D:\AutoCluster-OMP\datasets\paper_gaussian\paper_2d_200000.csv,D:\AutoCluster-OMP\datasets\paper_gaussian\paper_2d_200000_cluster_labels.csv,8,2,15,1,2.5,1036660.005115127
fuzzy-cmeans,manual,1,16.160000086,0.994492568964953,0.994492568964953,9802077.839728694,pass,dynamic_256,paper_2d_200000_k8_it15_r1_m2p5,D:\AutoCluster-OMP\datasets\paper_gaussian\paper_2d_200000.csv,D:\AutoCluster-OMP\datasets\paper_gaussian\paper_2d_200000_cluster_labels.csv,8,2,15,1,2.5,1036660.005115127
fuzzy-cmeans,manual,2,8.951999903,1.795241306315729,0.8976206531578645,9802077.839728694,pass,dynamic_256,paper_2d_200000_k8_it15_r1_m2p5,D:\AutoCluster-OMP\datasets\paper_gaussian\paper_2d_200000.csv,D:\AutoCluster-OMP\datasets\paper_gaussian\paper_2d_200000_cluster_labels.csv,8,2,15,1,2.5,1036660.005115127
fuzzy-cmeans,manual,4,5.320999861,3.0202970155649855,0.7550742538912464,9802077.839728694,pass,dynamic_256,paper_2d_200000_k8_it15_r1_m2p5,D:\AutoCluster-OMP\datasets\paper_gaussian\paper_2d_200000.csv,D:\AutoCluster-OMP\datasets\paper_gaussian\paper_2d_200000_cluster_labels.csv,8,2,15,1,2.5,1036660.005115127
fuzzy-cmeans,manual,8,3.789999962,4.24036943565542,0.5300461794569274,9802077.839728694,pass,dynamic_256,paper_2d_200000_k8_it15_r1_m2p5,D:\AutoCluster-OMP\datasets\paper_gaussian\paper_2d_200000.csv,D:\AutoCluster-OMP\datasets\paper_gaussian\paper_2d_200000_cluster_labels.csv,8,2,15,1,2.5,1036660.005115127
fuzzy-cmeans,auto,1,16.23300004,0.9900203265200017,0.9900203265200017,9802077.839728694,pass,dynamic_256,paper_2d_200000_k8_it15_r1_m2p5,D:\AutoCluster-OMP\datasets\paper_gaussian\paper_2d_200000.csv,D:\AutoCluster-OMP\datasets\paper_gaussian\paper_2d_200000_cluster_labels.csv,8,2,15,1,2.5,1036660.005115127
fuzzy-cmeans,auto,2,8.976000071,1.7904411623082308,0.8952205811541154,9802077.839728694,pass,dynamic_256,paper_2d_200000_k8_it15_r1_m2p5,D:\AutoCluster-OMP\datasets\paper_gaussian\paper_2d_200000.csv,D:\AutoCluster-OMP\datasets\paper_gaussian\paper_2d_200000_cluster_labels.csv,8,2,15,1,2.5,1036660.005115127
fuzzy-cmeans,auto,4,5.318000078,3.022000707838275,0.7555001769595687,9802077.839728694,pass,dynamic_256,paper_2d_200000_k8_it15_r1_m2p5,D:\AutoCluster-OMP\datasets\paper_gaussian\paper_2d_200000.csv,D:\AutoCluster-OMP\datasets\paper_gaussian\paper_2d_200000_cluster_labels.csv,8,2,15,1,2.5,1036660.005115127
fuzzy-cmeans,auto,8,3.68900013,4.356465013190444,0.5445581266488055,9802077.839728694,pass,dynamic_256,paper_2d_200000_k8_it15_r1_m2p5,D:\AutoCluster-OMP\datasets\paper_gaussian\paper_2d_200000.csv,D:\AutoCluster-OMP\datasets\paper_gaussian\paper_2d_200000_cluster_labels.csv,8,2,15,1,2.5,1036660.005115127
fuzzy-cmeans,sequential,1,9.671,1.0,1.0,9801916.017609106,reference,dynamic_256,paper_2d_200000_k8_it30_r1_m1p5,D:\AutoCluster-OMP\datasets\paper_gaussian\paper_2d_200000.csv,D:\AutoCluster-OMP\datasets\paper_gaussian\paper_2d_200000_cluster_labels.csv,8,2,30,1,1.5,631052.081317191
fuzzy-cmeans,manual,1,9.664999962,1.0006208006232375,1.0006208006232375,9801916.017609106,pass,dynamic_256,paper_2d_200000_k8_it30_r1_m1p5,D:\AutoCluster-OMP\datasets\paper_gaussian\paper_2d_200000.csv,D:\AutoCluster-OMP\datasets\paper_gaussian\paper_2d_200000_cluster_labels.csv,8,2,30,1,1.5,631052.081317191
fuzzy-cmeans,manual,2,6.536999941,1.4794248259577885,0.7397124129788942,9801916.017609106,pass,dynamic_256,paper_2d_200000_k8_it30_r1_m1p5,D:\AutoCluster-OMP\datasets\paper_gaussian\paper_2d_200000.csv,D:\AutoCluster-OMP\datasets\paper_gaussian\paper_2d_200000_cluster_labels.csv,8,2,30,1,1.5,631052.081317191
fuzzy-cmeans,manual,4,4.929000139,1.9620612147034875,0.49051530367587187,9801916.017609106,pass,dynamic_256,paper_2d_200000_k8_it30_r1_m1p5,D:\AutoCluster-OMP\datasets\paper_gaussian\paper_2d_200000.csv,D:\AutoCluster-OMP\datasets\paper_gaussian\paper_2d_200000_cluster_labels.csv,8,2,30,1,1.5,631052.081317191
fuzzy-cmeans,manual,8,4.493999958,2.151980438447525,0.2689975548059406,9801916.017609106,pass,dynamic_256,paper_2d_200000_k8_it30_r1_m1p5,D:\AutoCluster-OMP\datasets\paper_gaussian\paper_2d_200000.csv,D:\AutoCluster-OMP\datasets\paper_gaussian\paper_2d_200000_cluster_labels.csv,8,2,30,1,1.5,631052.081317191
fuzzy-cmeans,auto,1,9.669000149,1.0002068312099681,1.0002068312099681,9801916.017609106,pass,dynamic_256,paper_2d_200000_k8_it30_r1_m1p5,D:\AutoCluster-OMP\datasets\paper_gaussian\paper_2d_200000.csv,D:\AutoCluster-OMP\datasets\paper_gaussian\paper_2d_200000_cluster_labels.csv,8,2,30,1,1.5,631052.081317191
fuzzy-cmeans,auto,2,6.515000105,1.4844205439962919,0.7422102719981459,9801916.017609106,pass,dynamic_256,paper_2d_200000_k8_it30_r1_m1p5,D:\AutoCluster-OMP\datasets\paper_gaussian\paper_2d_200000.csv,D:\AutoCluster-OMP\datasets\paper_gaussian\paper_2d_200000_cluster_labels.csv,8,2,30,1,1.5,631052.081317191
fuzzy-cmeans,auto,4,4.89199996,1.9769010791242934,0.49422526978107334,9801916.017609106,pass,dynamic_256,paper_2d_200000_k8_it30_r1_m1p5,D:\AutoCluster-OMP\datasets\paper_gaussian\paper_2d_200000.csv,D:\AutoCluster-OMP\datasets\paper_gaussian\paper_2d_200000_cluster_labels.csv,8,2,30,1,1.5,631052.081317191
fuzzy-cmeans,auto,8,4.355999947,2.2201561335326616,0.2775195166915827,9801916.017609106,pass,dynamic_256,paper_2d_200000_k8_it30_r1_m1p5,D:\AutoCluster-OMP\datasets\paper_gaussian\paper_2d_200000.csv,D:\AutoCluster-OMP\datasets\paper_gaussian\paper_2d_200000_cluster_labels.csv,8,2,30,1,1.5,631052.081317191
fuzzy-cmeans,sequential,1,7.267,1.0,1.0,9801833.621967902,reference,dynamic_256,paper_2d_200000_k8_it30_r1_m2p0,D:\AutoCluster-OMP\datasets\paper_gaussian\paper_2d_200000.csv,D:\AutoCluster-OMP\datasets\paper_gaussian\paper_2d_200000_cluster_labels.csv,8,2,30,1,2.0,551320.498882561
fuzzy-cmeans,manual,1,7.145999908,1.0169325627704724,1.0169325627704724,9801833.621967902,pass,dynamic_256,paper_2d_200000_k8_it30_r1_m2p0,D:\AutoCluster-OMP\datasets\paper_gaussian\paper_2d_200000.csv,D:\AutoCluster-OMP\datasets\paper_gaussian\paper_2d_200000_cluster_labels.csv,8,2,30,1,2.0,551320.498882561
fuzzy-cmeans,manual,2,4.023000002,1.806363409492238,0.903181704746119,9801833.621967902,pass,dynamic_256,paper_2d_200000_k8_it30_r1_m2p0,D:\AutoCluster-OMP\datasets\paper_gaussian\paper_2d_200000.csv,D:\AutoCluster-OMP\datasets\paper_gaussian\paper_2d_200000_cluster_labels.csv,8,2,30,1,2.0,551320.498882561
fuzzy-cmeans,manual,4,2.46999979,2.9421055132964202,0.7355263783241051,9801833.621967902,pass,dynamic_256,paper_2d_200000_k8_it30_r1_m2p0,D:\AutoCluster-OMP\datasets\paper_gaussian\paper_2d_200000.csv,D:\AutoCluster-OMP\datasets\paper_gaussian\paper_2d_200000_cluster_labels.csv,8,2,30,1,2.0,551320.498882561
fuzzy-cmeans,manual,8,2.10800004,3.4473433880959514,0.4309179235119939,9801833.621967902,pass,dynamic_256,paper_2d_200000_k8_it30_r1_m2p0,D:\AutoCluster-OMP\datasets\paper_gaussian\paper_2d_200000.csv,D:\AutoCluster-OMP\datasets\paper_gaussian\paper_2d_200000_cluster_labels.csv,8,2,30,1,2.0,551320.498882561
fuzzy-cmeans,auto,1,7.14199996,1.0175021059507259,1.0175021059507259,9801833.621967902,pass,dynamic_256,paper_2d_200000_k8_it30_r1_m2p0,D:\AutoCluster-OMP\datasets\paper_gaussian\paper_2d_200000.csv,D:\AutoCluster-OMP\datasets\paper_gaussian\paper_2d_200000_cluster_labels.csv,8,2,30,1,2.0,551320.498882561
fuzzy-cmeans,auto,2,4.154999971,1.7489771481878071,0.8744885740939036,9801833.621967902,pass,dynamic_256,paper_2d_200000_k8_it30_r1_m2p0,D:\AutoCluster-OMP\datasets\paper_gaussian\paper_2d_200000.csv,D:\AutoCluster-OMP\datasets\paper_gaussian\paper_2d_200000_cluster_labels.csv,8,2,30,1,2.0,551320.498882561
fuzzy-cmeans,auto,4,2.433000088,2.9868474053257,0.746711851331425,9801833.621967902,pass,dynamic_256,paper_2d_200000_k8_it30_r1_m2p0,D:\AutoCluster-OMP\datasets\paper_gaussian\paper_2d_200000.csv,D:\AutoCluster-OMP\datasets\paper_gaussian\paper_2d_200000_cluster_labels.csv,8,2,30,1,2.0,551320.498882561
fuzzy-cmeans,auto,8,1.896000147,3.83280561000927,0.4791007012511587,9801833.621967902,pass,dynamic_256,paper_2d_200000_k8_it30_r1_m2p0,D:\AutoCluster-OMP\datasets\paper_gaussian\paper_2d_200000.csv,D:\AutoCluster-OMP\datasets\paper_gaussian\paper_2d_200000_cluster_labels.csv,8,2,30,1,2.0,551320.498882561
fuzzy-cmeans,sequential,1,29.234,1.0,1.0,9804421.46086366,reference,dynamic_256,paper_2d_200000_k8_it30_r1_m2p5,D:\AutoCluster-OMP\datasets\paper_gaussian\paper_2d_200000.csv,D:\AutoCluster-OMP\datasets\paper_gaussian\paper_2d_200000_cluster_labels.csv,8,2,30,1,2.5,363002.298419437
fuzzy-cmeans,manual,1,28.835000038,1.0138373491060926,1.0138373491060926,9804421.46086366,pass,dynamic_256,paper_2d_200000_k8_it30_r1_m2p5,D:\AutoCluster-OMP\datasets\paper_gaussian\paper_2d_200000.csv,D:\AutoCluster-OMP\datasets\paper_gaussian\paper_2d_200000_cluster_labels.csv,8,2,30,1,2.5,363002.298419437
fuzzy-cmeans,manual,2,15.961999893,1.8314747648144218,0.9157373824072109,9804421.46086366,pass,dynamic_256,paper_2d_200000_k8_it30_r1_m2p5,D:\AutoCluster-OMP\datasets\paper_gaussian\paper_2d_200000.csv,D:\AutoCluster-OMP\datasets\paper_gaussian\paper_2d_200000_cluster_labels.csv,8,2,30,1,2.5,363002.298419437
fuzzy-cmeans,manual,4,9.686000109,3.0181705214762973,0.7545426303690743,9804421.46086366,pass,dynamic_256,paper_2d_200000_k8_it30_r1_m2p5,D:\AutoCluster-OMP\datasets\paper_gaussian\paper_2d_200000.csv,D:\AutoCluster-OMP\datasets\paper_gaussian\paper_2d_200000_cluster_labels.csv,8,2,30,1,2.5,363002.298419437
fuzzy-cmeans,manual,8,7.112999916,4.109939595843516,0.5137424494804395,9804421.46086366,pass,dynamic_256,paper_2d_200000_k8_it30_r1_m2p5,D:\AutoCluster-OMP\datasets\paper_gaussian\paper_2d_200000.csv,D:\AutoCluster-OMP\datasets\paper_gaussian\paper_2d_200000_cluster_labels.csv,8,2,30,1,2.5,363002.298419437
fuzzy-cmeans,auto,1,28.730000019,1.017542637684187,1.017542637684187,9804421.46086366,pass,dynamic_256,paper_2d_200000_k8_it30_r1_m2p5,D:\AutoCluster-OMP\datasets\paper_gaussian\paper_2d_200000.csv,D:\AutoCluster-OMP\datasets\paper_gaussian\paper_2d_200000_cluster_labels.csv,8,2,30,1,2.5,363002.298419437
fuzzy-cmeans,auto,2,15.944000006,1.8335423977043872,0.9167711988521936,9804421.46086366,pass,dynamic_256,paper_2d_200000_k8_it30_r1_m2p5,D:\AutoCluster-OMP\datasets\paper_gaussian\paper_2d_200000.csv,D:\AutoCluster-OMP\datasets\paper_gaussian\paper_2d_200000_cluster_labels.csv,8,2,30,1,2.5,363002.298419437
fuzzy-cmeans,auto,4,9.854000092,2.9667139970633567,0.7416784992658392,9804421.46086366,pass,dynamic_256,paper_2d_200000_k8_it30_r1_m2p5,D:\AutoCluster-OMP\datasets\paper_gaussian\paper_2d_200000.csv,D:\AutoCluster-OMP\datasets\paper_gaussian\paper_2d_200000_cluster_labels.csv,8,2,30,1,2.5,363002.298419437
fuzzy-cmeans,auto,8,6.774999857,4.3149816408918635,0.5393727051114829,9804421.46086366,pass,dynamic_256,paper_2d_200000_k8_it30_r1_m2p5,D:\AutoCluster-OMP\datasets\paper_gaussian\paper_2d_200000.csv,D:\AutoCluster-OMP\datasets\paper_gaussian\paper_2d_200000_cluster_labels.csv,8,2,30,1,2.5,363002.298419437
fuzzy-cmeans,sequential,1,4.087,1.0,1.0,24499369.77595751,reference,dynamic_256,paper_2d_500000_k8_it5_r1_m1p5,D:\AutoCluster-OMP\datasets\paper_gaussian\paper_2d_500000.csv,D:\AutoCluster-OMP\datasets\paper_gaussian\paper_2d_500000_cluster_labels.csv,8,2,5,1,1.5,37586855.9710098
fuzzy-cmeans,manual,1,3.975000143,1.0281760636404584,1.0281760636404584,24499369.77595751,pass,dynamic_256,paper_2d_500000_k8_it5_r1_m1p5,D:\AutoCluster-OMP\datasets\paper_gaussian\paper_2d_500000.csv,D:\AutoCluster-OMP\datasets\paper_gaussian\paper_2d_500000_cluster_labels.csv,8,2,5,1,1.5,37586855.9710098
fuzzy-cmeans,manual,2,2.71600008,1.5047864063391336,0.7523932031695668,24499369.77595751,pass,dynamic_256,paper_2d_500000_k8_it5_r1_m1p5,D:\AutoCluster-OMP\datasets\paper_gaussian\paper_2d_500000.csv,D:\AutoCluster-OMP\datasets\paper_gaussian\paper_2d_500000_cluster_labels.csv,8,2,5,1,1.5,37586855.9710098
fuzzy-cmeans,manual,4,2.090999842,1.9545673404216353,0.4886418351054088,24499369.77595751,pass,dynamic_256,paper_2d_500000_k8_it5_r1_m1p5,D:\AutoCluster-OMP\datasets\paper_gaussian\paper_2d_500000.csv,D:\AutoCluster-OMP\datasets\paper_gaussian\paper_2d_500000_cluster_labels.csv,8,2,5,1,1.5,37586855.9710098
fuzzy-cmeans,manual,8,2.020000219,2.023267107378467,0.2529083884223084,24499369.77595751,pass,dynamic_256,paper_2d_500000_k8_it5_r1_m1p5,D:\AutoCluster-OMP\datasets\paper_gaussian\paper_2d_500000.csv,D:\AutoCluster-OMP\datasets\paper_gaussian\paper_2d_500000_cluster_labels.csv,8,2,5,1,1.5,37586855.9710098
fuzzy-cmeans,auto,1,3.993000031,1.0235411891485657,1.0235411891485657,24499369.77595751,pass,dynamic_256,paper_2d_500000_k8_it5_r1_m1p5,D:\AutoCluster-OMP\datasets\paper_gaussian\paper_2d_500000.csv,D:\AutoCluster-OMP\datasets\paper_gaussian\paper_2d_500000_cluster_labels.csv,8,2,5,1,1.5,37586855.9710098
fuzzy-cmeans,auto,2,2.739000082,1.4921503751893643,0.7460751875946822,24499369.77595751,pass,dynamic_256,paper_2d_500000_k8_it5_r1_m1p5,D:\AutoCluster-OMP\datasets\paper_gaussian\paper_2d_500000.csv,D:\AutoCluster-OMP\datasets\paper_gaussian\paper_2d_500000_cluster_labels.csv,8,2,5,1,1.5,37586855.9710098
fuzzy-cmeans,auto,4,2.094000101,1.9517668590599557,0.48794171476498893,24499369.77595751,pass,dynamic_256,paper_2d_500000_k8_it5_r1_m1p5,D:\AutoCluster-OMP\datasets\paper_gaussian\paper_2d_500000.csv,D:\AutoCluster-OMP\datasets\paper_gaussian\paper_2d_500000_cluster_labels.csv,8,2,5,1,1.5,37586855.9710098
fuzzy-cmeans,auto,8,1.866999865,2.1890735380422752,0.2736341922552844,24499369.77595751,pass,dynamic_256,paper_2d_500000_k8_it5_r1_m1p5,D:\AutoCluster-OMP\datasets\paper_gaussian\paper_2d_500000.csv,D:\AutoCluster-OMP\datasets\paper_gaussian\paper_2d_500000_cluster_labels.csv,8,2,5,1,1.5,37586855.9710098
fuzzy-cmeans,sequential,1,2.996,1.0,1.0,24499883.06850861,reference,dynamic_256,paper_2d_500000_k8_it5_r1_m2p0,D:\AutoCluster-OMP\datasets\paper_gaussian\paper_2d_500000.csv,D:\AutoCluster-OMP\datasets\paper_gaussian\paper_2d_500000_cluster_labels.csv,8,2,5,1,2.0,13442947.318847405
fuzzy-cmeans,manual,1,2.939999819,1.0190476817849083,1.0190476817849083,24499883.06850861,pass,dynamic_256,paper_2d_500000_k8_it5_r1_m2p0,D:\AutoCluster-OMP\datasets\paper_gaussian\paper_2d_500000.csv,D:\AutoCluster-OMP\datasets\paper_gaussian\paper_2d_500000_cluster_labels.csv,8,2,5,1,2.0,13442947.318847405
fuzzy-cmeans,manual,2,1.687999964,1.7748815544406018,0.8874407772203009,24499883.06850861,pass,dynamic_256,paper_2d_500000_k8_it5_r1_m2p0,D:\AutoCluster-OMP\datasets\paper_gaussian\paper_2d_500000.csv,D:\AutoCluster-OMP\datasets\paper_gaussian\paper_2d_500000_cluster_labels.csv,8,2,5,1,2.0,13442947.318847405
fuzzy-cmeans,manual,4,1.024999857,2.9229272370522876,0.7307318092630719,24499883.06850861,pass,dynamic_256,paper_2d_500000_k8_it5_r1_m2p0,D:\AutoCluster-OMP\datasets\paper_gaussian\paper_2d_500000.csv,D:\AutoCluster-OMP\datasets\paper_gaussian\paper_2d_500000_cluster_labels.csv,8,2,5,1,2.0,13442947.318847405
fuzzy-cmeans,manual,8,0.898999929,3.3325920318287365,0.41657400397859207,24499883.06850861,pass,dynamic_256,paper_2d_500000_k8_it5_r1_m2p0,D:\AutoCluster-OMP\datasets\paper_gaussian\paper_2d_500000.csv,D:\AutoCluster-OMP\datasets\paper_gaussian\paper_2d_500000_cluster_labels.csv,8,2,5,1,2.0,13442947.318847405
fuzzy-cmeans,auto,1,2.967000008,1.0097741799534232,1.0097741799534232,24499883.06850861,pass,dynamic_256,paper_2d_500000_k8_it5_r1_m2p0,D:\AutoCluster-OMP\datasets\paper_gaussian\paper_2d_500000.csv,D:\AutoCluster-OMP\datasets\paper_gaussian\paper_2d_500000_cluster_labels.csv,8,2,5,1,2.0,13442947.318847405
fuzzy-cmeans,auto,2,1.676000118,1.7875893729501515,0.8937946864750758,24499883.06850861,pass,dynamic_256,paper_2d_500000_k8_it5_r1_m2p0,D:\AutoCluster-OMP\datasets\paper_gaussian\paper_2d_500000.csv,D:\AutoCluster-OMP\datasets\paper_gaussian\paper_2d_500000_cluster_labels.csv,8,2,5,1,2.0,13442947.318847405
fuzzy-cmeans,auto,4,1.0400002,2.8807686767752547,0.7201921691938137,24499883.06850861,pass,dynamic_256,paper_2d_500000_k8_it5_r1_m2p0,D:\AutoCluster-OMP\datasets\paper_gaussian\paper_2d_500000.csv,D:\AutoCluster-OMP\datasets\paper_gaussian\paper_2d_500000_cluster_labels.csv,8,2,5,1,2.0,13442947.318847405
fuzzy-cmeans,auto,8,0.805999994,3.7171216157602105,0.4646402019700263,24499883.06850861,pass,dynamic_256,paper_2d_500000_k8_it5_r1_m2p0,D:\AutoCluster-OMP\datasets\paper_gaussian\paper_2d_500000.csv,D:\AutoCluster-OMP\datasets\paper_gaussian\paper_2d_500000_cluster_labels.csv,8,2,5,1,2.0,13442947.318847405
fuzzy-cmeans,sequential,1,13.822,1.0,1.0,24499918.442399036,reference,dynamic_256,paper_2d_500000_k8_it5_r1_m2p5,D:\AutoCluster-OMP\datasets\paper_gaussian\paper_2d_500000.csv,D:\AutoCluster-OMP\datasets\paper_gaussian\paper_2d_500000_cluster_labels.csv,8,2,5,1,2.5,4754104.852655317
fuzzy-cmeans,manual,1,13.808000088,1.00101389860304,1.00101389860304,24499918.442399036,pass,dynamic_256,paper_2d_500000_k8_it5_r1_m2p5,D:\AutoCluster-OMP\datasets\paper_gaussian\paper_2d_500000.csv,D:\AutoCluster-OMP\datasets\paper_gaussian\paper_2d_500000_cluster_labels.csv,8,2,5,1,2.5,4754104.852655317
fuzzy-cmeans,manual,2,7.698000193,1.7955312618163763,0.8977656309081882,24499918.442399036,pass,dynamic_256,paper_2d_500000_k8_it5_r1_m2p5,D:\AutoCluster-OMP\datasets\paper_gaussian\paper_2d_500000.csv,D:\AutoCluster-OMP\datasets\paper_gaussian\paper_2d_500000_cluster_labels.csv,8,2,5,1,2.5,4754104.852655317
fuzzy-cmeans,manual,4,4.652999878,2.970556708018035,0.7426391770045088,24499918.442399036,pass,dynamic_256,paper_2d_500000_k8_it5_r1_m2p5,D:\AutoCluster-OMP\datasets\paper_gaussian\paper_2d_500000.csv,D:\AutoCluster-OMP\datasets\paper_gaussian\paper_2d_500000_cluster_labels.csv,8,2,5,1,2.5,4754104.852655317
fuzzy-cmeans,manual,8,3.311000109,4.174569479000883,0.5218211848751104,24499918.442399036,pass,dynamic_256,paper_2d_500000_k8_it5_r1_m2p5,D:\AutoCluster-OMP\datasets\paper_gaussian\paper_2d_500000.csv,D:\AutoCluster-OMP\datasets\paper_gaussian\paper_2d_500000_cluster_labels.csv,8,2,5,1,2.5,4754104.852655317
fuzzy-cmeans,auto,1,13.739999771,1.0059679934764678,1.0059679934764678,24499918.442399036,pass,dynamic_256,paper_2d_500000_k8_it5_r1_m2p5,D:\AutoCluster-OMP\datasets\paper_gaussian\paper_2d_500000.csv,D:\AutoCluster-OMP\datasets\paper_gaussian\paper_2d_500000_cluster_labels.csv,8,2,5,1,2.5,4754104.852655317
fuzzy-cmeans,auto,2,7.725999832,1.789024113455352,0.894512056727676,24499918.442399036,pass,dynamic_256,paper_2d_500000_k8_it5_r1_m2p5,D:\AutoCluster-OMP\datasets\paper_gaussian\paper_2d_500000.csv,D:\AutoCluster-OMP\datasets\paper_gaussian\paper_2d_500000_cluster_labels.csv,8,2,5,1,2.5,4754104.852655317
fuzzy-cmeans,auto,4,4.686000109,2.9496371486319997,0.7374092871579999,24499918.442399036,pass,dynamic_256,paper_2d_500000_k8_it5_r1_m2p5,D:\AutoCluster-OMP\datasets\paper_gaussian\paper_2d_500000.csv,D:\AutoCluster-OMP\datasets\paper_gaussian\paper_2d_500000_cluster_labels.csv,8,2,5,1,2.5,4754104.852655317
fuzzy-cmeans,auto,8,3.237999916,4.26868448380775,0.5335855604759687,24499918.442399036,pass,dynamic_256,paper_2d_500000_k8_it5_r1_m2p5,D:\AutoCluster-OMP\datasets\paper_gaussian\paper_2d_500000.csv,D:\AutoCluster-OMP\datasets\paper_gaussian\paper_2d_500000_cluster_labels.csv,8,2,5,1,2.5,4754104.852655317
fuzzy-cmeans,sequential,1,11.589,1.0,1.0,24497252.91362622,reference,dynamic_256,paper_2d_500000_k8_it15_r1_m1p5,D:\AutoCluster-OMP\datasets\paper_gaussian\paper_2d_500000.csv,D:\AutoCluster-OMP\datasets\paper_gaussian\paper_2d_500000_cluster_labels.csv,8,2,15,1,1.5,6233879.404833922
fuzzy-cmeans,manual,1,11.573000193,1.0013825115988226,1.0013825115988226,24497252.91362622,pass,dynamic_256,paper_2d_500000_k8_it15_r1_m1p5,D:\AutoCluster-OMP\datasets\paper_gaussian\paper_2d_500000.csv,D:\AutoCluster-OMP\datasets\paper_gaussian\paper_2d_500000_cluster_labels.csv,8,2,15,1,1.5,6233879.404833922
fuzzy-cmeans,manual,2,7.826999903,1.4806439432250496,0.7403219716125248,24497252.91362622,pass,dynamic_256,paper_2d_500000_k8_it15_r1_m1p5,D:\AutoCluster-OMP\datasets\paper_gaussian\paper_2d_500000.csv,D:\AutoCluster-OMP\datasets\paper_gaussian\paper_2d_500000_cluster_labels.csv,8,2,15,1,1.5,6233879.404833922
fuzzy-cmeans,manual,4,5.935000181,1.952653689396745,0.48816342234918625,24497252.91362622,pass,dynamic_256,paper_2d_500000_k8_it15_r1_m1p5,D:\AutoCluster-OMP\datasets\paper_gaussian\paper_2d_500000.csv,D:\AutoCluster-OMP\datasets\paper_gaussian\paper_2d_500000_cluster_labels.csv,8,2,15,1,1.5,6233879.404833922
fuzzy-cmeans,manual,8,5.605999947,2.067249395213025,0.2584061744016281,24497252.91362622,pass,dynamic_256,paper_2d_500000_k8_it15_r1_m1p5,D:\AutoCluster-OMP\datasets\paper_gaussian\paper_2d_500000.csv,D:\AutoCluster-OMP\datasets\paper_gaussian\paper_2d_500000_cluster_labels.csv,8,2,15,1,1.5,6233879.404833922
fuzzy-cmeans,auto,1,12.514999866,0.9260087993675733,0.9260087993675733,24497252.91362622,pass,dynamic_256,paper_2d_500000_k8_it15_r1_m1p5,D:\AutoCluster-OMP\datasets\paper_gaussian\paper_2d_500000.csv,D:\AutoCluster-OMP\datasets\paper_gaussian\paper_2d_500000_cluster_labels.csv,8,2,15,1,1.5,6233879.404833922
fuzzy-cmeans,auto,2,7.845000029,1.4772466484588715,0.7386233242294358,24497252.91362622,pass,dynamic_256,paper_2d_500000_k8_it15_r1_m1p5,D:\AutoCluster-OMP\datasets\paper_gaussian\paper_2d_500000.csv,D:\AutoCluster-OMP\datasets\paper_gaussian\paper_2d_500000_cluster_labels.csv,8,2,15,1,1.5,6233879.404833922
fuzzy-cmeans,auto,4,5.889999866,1.9675722009600467,0.4918930502400117,24497252.91362622,pass,dynamic_256,paper_2d_500000_k8_it15_r1_m1p5,D:\AutoCluster-OMP\datasets\paper_gaussian\paper_2d_500000.csv,D:\AutoCluster-OMP\datasets\paper_gaussian\paper_2d_500000_cluster_labels.csv,8,2,15,1,1.5,6233879.404833922
fuzzy-cmeans,auto,8,5.20600009,2.2260852477242277,0.27826065596552846,24497252.91362622,pass,dynamic_256,paper_2d_500000_k8_it15_r1_m1p5,D:\AutoCluster-OMP\datasets\paper_gaussian\paper_2d_500000.csv,D:\AutoCluster-OMP\datasets\paper_gaussian\paper_2d_500000_cluster_labels.csv,8,2,15,1,1.5,6233879.404833922
fuzzy-cmeans,sequential,1,8.75,1.0,1.0,24491736.266443994,reference,dynamic_256,paper_2d_500000_k8_it15_r1_m2p0,D:\AutoCluster-OMP\datasets\paper_gaussian\paper_2d_500000.csv,D:\AutoCluster-OMP\datasets\paper_gaussian\paper_2d_500000_cluster_labels.csv,8,2,15,1,2.0,3970598.29737395
fuzzy-cmeans,manual,1,8.726000071,1.0027503929411783,1.0027503929411783,24491736.266443994,pass,dynamic_256,paper_2d_500000_k8_it15_r1_m2p0,D:\AutoCluster-OMP\datasets\paper_gaussian\paper_2d_500000.csv,D:\AutoCluster-OMP\datasets\paper_gaussian\paper_2d_500000_cluster_labels.csv,8,2,15,1,2.0,3970598.29737395
fuzzy-cmeans,manual,2,4.899999857,1.7857143378279898,0.8928571689139949,24491736.266443994,pass,dynamic_256,paper_2d_500000_k8_it15_r1_m2p0,D:\AutoCluster-OMP\datasets\paper_gaussian\paper_2d_500000.csv,D:\AutoCluster-OMP\datasets\paper_gaussian\paper_2d_500000_cluster_labels.csv,8,2,15,1,2.0,3970598.29737395
fuzzy-cmeans,manual,4,3.049000025,2.869793351346398,0.7174483378365994,24491736.266443994,pass,dynamic_256,paper_2d_500000_k8_it15_r1_m2p0,D:\AutoCluster-OMP\datasets\paper_gaussian\paper_2d_500000.csv,D:\AutoCluster-OMP\datasets\paper_gaussian\paper_2d_500000_cluster_labels.csv,8,2,15,1,2.0,3970598.29737395
fuzzy-cmeans,manual,8,2.595999956,3.3705701649865514,0.4213212706233189,24491736.266443994,pass,dynamic_256,paper_2d_500000_k8_it15_r1_m2p0,D:\AutoCluster-OMP\datasets\paper_gaussian\paper_2d_500000.csv,D:\AutoCluster-OMP\datasets\paper_gaussian\paper_2d_500000_cluster_labels.csv,8,2,15,1,2.0,3970598.29737395
fuzzy-cmeans,auto,1,8.753999949,0.9995430718502052,0.9995430718502052,24491736.266443994,pass,dynamic_256,paper_2d_500000_k8_it15_r1_m2p0,D:\AutoCluster-OMP\datasets\paper_gaussian\paper_2d_500000.csv,D:\AutoCluster-OMP\datasets\paper_gaussian\paper_2d_500000_cluster_labels.csv,8,2,15,1,2.0,3970598.29737395
fuzzy-cmeans,auto,2,4.940999985,1.7708965850158769,0.8854482925079384,24491736.266443994,pass,dynamic_256,paper_2d_500000_k8_it15_r1_m2p0,D:\AutoCluster-OMP\datasets\paper_gaussian\paper_2d_500000.csv,D:\AutoCluster-OMP\datasets\paper_gaussian\paper_2d_500000_cluster_labels.csv,8,2,15,1,2.0,3970598.29737395
fuzzy-cmeans,auto,4,2.990999937,2.925443057272789,0.7313607643181973,24491736.266443994,pass,dynamic_256,paper_2d_500000_k8_it15_r1_m2p0,D:\AutoCluster-OMP\datasets\paper_gaussian\paper_2d_500000.csv,D:\AutoCluster-OMP\datasets\paper_gaussian\paper_2d_500000_cluster_labels.csv,8,2,15,1,2.0,3970598.29737395
fuzzy-cmeans,auto,8,2.302000046,3.8010424957220006,0.4751303119652501,24491736.266443994,pass,dynamic_256,paper_2d_500000_k8_it15_r1_m2p0,D:\AutoCluster-OMP\datasets\paper_gaussian\paper_2d_500000.csv,D:\AutoCluster-OMP\datasets\paper_gaussian\paper_2d_500000_cluster_labels.csv,8,2,15,1,2.0,3970598.29737395
fuzzy-cmeans,sequential,1,39.221,1.0,1.0,24495039.85562497,reference,dynamic_256,paper_2d_500000_k8_it15_r1_m2p5,D:\AutoCluster-OMP\datasets\paper_gaussian\paper_2d_500000.csv,D:\AutoCluster-OMP\datasets\paper_gaussian\paper_2d_500000_cluster_labels.csv,8,2,15,1,2.5,3663576.386778053
fuzzy-cmeans,manual,1,39.059000015,1.00414757123679,1.00414757123679,24495039.85562497,pass,dynamic_256,paper_2d_500000_k8_it15_r1_m2p5,D:\AutoCluster-OMP\datasets\paper_gaussian\paper_2d_500000.csv,D:\AutoCluster-OMP\datasets\paper_gaussian\paper_2d_500000_cluster_labels.csv,8,2,15,1,2.5,3663576.386778053
fuzzy-cmeans,manual,2,21.898999929,1.7909950284104592,0.8954975142052296,24495039.85562497,pass,dynamic_256,paper_2d_500000_k8_it15_r1_m2p5,D:\AutoCluster-OMP\datasets\paper_gaussian\paper_2d_500000.csv,D:\AutoCluster-OMP\datasets\paper_gaussian\paper_2d_500000_cluster_labels.csv,8,2,15,1,2.5,3663576.386778053
fuzzy-cmeans,manual,4,12.963999987,3.025377972796198,0.7563444931990495,24495039.85562497,pass,dynamic_256,paper_2d_500000_k8_it15_r1_m2p5,D:\AutoCluster-OMP\datasets\paper_gaussian\paper_2d_500000.csv,D:\AutoCluster-OMP\datasets\paper_gaussian\paper_2d_500000_cluster_labels.csv,8,2,15,1,2.5,3663576.386778053
fuzzy-cmeans,manual,8,9.225999832,4.25113816542285,0.5313922706778562,24495039.85562497,pass,dynamic_256,paper_2d_500000_k8_it15_r1_m2p5,D:\AutoCluster-OMP\datasets\paper_gaussian\paper_2d_500000.csv,D:\AutoCluster-OMP\datasets\paper_gaussian\paper_2d_500000_cluster_labels.csv,8,2,15,1,2.5,3663576.386778053
fuzzy-cmeans,auto,1,39.444000006,0.9943464150196206,0.9943464150196206,24495039.85562497,pass,dynamic_256,paper_2d_500000_k8_it15_r1_m2p5,D:\AutoCluster-OMP\datasets\paper_gaussian\paper_2d_500000.csv,D:\AutoCluster-OMP\datasets\paper_gaussian\paper_2d_500000_cluster_labels.csv,8,2,15,1,2.5,3663576.386778053
fuzzy-cmeans,auto,2,21.723999977,1.8054225760230491,0.9027112880115246,24495039.85562497,pass,dynamic_256,paper_2d_500000_k8_it15_r1_m2p5,D:\AutoCluster-OMP\datasets\paper_gaussian\paper_2d_500000.csv,D:\AutoCluster-OMP\datasets\paper_gaussian\paper_2d_500000_cluster_labels.csv,8,2,15,1,2.5,3663576.386778053
fuzzy-cmeans,auto,4,13.087999821,2.996714588662279,0.7491786471655697,24495039.85562497,pass,dynamic_256,paper_2d_500000_k8_it15_r1_m2p5,D:\AutoCluster-OMP\datasets\paper_gaussian\paper_2d_500000.csv,D:\AutoCluster-OMP\datasets\paper_gaussian\paper_2d_500000_cluster_labels.csv,8,2,15,1,2.5,3663576.386778053
fuzzy-cmeans,auto,8,8.847000122,4.433254149332314,0.5541567686665393,24495039.85562497,pass,dynamic_256,paper_2d_500000_k8_it15_r1_m2p5,D:\AutoCluster-OMP\datasets\paper_gaussian\paper_2d_500000.csv,D:\AutoCluster-OMP\datasets\paper_gaussian\paper_2d_500000_cluster_labels.csv,8,2,15,1,2.5,3663576.386778053
fuzzy-cmeans,sequential,1,22.668,1.0,1.0,24499352.988296572,reference,dynamic_256,paper_2d_500000_k8_it30_r1_m1p5,D:\AutoCluster-OMP\datasets\paper_gaussian\paper_2d_500000.csv,D:\AutoCluster-OMP\datasets\paper_gaussian\paper_2d_500000_cluster_labels.csv,8,2,30,1,1.5,6036806.181578259
fuzzy-cmeans,manual,1,22.857000113,0.9917311934170877,0.9917311934170877,24499352.988296572,pass,dynamic_256,paper_2d_500000_k8_it30_r1_m1p5,D:\AutoCluster-OMP\datasets\paper_gaussian\paper_2d_500000.csv,D:\AutoCluster-OMP\datasets\paper_gaussian\paper_2d_500000_cluster_labels.csv,8,2,30,1,1.5,6036806.181578259
fuzzy-cmeans,manual,2,15.433000088,1.468800613668473,0.7344003068342365,24499352.988296572,pass,dynamic_256,paper_2d_500000_k8_it30_r1_m1p5,D:\AutoCluster-OMP\datasets\paper_gaussian\paper_2d_500000.csv,D:\AutoCluster-OMP\datasets\paper_gaussian\paper_2d_500000_cluster_labels.csv,8,2,30,1,1.5,6036806.181578259
fuzzy-cmeans,manual,4,11.804000139,1.9203659550211059,0.48009148875527646,24499352.988296572,pass,dynamic_256,paper_2d_500000_k8_it30_r1_m1p5,D:\AutoCluster-OMP\datasets\paper_gaussian\paper_2d_500000.csv,D:\AutoCluster-OMP\datasets\paper_gaussian\paper_2d_500000_cluster_labels.csv,8,2,30,1,1.5,6036806.181578259
fuzzy-cmeans,manual,8,10.792999983,2.100250165450223,0.26253127068127785,24499352.988296572,pass,dynamic_256,paper_2d_500000_k8_it30_r1_m1p5,D:\AutoCluster-OMP\datasets\paper_gaussian\paper_2d_500000.csv,D:\AutoCluster-OMP\datasets\paper_gaussian\paper_2d_500000_cluster_labels.csv,8,2,30,1,1.5,6036806.181578259
fuzzy-cmeans,auto,1,22.738999844,0.9968776179916843,0.9968776179916843,24499352.988296572,pass,dynamic_256,paper_2d_500000_k8_it30_r1_m1p5,D:\AutoCluster-OMP\datasets\paper_gaussian\paper_2d_500000.csv,D:\AutoCluster-OMP\datasets\paper_gaussian\paper_2d_500000_cluster_labels.csv,8,2,30,1,1.5,6036806.181578259
fuzzy-cmeans,auto,2,15.335000038,1.4781871499073287,0.7390935749536643,24499352.988296572,pass,dynamic_256,paper_2d_500000_k8_it30_r1_m1p5,D:\AutoCluster-OMP\datasets\paper_gaussian\paper_2d_500000.csv,D:\AutoCluster-OMP\datasets\paper_gaussian\paper_2d_500000_cluster_labels.csv,8,2,30,1,1.5,6036806.181578259
fuzzy-cmeans,auto,4,11.575999975,1.958189361519932,0.489547340379983,24499352.988296572,pass,dynamic_256,paper_2d_500000_k8_it30_r1_m1p5,D:\AutoCluster-OMP\datasets\paper_gaussian\paper_2d_500000.csv,D:\AutoCluster-OMP\datasets\paper_gaussian\paper_2d_500000_cluster_labels.csv,8,2,30,1,1.5,6036806.181578259
fuzzy-cmeans,auto,8,10.154000044,2.2324207112244916,0.27905258890306145,24499352.988296572,pass,dynamic_256,paper_2d_500000_k8_it30_r1_m1p5,D:\AutoCluster-OMP\datasets\paper_gaussian\paper_2d_500000.csv,D:\AutoCluster-OMP\datasets\paper_gaussian\paper_2d_500000_cluster_labels.csv,8,2,30,1,1.5,6036806.181578259
fuzzy-cmeans,sequential,1,17.388,1.0,1.0,24490633.45404984,reference,dynamic_256,paper_2d_500000_k8_it30_r1_m2p0,D:\AutoCluster-OMP\datasets\paper_gaussian\paper_2d_500000.csv,D:\AutoCluster-OMP\datasets\paper_gaussian\paper_2d_500000_cluster_labels.csv,8,2,30,1,2.0,1376355.85522316
fuzzy-cmeans,manual,1,17.303000212,1.004912430616573,1.004912430616573,24490633.45404984,pass,dynamic_256,paper_2d_500000_k8_it30_r1_m2p0,D:\AutoCluster-OMP\datasets\paper_gaussian\paper_2d_500000.csv,D:\AutoCluster-OMP\datasets\paper_gaussian\paper_2d_500000_cluster_labels.csv,8,2,30,1,2.0,1376355.85522316
fuzzy-cmeans,manual,2,9.704999924,1.7916538007383505,0.8958269003691752,24490633.45404984,pass,dynamic_256,paper_2d_500000_k8_it30_r1_m2p0,D:\AutoCluster-OMP\datasets\paper_gaussian\paper_2d_500000.csv,D:\AutoCluster-OMP\datasets\paper_gaussian\paper_2d_500000_cluster_labels.csv,8,2,30,1,2.0,1376355.85522316
fuzzy-cmeans,manual,4,5.938999891,2.9277656708412967,0.7319414177103242,24490633.45404984,pass,dynamic_256,paper_2d_500000_k8_it30_r1_m2p0,D:\AutoCluster-OMP\datasets\paper_gaussian\paper_2d_500000.csv,D:\AutoCluster-OMP\datasets\paper_gaussian\paper_2d_500000_cluster_labels.csv,8,2,30,1,2.0,1376355.85522316
fuzzy-cmeans,manual,8,5.125,3.3927804878048784,0.4240975609756098,24490633.45404984,pass,dynamic_256,paper_2d_500000_k8_it30_r1_m2p0,D:\AutoCluster-OMP\datasets\paper_gaussian\paper_2d_500000.csv,D:\AutoCluster-OMP\datasets\paper_gaussian\paper_2d_500000_cluster_labels.csv,8,2,30,1,2.0,1376355.85522316
fuzzy-cmeans,auto,1,17.310000181,1.0045060553543852,1.0045060553543852,24490633.45404984,pass,dynamic_256,paper_2d_500000_k8_it30_r1_m2p0,D:\AutoCluster-OMP\datasets\paper_gaussian\paper_2d_500000.csv,D:\AutoCluster-OMP\datasets\paper_gaussian\paper_2d_500000_cluster_labels.csv,8,2,30,1,2.0,1376355.85522316
fuzzy-cmeans,auto,2,9.762000084,1.7811923632841469,0.8905961816420734,24490633.45404984,pass,dynamic_256,paper_2d_500000_k8_it30_r1_m2p0,D:\AutoCluster-OMP\datasets\paper_gaussian\paper_2d_500000.csv,D:\AutoCluster-OMP\datasets\paper_gaussian\paper_2d_500000_cluster_labels.csv,8,2,30,1,2.0,1376355.85522316
fuzzy-cmeans,auto,4,5.875999928,2.959155924618657,0.7397889811546643,24490633.45404984,pass,dynamic_256,paper_2d_500000_k8_it30_r1_m2p0,D:\AutoCluster-OMP\datasets\paper_gaussian\paper_2d_500000.csv,D:\AutoCluster-OMP\datasets\paper_gaussian\paper_2d_500000_cluster_labels.csv,8,2,30,1,2.0,1376355.85522316
fuzzy-cmeans,auto,8,4.666000128,3.7265322595379065,0.4658165324422383,24490633.45404984,pass,dynamic_256,paper_2d_500000_k8_it30_r1_m2p0,D:\AutoCluster-OMP\datasets\paper_gaussian\paper_2d_500000.csv,D:\AutoCluster-OMP\datasets\paper_gaussian\paper_2d_500000_cluster_labels.csv,8,2,30,1,2.0,1376355.85522316
fuzzy-cmeans,sequential,1,72.049,1.0,1.0,24497737.91985893,reference,dynamic_256,paper_2d_500000_k8_it30_r1_m2p5,D:\AutoCluster-OMP\datasets\paper_gaussian\paper_2d_500000.csv,D:\AutoCluster-OMP\datasets\paper_gaussian\paper_2d_500000_cluster_labels.csv,8,2,30,1,2.5,906160.126813226
fuzzy-cmeans,manual,1,71.973999977,1.0010420432798506,1.0010420432798506,24497737.91985893,pass,dynamic_256,paper_2d_500000_k8_it30_r1_m2p5,D:\AutoCluster-OMP\datasets\paper_gaussian\paper_2d_500000.csv,D:\AutoCluster-OMP\datasets\paper_gaussian\paper_2d_500000_cluster_labels.csv,8,2,30,1,2.5,906160.126813226
fuzzy-cmeans,manual,2,39.996999979,1.8013601029534356,0.9006800514767178,24497737.91985893,pass,dynamic_256,paper_2d_500000_k8_it30_r1_m2p5,D:\AutoCluster-OMP\datasets\paper_gaussian\paper_2d_500000.csv,D:\AutoCluster-OMP\datasets\paper_gaussian\paper_2d_500000_cluster_labels.csv,8,2,30,1,2.5,906160.126813226
fuzzy-cmeans,manual,4,24.371000051,2.9563415472991093,0.7390853868247773,24497737.91985893,pass,dynamic_256,paper_2d_500000_k8_it30_r1_m2p5,D:\AutoCluster-OMP\datasets\paper_gaussian\paper_2d_500000.csv,D:\AutoCluster-OMP\datasets\paper_gaussian\paper_2d_500000_cluster_labels.csv,8,2,30,1,2.5,906160.126813226
fuzzy-cmeans,manual,8,17.687999964,4.0733265573631705,0.5091658196703963,24497737.91985893,pass,dynamic_256,paper_2d_500000_k8_it30_r1_m2p5,D:\AutoCluster-OMP\datasets\paper_gaussian\paper_2d_500000.csv,D:\AutoCluster-OMP\datasets\paper_gaussian\paper_2d_500000_cluster_labels.csv,8,2,30,1,2.5,906160.126813226
fuzzy-cmeans,auto,1,71.993000031,1.000777852971482,1.000777852971482,24497737.91985893,pass,dynamic_256,paper_2d_500000_k8_it30_r1_m2p5,D:\AutoCluster-OMP\datasets\paper_gaussian\paper_2d_500000.csv,D:\AutoCluster-OMP\datasets\paper_gaussian\paper_2d_500000_cluster_labels.csv,8,2,30,1,2.5,906160.126813226
fuzzy-cmeans,auto,2,40.305999994,1.787550240925056,0.893775120462528,24497737.91985893,pass,dynamic_256,paper_2d_500000_k8_it30_r1_m2p5,D:\AutoCluster-OMP\datasets\paper_gaussian\paper_2d_500000.csv,D:\AutoCluster-OMP\datasets\paper_gaussian\paper_2d_500000_cluster_labels.csv,8,2,30,1,2.5,906160.126813226
fuzzy-cmeans,auto,4,24.443000078,2.9476332598324513,0.7369083149581128,24497737.91985893,pass,dynamic_256,paper_2d_500000_k8_it30_r1_m2p5,D:\AutoCluster-OMP\datasets\paper_gaussian\paper_2d_500000.csv,D:\AutoCluster-OMP\datasets\paper_gaussian\paper_2d_500000_cluster_labels.csv,8,2,30,1,2.5,906160.126813226
fuzzy-cmeans,auto,8,16.937000036,4.25394106670946,0.5317426333386825,24497737.91985893,pass,dynamic_256,paper_2d_500000_k8_it30_r1_m2p5,D:\AutoCluster-OMP\datasets\paper_gaussian\paper_2d_500000.csv,D:\AutoCluster-OMP\datasets\paper_gaussian\paper_2d_500000_cluster_labels.csv,8,2,30,1,2.5,906160.126813226
fuzzy-cmeans,sequential,1,0.784,1.0,1.0,4899683.652187993,reference,guided_64,paper_2d_100000_k8_it5_r1_m1p5,D:\AutoCluster-OMP\datasets\paper_gaussian\paper_2d_100000.csv,D:\AutoCluster-OMP\datasets\paper_gaussian\paper_2d_100000_cluster_labels.csv,8,2,5,1,1.5,7310156.790495641
fuzzy-cmeans,manual,1,0.815999985,0.9607843313869668,0.9607843313869668,4899683.652187993,pass,guided_64,paper_2d_100000_k8_it5_r1_m1p5,D:\AutoCluster-OMP\datasets\paper_gaussian\paper_2d_100000.csv,D:\AutoCluster-OMP\datasets\paper_gaussian\paper_2d_100000_cluster_labels.csv,8,2,5,1,1.5,7310156.790495641
fuzzy-cmeans,manual,2,0.539000034,1.4545453627930571,0.7272726813965286,4899683.652187993,pass,guided_64,paper_2d_100000_k8_it5_r1_m1p5,D:\AutoCluster-OMP\datasets\paper_gaussian\paper_2d_100000.csv,D:\AutoCluster-OMP\datasets\paper_gaussian\paper_2d_100000_cluster_labels.csv,8,2,5,1,1.5,7310156.790495641
fuzzy-cmeans,manual,4,0.414000034,1.893719651240415,0.47342991281010377,4899683.652187993,pass,guided_64,paper_2d_100000_k8_it5_r1_m1p5,D:\AutoCluster-OMP\datasets\paper_gaussian\paper_2d_100000.csv,D:\AutoCluster-OMP\datasets\paper_gaussian\paper_2d_100000_cluster_labels.csv,8,2,5,1,1.5,7310156.790495641
fuzzy-cmeans,manual,8,0.403999805,1.940594996079268,0.2425743745099085,4899683.652187993,pass,guided_64,paper_2d_100000_k8_it5_r1_m1p5,D:\AutoCluster-OMP\datasets\paper_gaussian\paper_2d_100000.csv,D:\AutoCluster-OMP\datasets\paper_gaussian\paper_2d_100000_cluster_labels.csv,8,2,5,1,1.5,7310156.790495641
fuzzy-cmeans,auto,1,0.779000044,1.006418428392284,1.006418428392284,4899683.652187993,pass,guided_64,paper_2d_100000_k8_it5_r1_m1p5,D:\AutoCluster-OMP\datasets\paper_gaussian\paper_2d_100000.csv,D:\AutoCluster-OMP\datasets\paper_gaussian\paper_2d_100000_cluster_labels.csv,8,2,5,1,1.5,7310156.790495641
fuzzy-cmeans,auto,2,0.532999992,1.4709193466554498,0.7354596733277249,4899683.652187993,pass,guided_64,paper_2d_100000_k8_it5_r1_m1p5,D:\AutoCluster-OMP\datasets\paper_gaussian\paper_2d_100000.csv,D:\AutoCluster-OMP\datasets\paper_gaussian\paper_2d_100000_cluster_labels.csv,8,2,5,1,1.5,7310156.790495641
fuzzy-cmeans,auto,4,0.414999962,1.8891567994890563,0.4722891998722641,4899683.652187993,pass,guided_64,paper_2d_100000_k8_it5_r1_m1p5,D:\AutoCluster-OMP\datasets\paper_gaussian\paper_2d_100000.csv,D:\AutoCluster-OMP\datasets\paper_gaussian\paper_2d_100000_cluster_labels.csv,8,2,5,1,1.5,7310156.790495641
fuzzy-cmeans,auto,8,0.376000166,2.0851054624268435,0.26063818280335543,4899683.652187993,pass,guided_64,paper_2d_100000_k8_it5_r1_m1p5,D:\AutoCluster-OMP\datasets\paper_gaussian\paper_2d_100000.csv,D:\AutoCluster-OMP\datasets\paper_gaussian\paper_2d_100000_cluster_labels.csv,8,2,5,1,1.5,7310156.790495641
fuzzy-cmeans,sequential,1,0.587,1.0,1.0,4899864.591803282,reference,guided_64,paper_2d_100000_k8_it5_r1_m2p0,D:\AutoCluster-OMP\datasets\paper_gaussian\paper_2d_100000.csv,D:\AutoCluster-OMP\datasets\paper_gaussian\paper_2d_100000_cluster_labels.csv,8,2,5,1,2.0,2686651.71409393
fuzzy-cmeans,manual,1,0.616999865,0.9513778418735958,0.9513778418735958,4899864.591803282,pass,guided_64,paper_2d_100000_k8_it5_r1_m2p0,D:\AutoCluster-OMP\datasets\paper_gaussian\paper_2d_100000.csv,D:\AutoCluster-OMP\datasets\paper_gaussian\paper_2d_100000_cluster_labels.csv,8,2,5,1,2.0,2686651.71409393
fuzzy-cmeans,manual,2,0.342000008,1.716374228856743,0.8581871144283715,4899864.591803282,pass,guided_64,paper_2d_100000_k8_it5_r1_m2p0,D:\AutoCluster-OMP\datasets\paper_gaussian\paper_2d_100000.csv,D:\AutoCluster-OMP\datasets\paper_gaussian\paper_2d_100000_cluster_labels.csv,8,2,5,1,2.0,2686651.71409393
fuzzy-cmeans,manual,4,0.200000048,2.9349992956001687,0.7337498239000422,4899864.591803282,pass,guided_64,paper_2d_100000_k8_it5_r1_m2p0,D:\AutoCluster-OMP\datasets\paper_gaussian\paper_2d_100000.csv,D:\AutoCluster-OMP\datasets\paper_gaussian\paper_2d_100000_cluster_labels.csv,8,2,5,1,2.0,2686651.71409393
fuzzy-cmeans,manual,8,0.181999922,3.225276107535914,0.40315951344198925,4899864.591803282,pass,guided_64,paper_2d_100000_k8_it5_r1_m2p0,D:\AutoCluster-OMP\datasets\paper_gaussian\paper_2d_100000.csv,D:\AutoCluster-OMP\datasets\paper_gaussian\paper_2d_100000_cluster_labels.csv,8,2,5,1,2.0,2686651.71409393
fuzzy-cmeans,auto,1,0.582999945,1.0068611584517388,1.0068611584517388,4899864.591803282,pass,guided_64,paper_2d_100000_k8_it5_r1_m2p0,D:\AutoCluster-OMP\datasets\paper_gaussian\paper_2d_100000.csv,D:\AutoCluster-OMP\datasets\paper_gaussian\paper_2d_100000_cluster_labels.csv,8,2,5,1,2.0,2686651.71409393
fuzzy-cmeans,auto,2,0.336999893,1.7418403156584978,0.8709201578292489,4899864.591803282,pass,guided_64,paper_2d_100000_k8_it5_r1_m2p0,D:\AutoCluster-OMP\datasets\paper_gaussian\paper_2d_100000.csv,D:\AutoCluster-OMP\datasets\paper_gaussian\paper_2d_100000_cluster_labels.csv,8,2,5,1,2.0,2686651.71409393
fuzzy-cmeans,auto,4,0.203000069,2.8916246328960606,0.7229061582240152,4899864.591803282,pass,guided_64,paper_2d_100000_k8_it5_r1_m2p0,D:\AutoCluster-OMP\datasets\paper_gaussian\paper_2d_100000.csv,D:\AutoCluster-OMP\datasets\paper_gaussian\paper_2d_100000_cluster_labels.csv,8,2,5,1,2.0,2686651.71409393
fuzzy-cmeans,auto,8,0.163000107,3.601224629870948,0.4501530787338685,4899864.591803282,pass,guided_64,paper_2d_100000_k8_it5_r1_m2p0,D:\AutoCluster-OMP\datasets\paper_gaussian\paper_2d_100000.csv,D:\AutoCluster-OMP\datasets\paper_gaussian\paper_2d_100000_cluster_labels.csv,8,2,5,1,2.0,2686651.71409393
fuzzy-cmeans,sequential,1,2.787,1.0,1.0,4899860.048063631,reference,guided_64,paper_2d_100000_k8_it5_r1_m2p5,D:\AutoCluster-OMP\datasets\paper_gaussian\paper_2d_100000.csv,D:\AutoCluster-OMP\datasets\paper_gaussian\paper_2d_100000_cluster_labels.csv,8,2,5,1,2.5,950853.547374788
fuzzy-cmeans,manual,1,2.730999947,1.0205053292152262,1.0205053292152262,4899860.048063631,pass,guided_64,paper_2d_100000_k8_it5_r1_m2p5,D:\AutoCluster-OMP\datasets\paper_gaussian\paper_2d_100000.csv,D:\AutoCluster-OMP\datasets\paper_gaussian\paper_2d_100000_cluster_labels.csv,8,2,5,1,2.5,950853.547374788
fuzzy-cmeans,manual,2,1.527999878,1.823953025210909,0.9119765126054545,4899860.048063631,pass,guided_64,paper_2d_100000_k8_it5_r1_m2p5,D:\AutoCluster-OMP\datasets\paper_gaussian\paper_2d_100000.csv,D:\AutoCluster-OMP\datasets\paper_gaussian\paper_2d_100000_cluster_labels.csv,8,2,5,1,2.5,950853.547374788
fuzzy-cmeans,manual,4,0.923999786,3.0162344647988912,0.7540586161997228,4899860.048063631,pass,guided_64,paper_2d_100000_k8_it5_r1_m2p5,D:\AutoCluster-OMP\datasets\paper_gaussian\paper_2d_100000.csv,D:\AutoCluster-OMP\datasets\paper_gaussian\paper_2d_100000_cluster_labels.csv,8,2,5,1,2.5,950853.547374788
fuzzy-cmeans,manual,8,0.660000086,4.222726722493184,0.527840840311648,4899860.048063631,pass,guided_64,paper_2d_100000_k8_it5_r1_m2p5,D:\AutoCluster-OMP\datasets\paper_gaussian\paper_2d_100000.csv,D:\AutoCluster-OMP\datasets\paper_gaussian\paper_2d_100000_cluster_labels.csv,8,2,5,1,2.5,950853.547374788
fuzzy-cmeans,auto,1,2.727999926,1.0216275936951766,1.0216275936951766,4899860.048063631,pass,guided_64,paper_2d_100000_k8_it5_r1_m2p5,D:\AutoCluster-OMP\datasets\paper_gaussian\paper_2d_100000.csv,D:\AutoCluster-OMP\datasets\paper_gaussian\paper_2d_100000_cluster_labels.csv,8,2,5,1,2.5,950853.547374788
fuzzy-cmeans,auto,2,1.51699996,1.8371786904991085,0.9185893452495543,4899860.048063631,pass,guided_64,paper_2d_100000_k8_it5_r1_m2p5,D:\AutoCluster-OMP\datasets\paper_gaussian\paper_2d_100000.csv,D:\AutoCluster-OMP\datasets\paper_gaussian\paper_2d_100000_cluster_labels.csv,8,2,5,1,2.5,950853.547374788
fuzzy-cmeans,auto,4,0.921999931,3.0227767988845975,0.7556941997211494,4899860.048063631,pass,guided_64,paper_2d_100000_k8_it5_r1_m2p5,D:\AutoCluster-OMP\datasets\paper_gaussian\paper_2d_100000.csv,D:\AutoCluster-OMP\datasets\paper_gaussian\paper_2d_100000_cluster_labels.csv,8,2,5,1,2.5,950853.547374788
fuzzy-cmeans,auto,8,0.648999929,4.2942993912099485,0.5367874239012436,4899860.048063631,pass,guided_64,paper_2d_100000_k8_it5_r1_m2p5,D:\AutoCluster-OMP\datasets\paper_gaussian\paper_2d_100000.csv,D:\AutoCluster-OMP\datasets\paper_gaussian\paper_2d_100000_cluster_labels.csv,8,2,5,1,2.5,950853.547374788
fuzzy-cmeans,sequential,1,2.34,1.0,1.0,4903689.836977277,reference,guided_64,paper_2d_100000_k8_it15_r1_m1p5,D:\AutoCluster-OMP\datasets\paper_gaussian\paper_2d_100000.csv,D:\AutoCluster-OMP\datasets\paper_gaussian\paper_2d_100000_cluster_labels.csv,8,2,15,1,1.5,318668.069420413
fuzzy-cmeans,manual,1,2.284999847,1.024070090451958,1.024070090451958,4903689.836977277,pass,guided_64,paper_2d_100000_k8_it15_r1_m1p5,D:\AutoCluster-OMP\datasets\paper_gaussian\paper_2d_100000.csv,D:\AutoCluster-OMP\datasets\paper_gaussian\paper_2d_100000_cluster_labels.csv,8,2,15,1,1.5,318668.069420413
fuzzy-cmeans,manual,2,1.548000097,1.5116278122558797,0.7558139061279399,4903689.836977277,pass,guided_64,paper_2d_100000_k8_it15_r1_m1p5,D:\AutoCluster-OMP\datasets\paper_gaussian\paper_2d_100000.csv,D:\AutoCluster-OMP\datasets\paper_gaussian\paper_2d_100000_cluster_labels.csv,8,2,15,1,1.5,318668.069420413
fuzzy-cmeans,manual,4,1.171000004,1.998292051244092,0.499573012811023,4903689.836977277,pass,guided_64,paper_2d_100000_k8_it15_r1_m1p5,D:\AutoCluster-OMP\datasets\paper_gaussian\paper_2d_100000.csv,D:\AutoCluster-OMP\datasets\paper_gaussian\paper_2d_100000_cluster_labels.csv,8,2,15,1,1.5,318668.069420413
fuzzy-cmeans,manual,8,1.110999823,2.1062109566150666,0.26327636957688333,4903689.836977277,pass,guided_64,paper_2d_100000_k8_it15_r1_m1p5,D:\AutoCluster-OMP\datasets\paper_gaussian\paper_2d_100000.csv,D:\AutoCluster-OMP\datasets\paper_gaussian\paper_2d_100000_cluster_labels.csv,8,2,15,1,1.5,318668.069420413
fuzzy-cmeans,auto,1,2.278000116,1.027216804584219,1.027216804584219,4903689.836977277,pass,guided_64,paper_2d_100000_k8_it15_r1_m1p5,D:\AutoCluster-OMP\datasets\paper_gaussian\paper_2d_100000.csv,D:\AutoCluster-OMP\datasets\paper_gaussian\paper_2d_100000_cluster_labels.csv,8,2,15,1,1.5,318668.069420413
fuzzy-cmeans,auto,2,1.545000076,1.5145630322933394,0.7572815161466697,4903689.836977277,pass,guided_64,paper_2d_100000_k8_it15_r1_m1p5,D:\AutoCluster-OMP\datasets\paper_gaussian\paper_2d_100000.csv,D:\AutoCluster-OMP\datasets\paper_gaussian\paper_2d_100000_cluster_labels.csv,8,2,15,1,1.5,318668.069420413
fuzzy-cmeans,auto,4,1.165999889,2.0068612545125206,0.5017153136281302,4903689.836977277,pass,guided_64,paper_2d_100000_k8_it15_r1_m1p5,D:\AutoCluster-OMP\datasets\paper_gaussian\paper_2d_100000.csv,D:\AutoCluster-OMP\datasets\paper_gaussian\paper_2d_100000_cluster_labels.csv,8,2,15,1,1.5,318668.069420413
fuzzy-cmeans,auto,8,1.066999912,2.193064848162799,0.27413310602034985,4903689.836977277,pass,guided_64,paper_2d_100000_k8_it15_r1_m1p5,D:\AutoCluster-OMP\datasets\paper_gaussian\paper_2d_100000.csv,D:\AutoCluster-OMP\datasets\paper_gaussian\paper_2d_100000_cluster_labels.csv,8,2,15,1,1.5,318668.069420413
fuzzy-cmeans,sequential,1,1.769,1.0,1.0,4903678.946155452,reference,guided_64,paper_2d_100000_k8_it15_r1_m2p0,D:\AutoCluster-OMP\datasets\paper_gaussian\paper_2d_100000.csv,D:\AutoCluster-OMP\datasets\paper_gaussian\paper_2d_100000_cluster_labels.csv,8,2,15,1,2.0,278410.226744622
fuzzy-cmeans,manual,1,1.714999914,1.0314869321911813,1.0314869321911813,4903678.946155452,pass,guided_64,paper_2d_100000_k8_it15_r1_m2p0,D:\AutoCluster-OMP\datasets\paper_gaussian\paper_2d_100000.csv,D:\AutoCluster-OMP\datasets\paper_gaussian\paper_2d_100000_cluster_labels.csv,8,2,15,1,2.0,278410.226744622
fuzzy-cmeans,manual,2,0.960999966,1.8407909079988456,0.9203954539994228,4903678.946155452,pass,guided_64,paper_2d_100000_k8_it15_r1_m2p0,D:\AutoCluster-OMP\datasets\paper_gaussian\paper_2d_100000.csv,D:\AutoCluster-OMP\datasets\paper_gaussian\paper_2d_100000_cluster_labels.csv,8,2,15,1,2.0,278410.226744622
fuzzy-cmeans,manual,4,0.600999832,2.9434284434209292,0.7358571108552323,4903678.946155452,pass,guided_64,paper_2d_100000_k8_it15_r1_m2p0,D:\AutoCluster-OMP\datasets\paper_gaussian\paper_2d_100000.csv,D:\AutoCluster-OMP\datasets\paper_gaussian\paper_2d_100000_cluster_labels.csv,8,2,15,1,2.0,278410.226744622
fuzzy-cmeans,manual,8,0.531000137,3.3314492346355076,0.41643115432943845,4903678.946155452,pass,guided_64,paper_2d_100000_k8_it15_r1_m2p0,D:\AutoCluster-OMP\datasets\paper_gaussian\paper_2d_100000.csv,D:\AutoCluster-OMP\datasets\paper_gaussian\paper_2d_100000_cluster_labels.csv,8,2,15,1,2.0,278410.226744622
fuzzy-cmeans,auto,1,1.710999966,1.0338983256297738,1.0338983256297738,4903678.946155452,pass,guided_64,paper_2d_100000_k8_it15_r1_m2p0,D:\AutoCluster-OMP\datasets\paper_gaussian\paper_2d_100000.csv,D:\AutoCluster-OMP\datasets\paper_gaussian\paper_2d_100000_cluster_labels.csv,8,2,15,1,2.0,278410.226744622
fuzzy-cmeans,auto,2,0.94900012,1.8640672037006696,0.9320336018503348,4903678.946155452,pass,guided_64,paper_2d_100000_k8_it15_r1_m2p0,D:\AutoCluster-OMP\datasets\paper_gaussian\paper_2d_100000.csv,D:\AutoCluster-OMP\datasets\paper_gaussian\paper_2d_100000_cluster_labels.csv,8,2,15,1,2.0,278410.226744622
fuzzy-cmeans,auto,4,0.585999966,3.0187715062085854,0.7546928765521463,4903678.946155452,pass,guided_64,paper_2d_100000_k8_it15_r1_m2p0,D:\AutoCluster-OMP\datasets\paper_gaussian\paper_2d_100000.csv,D:\AutoCluster-OMP\datasets\paper_gaussian\paper_2d_100000_cluster_labels.csv,8,2,15,1,2.0,278410.226744622
fuzzy-cmeans,auto,8,0.482000113,3.670123620904628,0.4587654526130785,4903678.946155452,pass,guided_64,paper_2d_100000_k8_it15_r1_m2p0,D:\AutoCluster-OMP\datasets\paper_gaussian\paper_2d_100000.csv,D:\AutoCluster-OMP\datasets\paper_gaussian\paper_2d_100000_cluster_labels.csv,8,2,15,1,2.0,278410.226744622
fuzzy-cmeans,sequential,1,7.73,1.0,1.0,4898949.56342204,reference,guided_64,paper_2d_100000_k8_it15_r1_m2p5,D:\AutoCluster-OMP\datasets\paper_gaussian\paper_2d_100000.csv,D:\AutoCluster-OMP\datasets\paper_gaussian\paper_2d_100000_cluster_labels.csv,8,2,15,1,2.5,684041.711054319
fuzzy-cmeans,manual,1,7.664999962,1.0084801093701559,1.0084801093701559,4898949.56342204,pass,guided_64,paper_2d_100000_k8_it15_r1_m2p5,D:\AutoCluster-OMP\datasets\paper_gaussian\paper_2d_100000.csv,D:\AutoCluster-OMP\datasets\paper_gaussian\paper_2d_100000_cluster_labels.csv,8,2,15,1,2.5,684041.711054319
fuzzy-cmeans,manual,2,4.213999987,1.8343616572963222,0.9171808286481611,4898949.56342204,pass,guided_64,paper_2d_100000_k8_it15_r1_m2p5,D:\AutoCluster-OMP\datasets\paper_gaussian\paper_2d_100000.csv,D:\AutoCluster-OMP\datasets\paper_gaussian\paper_2d_100000_cluster_labels.csv,8,2,15,1,2.5,684041.711054319
fuzzy-cmeans,manual,4,2.562999964,3.015996921020636,0.753999230255159,4898949.56342204,pass,guided_64,paper_2d_100000_k8_it15_r1_m2p5,D:\AutoCluster-OMP\datasets\paper_gaussian\paper_2d_100000.csv,D:\AutoCluster-OMP\datasets\paper_gaussian\paper_2d_100000_cluster_labels.csv,8,2,15,1,2.5,684041.711054319
fuzzy-cmeans,manual,8,1.836999893,4.207947985982817,0.5259934982478521,4898949.56342204,pass,guided_64,paper_2d_100000_k8_it15_r1_m2p5,D:\AutoCluster-OMP\datasets\paper_gaussian\paper_2d_100000.csv,D:\AutoCluster-OMP\datasets\paper_gaussian\paper_2d_100000_cluster_labels.csv,8,2,15,1,2.5,684041.711054319
fuzzy-cmeans,auto,1,7.742000103,0.9984499996331246,0.9984499996331246,4898949.56342204,pass,guided_64,paper_2d_100000_k8_it15_r1_m2p5,D:\AutoCluster-OMP\datasets\paper_gaussian\paper_2d_100000.csv,D:\AutoCluster-OMP\datasets\paper_gaussian\paper_2d_100000_cluster_labels.csv,8,2,15,1,2.5,684041.711054319
fuzzy-cmeans,auto,2,4.284999847,1.8039673923003527,0.9019836961501764,4898949.56342204,pass,guided_64,paper_2d_100000_k8_it15_r1_m2p5,D:\AutoCluster-OMP\datasets\paper_gaussian\paper_2d_100000.csv,D:\AutoCluster-OMP\datasets\paper_gaussian\paper_2d_100000_cluster_labels.csv,8,2,15,1,2.5,684041.711054319
fuzzy-cmeans,auto,4,2.562999964,3.015996921020636,0.753999230255159,4898949.56342204,pass,guided_64,paper_2d_100000_k8_it15_r1_m2p5,D:\AutoCluster-OMP\datasets\paper_gaussian\paper_2d_100000.csv,D:\AutoCluster-OMP\datasets\paper_gaussian\paper_2d_100000_cluster_labels.csv,8,2,15,1,2.5,684041.711054319
fuzzy-cmeans,auto,8,1.775000095,4.354929344384064,0.544366168048008,4898949.56342204,pass,guided_64,paper_2d_100000_k8_it15_r1_m2p5,D:\AutoCluster-OMP\datasets\paper_gaussian\paper_2d_100000.csv,D:\AutoCluster-OMP\datasets\paper_gaussian\paper_2d_100000_cluster_labels.csv,8,2,15,1,2.5,684041.711054319
fuzzy-cmeans,sequential,1,4.572,1.0,1.0,4903689.836976154,reference,guided_64,paper_2d_100000_k8_it30_r1_m1p5,D:\AutoCluster-OMP\datasets\paper_gaussian\paper_2d_100000.csv,D:\AutoCluster-OMP\datasets\paper_gaussian\paper_2d_100000_cluster_labels.csv,8,2,30,1,1.5,318668.069420412
fuzzy-cmeans,manual,1,4.54399991,1.0061619917593705,1.0061619917593705,4903689.836976154,pass,guided_64,paper_2d_100000_k8_it30_r1_m1p5,D:\AutoCluster-OMP\datasets\paper_gaussian\paper_2d_100000.csv,D:\AutoCluster-OMP\datasets\paper_gaussian\paper_2d_100000_cluster_labels.csv,8,2,30,1,1.5,318668.069420412
fuzzy-cmeans,manual,2,3.045000076,1.5014777950370075,0.7507388975185038,4903689.836976154,pass,guided_64,paper_2d_100000_k8_it30_r1_m1p5,D:\AutoCluster-OMP\datasets\paper_gaussian\paper_2d_100000.csv,D:\AutoCluster-OMP\datasets\paper_gaussian\paper_2d_100000_cluster_labels.csv,8,2,30,1,1.5,318668.069420412
fuzzy-cmeans,manual,4,2.302999973,1.9852366711252238,0.49630916778130596,4903689.836976154,pass,guided_64,paper_2d_100000_k8_it30_r1_m1p5,D:\AutoCluster-OMP\datasets\paper_gaussian\paper_2d_100000.csv,D:\AutoCluster-OMP\datasets\paper_gaussian\paper_2d_100000_cluster_labels.csv,8,2,30,1,1.5,318668.069420412
fuzzy-cmeans,manual,8,2.187000036,2.0905349450117705,0.2613168681264713,4903689.836976154,pass,guided_64,paper_2d_100000_k8_it30_r1_m1p5,D:\AutoCluster-OMP\datasets\paper_gaussian\paper_2d_100000.csv,D:\AutoCluster-OMP\datasets\paper_gaussian\paper_2d_100000_cluster_labels.csv,8,2,30,1,1.5,318668.069420412
fuzzy-cmeans,auto,1,4.637000084,0.9859822982914571,0.9859822982914571,4903689.836976154,pass,guided_64,paper_2d_100000_k8_it30_r1_m1p5,D:\AutoCluster-OMP\datasets\paper_gaussian\paper_2d_100000.csv,D:\AutoCluster-OMP\datasets\paper_gaussian\paper_2d_100000_cluster_labels.csv,8,2,30,1,1.5,318668.069420412
fuzzy-cmeans,auto,2,3.069999933,1.4892508468338133,0.7446254234169066,4903689.836976154,pass,guided_64,paper_2d_100000_k8_it30_r1_m1p5,D:\AutoCluster-OMP\datasets\paper_gaussian\paper_2d_100000.csv,D:\AutoCluster-OMP\datasets\paper_gaussian\paper_2d_100000_cluster_labels.csv,8,2,30,1,1.5,318668.069420412
fuzzy-cmeans,auto,4,2.302999973,1.9852366711252238,0.49630916778130596,4903689.836976154,pass,guided_64,paper_2d_100000_k8_it30_r1_m1p5,D:\AutoCluster-OMP\datasets\paper_gaussian\paper_2d_100000.csv,D:\AutoCluster-OMP\datasets\paper_gaussian\paper_2d_100000_cluster_labels.csv,8,2,30,1,1.5,318668.069420412
fuzzy-cmeans,auto,8,2.092000008,2.1854684428853983,0.2731835553606748,4903689.836976154,pass,guided_64,paper_2d_100000_k8_it30_r1_m1p5,D:\AutoCluster-OMP\datasets\paper_gaussian\paper_2d_100000.csv,D:\AutoCluster-OMP\datasets\paper_gaussian\paper_2d_100000_cluster_labels.csv,8,2,30,1,1.5,318668.069420412
fuzzy-cmeans,sequential,1,3.48,1.0,1.0,4903688.411811251,reference,guided_64,paper_2d_100000_k8_it30_r1_m2p0,D:\AutoCluster-OMP\datasets\paper_gaussian\paper_2d_100000.csv,D:\AutoCluster-OMP\datasets\paper_gaussian\paper_2d_100000_cluster_labels.csv,8,2,30,1,2.0,278184.278587808
fuzzy-cmeans,manual,1,3.403000116,1.0226270588819457,1.0226270588819457,4903688.411811251,pass,guided_64,paper_2d_100000_k8_it30_r1_m2p0,D:\AutoCluster-OMP\datasets\paper_gaussian\paper_2d_100000.csv,D:\AutoCluster-OMP\datasets\paper_gaussian\paper_2d_100000_cluster_labels.csv,8,2,30,1,2.0,278184.278587808
fuzzy-cmeans,manual,2,1.887000084,1.8441970562201628,0.9220985281100814,4903688.411811251,pass,guided_64,paper_2d_100000_k8_it30_r1_m2p0,D:\AutoCluster-OMP\datasets\paper_gaussian\paper_2d_100000.csv,D:\AutoCluster-OMP\datasets\paper_gaussian\paper_2d_100000_cluster_labels.csv,8,2,30,1,2.0,278184.278587808
fuzzy-cmeans,manual,4,1.177000046,2.9566693831717994,0.7391673457929498,4903688.411811251,pass,guided_64,paper_2d_100000_k8_it30_r1_m2p0,D:\AutoCluster-OMP\datasets\paper_gaussian\paper_2d_100000.csv,D:\AutoCluster-OMP\datasets\paper_gaussian\paper_2d_100000_cluster_labels.csv,8,2,30,1,2.0,278184.278587808
fuzzy-cmeans,manual,8,1.039000034,3.349374288855894,0.41867178610698674,4903688.411811251,pass,guided_64,paper_2d_100000_k8_it30_r1_m2p0,D:\AutoCluster-OMP\datasets\paper_gaussian\paper_2d_100000.csv,D:\AutoCluster-OMP\datasets\paper_gaussian\paper_2d_100000_cluster_labels.csv,8,2,30,1,2.0,278184.278587808
fuzzy-cmeans,auto,1,3.536000013,0.9841628923093558,0.9841628923093558,4903688.411811251,pass,guided_64,paper_2d_100000_k8_it30_r1_m2p0,D:\AutoCluster-OMP\datasets\paper_gaussian\paper_2d_100000.csv,D:\AutoCluster-OMP\datasets\paper_gaussian\paper_2d_100000_cluster_labels.csv,8,2,30,1,2.0,278184.278587808
fuzzy-cmeans,auto,2,2.025000095,1.7185184378966656,0.8592592189483328,4903688.411811251,pass,guided_64,paper_2d_100000_k8_it30_r1_m2p0,D:\AutoCluster-OMP\datasets\paper_gaussian\paper_2d_100000.csv,D:\AutoCluster-OMP\datasets\paper_gaussian\paper_2d_100000_cluster_labels.csv,8,2,30,1,2.0,278184.278587808
fuzzy-cmeans,auto,4,1.161999941,2.9948366408738054,0.7487091602184514,4903688.411811251,pass,guided_64,paper_2d_100000_k8_it30_r1_m2p0,D:\AutoCluster-OMP\datasets\paper_gaussian\paper_2d_100000.csv,D:\AutoCluster-OMP\datasets\paper_gaussian\paper_2d_100000_cluster_labels.csv,8,2,30,1,2.0,278184.278587808
fuzzy-cmeans,auto,8,0.959000111,3.62877955912979,0.4535974448912238,4903688.411811251,pass,guided_64,paper_2d_100000_k8_it30_r1_m2p0,D:\AutoCluster-OMP\datasets\paper_gaussian\paper_2d_100000.csv,D:\AutoCluster-OMP\datasets\paper_gaussian\paper_2d_100000_cluster_labels.csv,8,2,30,1,2.0,278184.278587808
fuzzy-cmeans,sequential,1,14.337,1.0,1.0,4901830.303819842,reference,guided_64,paper_2d_100000_k8_it30_r1_m2p5,D:\AutoCluster-OMP\datasets\paper_gaussian\paper_2d_100000.csv,D:\AutoCluster-OMP\datasets\paper_gaussian\paper_2d_100000_cluster_labels.csv,8,2,30,1,2.5,182945.592705848
fuzzy-cmeans,manual,1,14.288000107,1.0034294437733098,1.0034294437733098,4901830.303819842,pass,guided_64,paper_2d_100000_k8_it30_r1_m2p5,D:\AutoCluster-OMP\datasets\paper_gaussian\paper_2d_100000.csv,D:\AutoCluster-OMP\datasets\paper_gaussian\paper_2d_100000_cluster_labels.csv,8,2,30,1,2.5,182945.592705848
fuzzy-cmeans,manual,2,8.034000158,1.784540666920908,0.892270333460454,4901830.303819842,pass,guided_64,paper_2d_100000_k8_it30_r1_m2p5,D:\AutoCluster-OMP\datasets\paper_gaussian\paper_2d_100000.csv,D:\AutoCluster-OMP\datasets\paper_gaussian\paper_2d_100000_cluster_labels.csv,8,2,30,1,2.5,182945.592705848
fuzzy-cmeans,manual,4,4.833000183,2.9664803346025446,0.7416200836506361,4901830.303819842,pass,guided_64,paper_2d_100000_k8_it30_r1_m2p5,D:\AutoCluster-OMP\datasets\paper_gaussian\paper_2d_100000.csv,D:\AutoCluster-OMP\datasets\paper_gaussian\paper_2d_100000_cluster_labels.csv,8,2,30,1,2.5,182945.592705848
fuzzy-cmeans,manual,8,3.556999922,4.030643889342205,0.5038304861677756,4901830.303819842,pass,guided_64,paper_2d_100000_k8_it30_r1_m2p5,D:\AutoCluster-OMP\datasets\paper_gaussian\paper_2d_100000.csv,D:\AutoCluster-OMP\datasets\paper_gaussian\paper_2d_100000_cluster_labels.csv,8,2,30,1,2.5,182945.592705848
fuzzy-cmeans,auto,1,14.370000124,0.9977035404512707,0.9977035404512707,4901830.303819842,pass,guided_64,paper_2d_100000_k8_it30_r1_m2p5,D:\AutoCluster-OMP\datasets\paper_gaussian\paper_2d_100000.csv,D:\AutoCluster-OMP\datasets\paper_gaussian\paper_2d_100000_cluster_labels.csv,8,2,30,1,2.5,182945.592705848
fuzzy-cmeans,auto,2,7.92599988,1.8088569539569561,0.9044284769784781,4901830.303819842,pass,guided_64,paper_2d_100000_k8_it30_r1_m2p5,D:\AutoCluster-OMP\datasets\paper_gaussian\paper_2d_100000.csv,D:\AutoCluster-OMP\datasets\paper_gaussian\paper_2d_100000_cluster_labels.csv,8,2,30,1,2.5,182945.592705848
fuzzy-cmeans,auto,4,4.832000017,2.96709436042206,0.741773590105515,4901830.303819842,pass,guided_64,paper_2d_100000_k8_it30_r1_m2p5,D:\AutoCluster-OMP\datasets\paper_gaussian\paper_2d_100000.csv,D:\AutoCluster-OMP\datasets\paper_gaussian\paper_2d_100000_cluster_labels.csv,8,2,30,1,2.5,182945.592705848
fuzzy-cmeans,auto,8,3.453999996,4.150839611060613,0.5188549513825766,4901830.303819842,pass,guided_64,paper_2d_100000_k8_it30_r1_m2p5,D:\AutoCluster-OMP\datasets\paper_gaussian\paper_2d_100000.csv,D:\AutoCluster-OMP\datasets\paper_gaussian\paper_2d_100000_cluster_labels.csv,8,2,30,1,2.5,182945.592705848
fuzzy-cmeans,sequential,1,1.632,1.0,1.0,9800716.613931887,reference,guided_64,paper_2d_200000_k8_it5_r1_m1p5,D:\AutoCluster-OMP\datasets\paper_gaussian\paper_2d_200000.csv,D:\AutoCluster-OMP\datasets\paper_gaussian\paper_2d_200000_cluster_labels.csv,8,2,5,1,1.5,14424699.81258712
fuzzy-cmeans,manual,1,1.573000193,1.0375078193013292,1.0375078193013292,9800716.613931887,pass,guided_64,paper_2d_200000_k8_it5_r1_m1p5,D:\AutoCluster-OMP\datasets\paper_gaussian\paper_2d_200000.csv,D:\AutoCluster-OMP\datasets\paper_gaussian\paper_2d_200000_cluster_labels.csv,8,2,5,1,1.5,14424699.81258712
fuzzy-cmeans,manual,2,1.075999975,1.516728659775294,0.758364329887647,9800716.613931887,pass,guided_64,paper_2d_200000_k8_it5_r1_m1p5,D:\AutoCluster-OMP\datasets\paper_gaussian\paper_2d_200000.csv,D:\AutoCluster-OMP\datasets\paper_gaussian\paper_2d_200000_cluster_labels.csv,8,2,5,1,1.5,14424699.81258712
fuzzy-cmeans,manual,4,0.825000048,1.9781817030876099,0.49454542577190247,9800716.613931887,pass,guided_64,paper_2d_200000_k8_it5_r1_m1p5,D:\AutoCluster-OMP\datasets\paper_gaussian\paper_2d_200000.csv,D:\AutoCluster-OMP\datasets\paper_gaussian\paper_2d_200000_cluster_labels.csv,8,2,5,1,1.5,14424699.81258712
fuzzy-cmeans,manual,8,0.770999908,2.116731770089913,0.2645914712612391,9800716.613931887,pass,guided_64,paper_2d_200000_k8_it5_r1_m1p5,D:\AutoCluster-OMP\datasets\paper_gaussian\paper_2d_200000.csv,D:\AutoCluster-OMP\datasets\paper_gaussian\paper_2d_200000_cluster_labels.csv,8,2,5,1,1.5,14424699.81258712
fuzzy-cmeans,auto,1,1.576000214,1.0355328543121631,1.0355328543121631,9800716.613931887,pass,guided_64,paper_2d_200000_k8_it5_r1_m1p5,D:\AutoCluster-OMP\datasets\paper_gaussian\paper_2d_200000.csv,D:\AutoCluster-OMP\datasets\paper_gaussian\paper_2d_200000_cluster_labels.csv,8,2,5,1,1.5,14424699.81258712
fuzzy-cmeans,auto,2,1.06400013,1.5338343990615866,0.7669171995307933,9800716.613931887,pass,guided_64,paper_2d_200000_k8_it5_r1_m1p5,D:\AutoCluster-OMP\datasets\paper_gaussian\paper_2d_200000.csv,D:\AutoCluster-OMP\datasets\paper_gaussian\paper_2d_200000_cluster_labels.csv,8,2,5,1,1.5,14424699.81258712
fuzzy-cmeans,auto,4,0.820999861,1.987820068583422,0.4969550171458555,9800716.613931887,pass,guided_64,paper_2d_200000_k8_it5_r1_m1p5,D:\AutoCluster-OMP\datasets\paper_gaussian\paper_2d_200000.csv,D:\AutoCluster-OMP\datasets\paper_gaussian\paper_2d_200000_cluster_labels.csv,8,2,5,1,1.5,14424699.81258712
fuzzy-cmeans,auto,8,0.757999897,2.1530345933543047,0.2691293241692881,9800716.613931887,pass,guided_64,paper_2d_200000_k8_it5_r1_m1p5,D:\AutoCluster-OMP\datasets\paper_gaussian\paper_2d_200000.csv,D:\AutoCluster-OMP\datasets\paper_gaussian\paper_2d_200000_cluster_labels.csv,8,2,5,1,1.5,14424699.81258712
fuzzy-cmeans,sequential,1,1.207,1.0,1.0,9800018.400011387,reference,guided_64,paper_2d_200000_k8_it5_r1_m2p0,D:\AutoCluster-OMP\datasets\paper_gaussian\paper_2d_200000.csv,D:\AutoCluster-OMP\datasets\paper_gaussian\paper_2d_200000_cluster_labels.csv,8,2,5,1,2.0,5372266.831606277
fuzzy-cmeans,manual,1,1.166000128,1.0351628366202033,1.0351628366202033,9800018.400011387,pass,guided_64,paper_2d_200000_k8_it5_r1_m2p0,D:\AutoCluster-OMP\datasets\paper_gaussian\paper_2d_200000.csv,D:\AutoCluster-OMP\datasets\paper_gaussian\paper_2d_200000_cluster_labels.csv,8,2,5,1,2.0,5372266.831606277
fuzzy-cmeans,manual,2,0.669999838,1.8014929728983011,0.9007464864491506,9800018.400011387,pass,guided_64,paper_2d_200000_k8_it5_r1_m2p0,D:\AutoCluster-OMP\datasets\paper_gaussian\paper_2d_200000.csv,D:\AutoCluster-OMP\datasets\paper_gaussian\paper_2d_200000_cluster_labels.csv,8,2,5,1,2.0,5372266.831606277
fuzzy-cmeans,manual,4,0.414999962,2.908434001254198,0.7271085003135495,9800018.400011387,pass,guided_64,paper_2d_200000_k8_it5_r1_m2p0,D:\AutoCluster-OMP\datasets\paper_gaussian\paper_2d_200000.csv,D:\AutoCluster-OMP\datasets\paper_gaussian\paper_2d_200000_cluster_labels.csv,8,2,5,1,2.0,5372266.831606277
fuzzy-cmeans,manual,8,0.356000185,3.390447676312303,0.4238059595390379,9800018.400011387,pass,guided_64,paper_2d_200000_k8_it5_r1_m2p0,D:\AutoCluster-OMP\datasets\paper_gaussian\paper_2d_200000.csv,D:\AutoCluster-OMP\datasets\paper_gaussian\paper_2d_200000_cluster_labels.csv,8,2,5,1,2.0,5372266.831606277
fuzzy-cmeans,auto,1,1.162999868,1.0378333078194297,1.0378333078194297,9800018.400011387,pass,guided_64,paper_2d_200000_k8_it5_r1_m2p0,D:\AutoCluster-OMP\datasets\paper_gaussian\paper_2d_200000.csv,D:\AutoCluster-OMP\datasets\paper_gaussian\paper_2d_200000_cluster_labels.csv,8,2,5,1,2.0,5372266.831606277
fuzzy-cmeans,auto,2,0.660000086,1.8287876404913075,0.9143938202456537,9800018.400011387,pass,guided_64,paper_2d_200000_k8_it5_r1_m2p0,D:\AutoCluster-OMP\datasets\paper_gaussian\paper_2d_200000.csv,D:\AutoCluster-OMP\datasets\paper_gaussian\paper_2d_200000_cluster_labels.csv,8,2,5,1,2.0,5372266.831606277
fuzzy-cmeans,auto,4,0.41899991,2.8806688765159882,0.7201672191289971,9800018.400011387,pass,guided_64,paper_2d_200000_k8_it5_r1_m2p0,D:\AutoCluster-OMP\datasets\paper_gaussian\paper_2d_200000.csv,D:\AutoCluster-OMP\datasets\paper_gaussian\paper_2d_200000_cluster_labels.csv,8,2,5,1,2.0,5372266.831606277
fuzzy-cmeans,auto,8,0.33100009,3.646524688256127,0.4558155860320159,9800018.400011387,pass,guided_64,paper_2d_200000_k8_it5_r1_m2p0,D:\AutoCluster-OMP\datasets\paper_gaussian\paper_2d_200000.csv,D:\AutoCluster-OMP\datasets\paper_gaussian\paper_2d_200000_cluster_labels.csv,8,2,5,1,2.0,5372266.831606277
fuzzy-cmeans,sequential,1,5.523,1.0,1.0,9799959.07082684,reference,guided_64,paper_2d_200000_k8_it5_r1_m2p5,D:\AutoCluster-OMP\datasets\paper_gaussian\paper_2d_200000.csv,D:\AutoCluster-OMP\datasets\paper_gaussian\paper_2d_200000_cluster_labels.csv,8,2,5,1,2.5,1901846.069035282
fuzzy-cmeans,manual,1,5.4599998,1.0115384985911537,1.0115384985911537,9799959.07082684,pass,guided_64,paper_2d_200000_k8_it5_r1_m2p5,D:\AutoCluster-OMP\datasets\paper_gaussian\paper_2d_200000.csv,D:\AutoCluster-OMP\datasets\paper_gaussian\paper_2d_200000_cluster_labels.csv,8,2,5,1,2.5,1901846.069035282
fuzzy-cmeans,manual,2,3.010999918,1.8342743774196275,0.9171371887098138,9799959.07082684,pass,guided_64,paper_2d_200000_k8_it5_r1_m2p5,D:\AutoCluster-OMP\datasets\paper_gaussian\paper_2d_200000.csv,D:\AutoCluster-OMP\datasets\paper_gaussian\paper_2d_200000_cluster_labels.csv,8,2,5,1,2.5,1901846.069035282
fuzzy-cmeans,manual,4,1.888000011,2.9253177795664747,0.7313294448916187,9799959.07082684,pass,guided_64,paper_2d_200000_k8_it5_r1_m2p5,D:\AutoCluster-OMP\datasets\paper_gaussian\paper_2d_200000.csv,D:\AutoCluster-OMP\datasets\paper_gaussian\paper_2d_200000_cluster_labels.csv,8,2,5,1,2.5,1901846.069035282
fuzzy-cmeans,manual,8,1.40199995,3.9393724657408153,0.4924215582176019,9799959.07082684,pass,guided_64,paper_2d_200000_k8_it5_r1_m2p5,D:\AutoCluster-OMP\datasets\paper_gaussian\paper_2d_200000.csv,D:\AutoCluster-OMP\datasets\paper_gaussian\paper_2d_200000_cluster_labels.csv,8,2,5,1,2.5,1901846.069035282
fuzzy-cmeans,auto,1,5.663999796,0.9751059673237319,0.9751059673237319,9799959.07082684,pass,guided_64,paper_2d_200000_k8_it5_r1_m2p5,D:\AutoCluster-OMP\datasets\paper_gaussian\paper_2d_200000.csv,D:\AutoCluster-OMP\datasets\paper_gaussian\paper_2d_200000_cluster_labels.csv,8,2,5,1,2.5,1901846.069035282
fuzzy-cmeans,auto,2,3.051999807,1.8096331419591074,0.9048165709795537,9799959.07082684,pass,guided_64,paper_2d_200000_k8_it5_r1_m2p5,D:\AutoCluster-OMP\datasets\paper_gaussian\paper_2d_200000.csv,D:\AutoCluster-OMP\datasets\paper_gaussian\paper_2d_200000_cluster_labels.csv,8,2,5,1,2.5,1901846.069035282
fuzzy-cmeans,auto,4,1.836999893,3.006532564887852,0.751633141221963,9799959.07082684,pass,guided_64,paper_2d_200000_k8_it5_r1_m2p5,D:\AutoCluster-OMP\datasets\paper_gaussian\paper_2d_200000.csv,D:\AutoCluster-OMP\datasets\paper_gaussian\paper_2d_200000_cluster_labels.csv,8,2,5,1,2.5,1901846.069035282
fuzzy-cmeans,auto,8,1.280999899,4.311475749772873,0.5389344687216091,9799959.07082684,pass,guided_64,paper_2d_200000_k8_it5_r1_m2p5,D:\AutoCluster-OMP\datasets\paper_gaussian\paper_2d_200000.csv,D:\AutoCluster-OMP\datasets\paper_gaussian\paper_2d_200000_cluster_labels.csv,8,2,5,1,2.5,1901846.069035282
fuzzy-cmeans,sequential,1,4.632,1.0,1.0,9801916.01760902,reference,guided_64,paper_2d_200000_k8_it15_r1_m1p5,D:\AutoCluster-OMP\datasets\paper_gaussian\paper_2d_200000.csv,D:\AutoCluster-OMP\datasets\paper_gaussian\paper_2d_200000_cluster_labels.csv,8,2,15,1,1.5,631052.081317194
fuzzy-cmeans,manual,1,4.576999903,1.0120166262105337,1.0120166262105337,9801916.01760902,pass,guided_64,paper_2d_200000_k8_it15_r1_m1p5,D:\AutoCluster-OMP\datasets\paper_gaussian\paper_2d_200000.csv,D:\AutoCluster-OMP\datasets\paper_gaussian\paper_2d_200000_cluster_labels.csv,8,2,15,1,1.5,631052.081317194
fuzzy-cmeans,manual,2,3.105999947,1.4913071729038248,0.7456535864519124,9801916.01760902,pass,guided_64,paper_2d_200000_k8_it15_r1_m1p5,D:\AutoCluster-OMP\datasets\paper_gaussian\paper_2d_200000.csv,D:\AutoCluster-OMP\datasets\paper_gaussian\paper_2d_200000_cluster_labels.csv,8,2,15,1,1.5,631052.081317194
fuzzy-cmeans,manual,4,2.376999855,1.9486749190399084,0.4871687297599771,9801916.01760902,pass,guided_64,paper_2d_200000_k8_it15_r1_m1p5,D:\AutoCluster-OMP\datasets\paper_gaussian\paper_2d_200000.csv,D:\AutoCluster-OMP\datasets\paper_gaussian\paper_2d_200000_cluster_labels.csv,8,2,15,1,1.5,631052.081317194
fuzzy-cmeans,manual,8,2.193000078,2.112175027473939,0.26402187843424235,9801916.01760902,pass,guided_64,paper_2d_200000_k8_it15_r1_m1p5,D:\AutoCluster-OMP\datasets\paper_gaussian\paper_2d_200000.csv,D:\AutoCluster-OMP\datasets\paper_gaussian\paper_2d_200000_cluster_labels.csv,8,2,15,1,1.5,631052.081317194
fuzzy-cmeans,auto,1,4.585000038,1.0102508095115525,1.0102508095115525,9801916.01760902,pass,guided_64,paper_2d_200000_k8_it15_r1_m1p5,D:\AutoCluster-OMP\datasets\paper_gaussian\paper_2d_200000.csv,D:\AutoCluster-OMP\datasets\paper_gaussian\paper_2d_200000_cluster_labels.csv,8,2,15,1,1.5,631052.081317194
fuzzy-cmeans,auto,2,3.085999966,1.5009721487469385,0.7504860743734693,9801916.01760902,pass,guided_64,paper_2d_200000_k8_it15_r1_m1p5,D:\AutoCluster-OMP\datasets\paper_gaussian\paper_2d_200000.csv,D:\AutoCluster-OMP\datasets\paper_gaussian\paper_2d_200000_cluster_labels.csv,8,2,15,1,1.5,631052.081317194
fuzzy-cmeans,auto,4,2.339999914,1.9794872522375657,0.49487181305939143,9801916.01760902,pass,guided_64,paper_2d_200000_k8_it15_r1_m1p5,D:\AutoCluster-OMP\datasets\paper_gaussian\paper_2d_200000.csv,D:\AutoCluster-OMP\datasets\paper_gaussian\paper_2d_200000_cluster_labels.csv,8,2,15,1,1.5,631052.081317194
fuzzy-cmeans,auto,8,2.109999895,2.1952607727499434,0.2744075965937429,9801916.01760902,pass,guided_64,paper_2d_200000_k8_it15_r1_m1p5,D:\AutoCluster-OMP\datasets\paper_gaussian\paper_2d_200000.csv,D:\AutoCluster-OMP\datasets\paper_gaussian\paper_2d_200000_cluster_labels.csv,8,2,15,1,1.5,631052.081317194
fuzzy-cmeans,sequential,1,3.508,1.0,1.0,9801817.655362343,reference,guided_64,paper_2d_200000_k8_it15_r1_m2p0,D:\AutoCluster-OMP\datasets\paper_gaussian\paper_2d_200000.csv,D:\AutoCluster-OMP\datasets\paper_gaussian\paper_2d_200000_cluster_labels.csv,8,2,15,1,2.0,551807.2695158
fuzzy-cmeans,manual,1,3.626999855,0.9671905542439013,0.9671905542439013,9801817.655362343,pass,guided_64,paper_2d_200000_k8_it15_r1_m2p0,D:\AutoCluster-OMP\datasets\paper_gaussian\paper_2d_200000.csv,D:\AutoCluster-OMP\datasets\paper_gaussian\paper_2d_200000_cluster_labels.csv,8,2,15,1,2.0,551807.2695158
fuzzy-cmeans,manual,2,1.959000111,1.7907094442221807,0.8953547221110904,9801817.655362343,pass,guided_64,paper_2d_200000_k8_it15_r1_m2p0,D:\AutoCluster-OMP\datasets\paper_gaussian\paper_2d_200000.csv,D:\AutoCluster-OMP\datasets\paper_gaussian\paper_2d_200000_cluster_labels.csv,8,2,15,1,2.0,551807.2695158
fuzzy-cmeans,manual,4,1.207000017,2.9063794122548057,0.7265948530637014,9801817.655362343,pass,guided_64,paper_2d_200000_k8_it15_r1_m2p0,D:\AutoCluster-OMP\datasets\paper_gaussian\paper_2d_200000.csv,D:\AutoCluster-OMP\datasets\paper_gaussian\paper_2d_200000_cluster_labels.csv,8,2,15,1,2.0,551807.2695158
fuzzy-cmeans,manual,8,1.015000105,3.456157277934469,0.4320196597418086,9801817.655362343,pass,guided_64,paper_2d_200000_k8_it15_r1_m2p0,D:\AutoCluster-OMP\datasets\paper_gaussian\paper_2d_200000.csv,D:\AutoCluster-OMP\datasets\paper_gaussian\paper_2d_200000_cluster_labels.csv,8,2,15,1,2.0,551807.2695158
fuzzy-cmeans,auto,1,3.489000082,1.0054456628126844,1.0054456628126844,9801817.655362343,pass,guided_64,paper_2d_200000_k8_it15_r1_m2p0,D:\AutoCluster-OMP\datasets\paper_gaussian\paper_2d_200000.csv,D:\AutoCluster-OMP\datasets\paper_gaussian\paper_2d_200000_cluster_labels.csv,8,2,15,1,2.0,551807.2695158
fuzzy-cmeans,auto,2,1.92599988,1.8213915984252294,0.9106957992126147,9801817.655362343,pass,guided_64,paper_2d_200000_k8_it15_r1_m2p0,D:\AutoCluster-OMP\datasets\paper_gaussian\paper_2d_200000.csv,D:\AutoCluster-OMP\datasets\paper_gaussian\paper_2d_200000_cluster_labels.csv,8,2,15,1,2.0,551807.2695158
fuzzy-cmeans,auto,4,1.187999964,2.9528620423426206,0.7382155105856552,9801817.655362343,pass,guided_64,paper_2d_200000_k8_it15_r1_m2p0,D:\AutoCluster-OMP\datasets\paper_gaussian\paper_2d_200000.csv,D:\AutoCluster-OMP\datasets\paper_gaussian\paper_2d_200000_cluster_labels.csv,8,2,15,1,2.0,551807.2695158
fuzzy-cmeans,auto,8,0.940000057,3.7319146673200683,0.46648933341500853,9801817.655362343,pass,guided_64,paper_2d_200000_k8_it15_r1_m2p0,D:\AutoCluster-OMP\datasets\paper_gaussian\paper_2d_200000.csv,D:\AutoCluster-OMP\datasets\paper_gaussian\paper_2d_200000_cluster_labels.csv,8,2,15,1,2.0,551807.2695158
fuzzy-cmeans,sequential,1,15.231,1.0,1.0,9802077.839728694,reference,guided_64,paper_2d_200000_k8_it15_r1_m2p5,D:\AutoCluster-OMP\datasets\paper_gaussian\paper_2d_200000.csv,D:\AutoCluster-OMP\datasets\paper_gaussian\paper_2d_200000_cluster_labels.csv,8,2,15,1,2.5,1036660.005115127
fuzzy-cmeans,manual,1,15.223999977,1.0004598018267588,1.0004598018267588,9802077.839728694,pass,guided_64,paper_2d_200000_k8_it15_r1_m2p5,D:\AutoCluster-OMP\datasets\paper_gaussian\paper_2d_200000.csv,D:\AutoCluster-OMP\datasets\paper_gaussian\paper_2d_200000_cluster_labels.csv,8,2,15,1,2.5,1036660.005115127
fuzzy-cmeans,manual,2,8.505000114,1.7908289001582018,0.8954144500791009,9802077.839728694,pass,guided_64,paper_2d_200000_k8_it15_r1_m2p5,D:\AutoCluster-OMP\datasets\paper_gaussian\paper_2d_200000.csv,D:\AutoCluster-OMP\datasets\paper_gaussian\paper_2d_200000_cluster_labels.csv,8,2,15,1,2.5,1036660.005115127
fuzzy-cmeans,manual,4,5.095000029,2.989401356880738,0.7473503392201845,9802077.839728694,pass,guided_64,paper_2d_200000_k8_it15_r1_m2p5,D:\AutoCluster-OMP\datasets\paper_gaussian\paper_2d_200000.csv,D:\AutoCluster-OMP\datasets\paper_gaussian\paper_2d_200000_cluster_labels.csv,8,2,15,1,2.5,1036660.005115127
fuzzy-cmeans,manual,8,3.666000128,4.154664339389789,0.5193330424237236,9802077.839728694,pass,guided_64,paper_2d_200000_k8_it15_r1_m2p5,D:\AutoCluster-OMP\datasets\paper_gaussian\paper_2d_200000.csv,D:\AutoCluster-OMP\datasets\paper_gaussian\paper_2d_200000_cluster_labels.csv,8,2,15,1,2.5,1036660.005115127
fuzzy-cmeans,auto,1,15.261000156,0.998034194633816,0.998034194633816,9802077.839728694,pass,guided_64,paper_2d_200000_k8_it15_r1_m2p5,D:\AutoCluster-OMP\datasets\paper_gaussian\paper_2d_200000.csv,D:\AutoCluster-OMP\datasets\paper_gaussian\paper_2d_200000_cluster_labels.csv,8,2,15,1,2.5,1036660.005115127
fuzzy-cmeans,auto,2,8.486999989,1.794627079031566,0.897313539515783,9802077.839728694,pass,guided_64,paper_2d_200000_k8_it15_r1_m2p5,D:\AutoCluster-OMP\datasets\paper_gaussian\paper_2d_200000.csv,D:\AutoCluster-OMP\datasets\paper_gaussian\paper_2d_200000_cluster_labels.csv,8,2,15,1,2.5,1036660.005115127
fuzzy-cmeans,auto,4,5.088000059,2.9935141162308705,0.7483785290577176,9802077.839728694,pass,guided_64,paper_2d_200000_k8_it15_r1_m2p5,D:\AutoCluster-OMP\datasets\paper_gaussian\paper_2d_200000.csv,D:\AutoCluster-OMP\datasets\paper_gaussian\paper_2d_200000_cluster_labels.csv,8,2,15,1,2.5,1036660.005115127
fuzzy-cmeans,auto,8,3.542999983,4.298899258560905,0.5373624073201131,9802077.839728694,pass,guided_64,paper_2d_200000_k8_it15_r1_m2p5,D:\AutoCluster-OMP\datasets\paper_gaussian\paper_2d_200000.csv,D:\AutoCluster-OMP\datasets\paper_gaussian\paper_2d_200000_cluster_labels.csv,8,2,15,1,2.5,1036660.005115127
fuzzy-cmeans,sequential,1,9.198,1.0,1.0,9801916.017609106,reference,guided_64,paper_2d_200000_k8_it30_r1_m1p5,D:\AutoCluster-OMP\datasets\paper_gaussian\paper_2d_200000.csv,D:\AutoCluster-OMP\datasets\paper_gaussian\paper_2d_200000_cluster_labels.csv,8,2,30,1,1.5,631052.081317191
fuzzy-cmeans,manual,1,9.167999983,1.003272253169244,1.003272253169244,9801916.017609106,pass,guided_64,paper_2d_200000_k8_it30_r1_m1p5,D:\AutoCluster-OMP\datasets\paper_gaussian\paper_2d_200000.csv,D:\AutoCluster-OMP\datasets\paper_gaussian\paper_2d_200000_cluster_labels.csv,8,2,30,1,1.5,631052.081317191
fuzzy-cmeans,manual,2,6.198999882,1.4837877359391762,0.7418938679695881,9801916.017609106,pass,guided_64,paper_2d_200000_k8_it30_r1_m1p5,D:\AutoCluster-OMP\datasets\paper_gaussian\paper_2d_200000.csv,D:\AutoCluster-OMP\datasets\paper_gaussian\paper_2d_200000_cluster_labels.csv,8,2,30,1,1.5,631052.081317191
fuzzy-cmeans,manual,4,4.67599988,1.9670659187442068,0.4917664796860517,9801916.017609106,pass,guided_64,paper_2d_200000_k8_it30_r1_m1p5,D:\AutoCluster-OMP\datasets\paper_gaussian\paper_2d_200000.csv,D:\AutoCluster-OMP\datasets\paper_gaussian\paper_2d_200000_cluster_labels.csv,8,2,30,1,1.5,631052.081317191
fuzzy-cmeans,manual,8,4.287999868,2.1450560361817623,0.2681320045227203,9801916.017609106,pass,guided_64,paper_2d_200000_k8_it30_r1_m1p5,D:\AutoCluster-OMP\datasets\paper_gaussian\paper_2d_200000.csv,D:\AutoCluster-OMP\datasets\paper_gaussian\paper_2d_200000_cluster_labels.csv,8,2,30,1,1.5,631052.081317191
fuzzy-cmeans,auto,1,9.076999903,1.0133304063339263,1.0133304063339263,9801916.017609106,pass,guided_64,paper_2d_200000_k8_it30_r1_m1p5,D:\AutoCluster-OMP\datasets\paper_gaussian\paper_2d_200000.csv,D:\AutoCluster-OMP\datasets\paper_gaussian\paper_2d_200000_cluster_labels.csv,8,2,30,1,1.5,631052.081317191
fuzzy-cmeans,auto,2,6.094000101,1.5093534374065152,0.7546767187032576,9801916.017609106,pass,guided_64,paper_2d_200000_k8_it30_r1_m1p5,D:\AutoCluster-OMP\datasets\paper_gaussian\paper_2d_200000.csv,D:\AutoCluster-OMP\datasets\paper_gaussian\paper_2d_200000_cluster_labels.csv,8,2,30,1,1.5,631052.081317191
fuzzy-cmeans,auto,4,4.618000031,1.9917713162094173,0.4979428290523543,9801916.017609106,pass,guided_64,paper_2d_200000_k8_it30_r1_m1p5,D:\AutoCluster-OMP\datasets\paper_gaussian\paper_2d_200000.csv,D:\AutoCluster-OMP\datasets\paper_gaussian\paper_2d_200000_cluster_labels.csv,8,2,30,1,1.5,631052.081317191
fuzzy-cmeans,auto,8,4.2099998,2.184798203553359,0.27309977544416986,9801916.017609106,pass,guided_64,paper_2d_200000_k8_it30_r1_m1p5,D:\AutoCluster-OMP\datasets\paper_gaussian\paper_2d_200000.csv,D:\AutoCluster-OMP\datasets\paper_gaussian\paper_2d_200000_cluster_labels.csv,8,2,30,1,1.5,631052.081317191
fuzzy-cmeans,sequential,1,6.948,1.0,1.0,9801833.621967902,reference,guided_64,paper_2d_200000_k8_it30_r1_m2p0,D:\AutoCluster-OMP\datasets\paper_gaussian\paper_2d_200000.csv,D:\AutoCluster-OMP\datasets\paper_gaussian\paper_2d_200000_cluster_labels.csv,8,2,30,1,2.0,551320.498882561
fuzzy-cmeans,manual,1,6.897000074,1.0073945085476013,1.0073945085476013,9801833.621967902,pass,guided_64,paper_2d_200000_k8_it30_r1_m2p0,D:\AutoCluster-OMP\datasets\paper_gaussian\paper_2d_200000.csv,D:\AutoCluster-OMP\datasets\paper_gaussian\paper_2d_200000_cluster_labels.csv,8,2,30,1,2.0,551320.498882561
fuzzy-cmeans,manual,2,4.055999994,1.7130177540133398,0.8565088770066699,9801833.621967902,pass,guided_64,paper_2d_200000_k8_it30_r1_m2p0,D:\AutoCluster-OMP\datasets\paper_gaussian\paper_2d_200000.csv,D:\AutoCluster-OMP\datasets\paper_gaussian\paper_2d_200000_cluster_labels.csv,8,2,30,1,2.0,551320.498882561
fuzzy-cmeans,manual,4,2.38499999,2.9132075593845186,0.7283018898461296,9801833.621967902,pass,guided_64,paper_2d_200000_k8_it30_r1_m2p0,D:\AutoCluster-OMP\datasets\paper_gaussian\paper_2d_200000.csv,D:\AutoCluster-OMP\datasets\paper_gaussian\paper_2d_200000_cluster_labels.csv,8,2,30,1,2.0,551320.498882561
fuzzy-cmeans,manual,8,2.051000118,3.387615602272725,0.4234519502840906,9801833.621967902,pass,guided_64,paper_2d_200000_k8_it30_r1_m2p0,D:\AutoCluster-OMP\datasets\paper_gaussian\paper_2d_200000.csv,D:\AutoCluster-OMP\datasets\paper_gaussian\paper_2d_200000_cluster_labels.csv,8,2,30,1,2.0,551320.498882561
fuzzy-cmeans,auto,1,6.944999933,1.0004319750941602,1.0004319750941602,9801833.621967902,pass,guided_64,paper_2d_200000_k8_it30_r1_m2p0,D:\AutoCluster-OMP\datasets\paper_gaussian\paper_2d_200000.csv,D:\AutoCluster-OMP\datasets\paper_gaussian\paper_2d_200000_cluster_labels.csv,8,2,30,1,2.0,551320.498882561
fuzzy-cmeans,auto,2,3.827000141,1.8155212291642298,0.9077606145821149,9801833.621967902,pass,guided_64,paper_2d_200000_k8_it30_r1_m2p0,D:\AutoCluster-OMP\datasets\paper_gaussian\paper_2d_200000.csv,D:\AutoCluster-OMP\datasets\paper_gaussian\paper_2d_200000_cluster_labels.csv,8,2,30,1,2.0,551320.498882561
fuzzy-cmeans,auto,4,2.363000154,2.9403298972446876,0.7350824743111719,9801833.621967902,pass,guided_64,paper_2d_200000_k8_it30_r1_m2p0,D:\AutoCluster-OMP\datasets\paper_gaussian\paper_2d_200000.csv,D:\AutoCluster-OMP\datasets\paper_gaussian\paper_2d_200000_cluster_labels.csv,8,2,30,1,2.0,551320.498882561
fuzzy-cmeans,auto,8,1.890000105,3.6761902719576836,0.45952378399471044,9801833.621967902,pass,guided_64,paper_2d_200000_k8_it30_r1_m2p0,D:\AutoCluster-OMP\datasets\paper_gaussian\paper_2d_200000.csv,D:\AutoCluster-OMP\datasets\paper_gaussian\paper_2d_200000_cluster_labels.csv,8,2,30,1,2.0,551320.498882561
fuzzy-cmeans,sequential,1,28.48,1.0,1.0,9804421.46086366,reference,guided_64,paper_2d_200000_k8_it30_r1_m2p5,D:\AutoCluster-OMP\datasets\paper_gaussian\paper_2d_200000.csv,D:\AutoCluster-OMP\datasets\paper_gaussian\paper_2d_200000_cluster_labels.csv,8,2,30,1,2.5,363002.298419437
fuzzy-cmeans,manual,1,28.480000019,0.9999999993328652,0.9999999993328652,9804421.46086366,pass,guided_64,paper_2d_200000_k8_it30_r1_m2p5,D:\AutoCluster-OMP\datasets\paper_gaussian\paper_2d_200000.csv,D:\AutoCluster-OMP\datasets\paper_gaussian\paper_2d_200000_cluster_labels.csv,8,2,30,1,2.5,363002.298419437
fuzzy-cmeans,manual,2,15.76699996,1.806304311045359,0.9031521555226795,9804421.46086366,pass,guided_64,paper_2d_200000_k8_it30_r1_m2p5,D:\AutoCluster-OMP\datasets\paper_gaussian\paper_2d_200000.csv,D:\AutoCluster-OMP\datasets\paper_gaussian\paper_2d_200000_cluster_labels.csv,8,2,30,1,2.5,363002.298419437
fuzzy-cmeans,manual,4,9.623999834,2.9592685464711743,0.7398171366177936,9804421.46086366,pass,guided_64,paper_2d_200000_k8_it30_r1_m2p5,D:\AutoCluster-OMP\datasets\paper_gaussian\paper_2d_200000.csv,D:\AutoCluster-OMP\datasets\paper_gaussian\paper_2d_200000_cluster_labels.csv,8,2,30,1,2.5,363002.298419437
fuzzy-cmeans,manual,8,7.092000008,4.01579243765844,0.501974054707305,9804421.46086366,pass,guided_64,paper_2d_200000_k8_it30_r1_m2p5,D:\AutoCluster-OMP\datasets\paper_gaussian\paper_2d_200000.csv,D:\AutoCluster-OMP\datasets\paper_gaussian\paper_2d_200000_cluster_labels.csv,8,2,30,1,2.5,363002.298419437
fuzzy-cmeans,auto,1,28.601999998,0.9957345640861293,0.9957345640861293,9804421.46086366,pass,guided_64,paper_2d_200000_k8_it30_r1_m2p5,D:\AutoCluster-OMP\datasets\paper_gaussian\paper_2d_200000.csv,D:\AutoCluster-OMP\datasets\paper_gaussian\paper_2d_200000_cluster_labels.csv,8,2,30,1,2.5,363002.298419437
fuzzy-cmeans,auto,2,15.769000053,1.8060752047864808,0.9030376023932404,9804421.46086366,pass,guided_64,paper_2d_200000_k8_it30_r1_m2p5,D:\AutoCluster-OMP\datasets\paper_gaussian\paper_2d_200000.csv,D:\AutoCluster-OMP\datasets\paper_gaussian\paper_2d_200000_cluster_labels.csv,8,2,30,1,2.5,363002.298419437
fuzzy-cmeans,auto,4,9.686000109,2.940326210975061,0.7350815527437653,9804421.46086366,pass,guided_64,paper_2d_200000_k8_it30_r1_m2p5,D:\AutoCluster-OMP\datasets\paper_gaussian\paper_2d_200000.csv,D:\AutoCluster-OMP\datasets\paper_gaussian\paper_2d_200000_cluster_labels.csv,8,2,30,1,2.5,363002.298419437
fuzzy-cmeans,auto,8,6.842000008,4.162525572449546,0.5203156965561933,9804421.46086366,pass,guided_64,paper_2d_200000_k8_it30_r1_m2p5,D:\AutoCluster-OMP\datasets\paper_gaussian\paper_2d_200000.csv,D:\AutoCluster-OMP\datasets\paper_gaussian\paper_2d_200000_cluster_labels.csv,8,2,30,1,2.5,363002.298419437
fuzzy-cmeans,sequential,1,4.059,1.0,1.0,24499369.77595751,reference,guided_64,paper_2d_500000_k8_it5_r1_m1p5,D:\AutoCluster-OMP\datasets\paper_gaussian\paper_2d_500000.csv,D:\AutoCluster-OMP\datasets\paper_gaussian\paper_2d_500000_cluster_labels.csv,8,2,5,1,1.5,37586855.9710098
fuzzy-cmeans,manual,1,3.937999964,1.0307262664058268,1.0307262664058268,24499369.77595751,pass,guided_64,paper_2d_500000_k8_it5_r1_m1p5,D:\AutoCluster-OMP\datasets\paper_gaussian\paper_2d_500000.csv,D:\AutoCluster-OMP\datasets\paper_gaussian\paper_2d_500000_cluster_labels.csv,8,2,5,1,1.5,37586855.9710098
fuzzy-cmeans,manual,2,2.688000202,1.5100445293790943,0.7550222646895471,24499369.77595751,pass,guided_64,paper_2d_500000_k8_it5_r1_m1p5,D:\AutoCluster-OMP\datasets\paper_gaussian\paper_2d_500000.csv,D:\AutoCluster-OMP\datasets\paper_gaussian\paper_2d_500000_cluster_labels.csv,8,2,5,1,1.5,37586855.9710098
fuzzy-cmeans,manual,4,2.067000151,1.9637153862984893,0.4909288465746223,24499369.77595751,pass,guided_64,paper_2d_500000_k8_it5_r1_m1p5,D:\AutoCluster-OMP\datasets\paper_gaussian\paper_2d_500000.csv,D:\AutoCluster-OMP\datasets\paper_gaussian\paper_2d_500000_cluster_labels.csv,8,2,5,1,1.5,37586855.9710098
fuzzy-cmeans,manual,8,1.945000172,2.0868892756067066,0.2608611594508383,24499369.77595751,pass,guided_64,paper_2d_500000_k8_it5_r1_m1p5,D:\AutoCluster-OMP\datasets\paper_gaussian\paper_2d_500000.csv,D:\AutoCluster-OMP\datasets\paper_gaussian\paper_2d_500000_cluster_labels.csv,8,2,5,1,1.5,37586855.9710098
fuzzy-cmeans,auto,1,3.950000048,1.0275949242216313,1.0275949242216313,24499369.77595751,pass,guided_64,paper_2d_500000_k8_it5_r1_m1p5,D:\AutoCluster-OMP\datasets\paper_gaussian\paper_2d_500000.csv,D:\AutoCluster-OMP\datasets\paper_gaussian\paper_2d_500000_cluster_labels.csv,8,2,5,1,1.5,37586855.9710098
fuzzy-cmeans,auto,2,2.688999891,1.5094831403992794,0.7547415701996397,24499369.77595751,pass,guided_64,paper_2d_500000_k8_it5_r1_m1p5,D:\AutoCluster-OMP\datasets\paper_gaussian\paper_2d_500000.csv,D:\AutoCluster-OMP\datasets\paper_gaussian\paper_2d_500000_cluster_labels.csv,8,2,5,1,1.5,37586855.9710098
fuzzy-cmeans,auto,4,2.084000111,1.9476966333040662,0.48692415832601654,24499369.77595751,pass,guided_64,paper_2d_500000_k8_it5_r1_m1p5,D:\AutoCluster-OMP\datasets\paper_gaussian\paper_2d_500000.csv,D:\AutoCluster-OMP\datasets\paper_gaussian\paper_2d_500000_cluster_labels.csv,8,2,5,1,1.5,37586855.9710098
fuzzy-cmeans,auto,8,1.919999838,2.1140626783740384,0.2642578347967548,24499369.77595751,pass,guided_64,paper_2d_500000_k8_it5_r1_m1p5,D:\AutoCluster-OMP\datasets\paper_gaussian\paper_2d_500000.csv,D:\AutoCluster-OMP\datasets\paper_gaussian\paper_2d_500000_cluster_labels.csv,8,2,5,1,1.5,37586855.9710098
fuzzy-cmeans,sequential,1,2.968,1.0,1.0,24499883.06850861,reference,guided_64,paper_2d_500000_k8_it5_r1_m2p0,D:\AutoCluster-OMP\datasets\paper_gaussian\paper_2d_500000.csv,D:\AutoCluster-OMP\datasets\paper_gaussian\paper_2d_500000_cluster_labels.csv,8,2,5,1,2.0,13442947.318847405
fuzzy-cmeans,manual,1,2.976999998,0.9969768229741194,0.9969768229741194,24499883.06850861,pass,guided_64,paper_2d_500000_k8_it5_r1_m2p0,D:\AutoCluster-OMP\datasets\paper_gaussian\paper_2d_500000.csv,D:\AutoCluster-OMP\datasets\paper_gaussian\paper_2d_500000_cluster_labels.csv,8,2,5,1,2.0,13442947.318847405
fuzzy-cmeans,manual,2,1.662000179,1.785800048340428,0.892900024170214,24499883.06850861,pass,guided_64,paper_2d_500000_k8_it5_r1_m2p0,D:\AutoCluster-OMP\datasets\paper_gaussian\paper_2d_500000.csv,D:\AutoCluster-OMP\datasets\paper_gaussian\paper_2d_500000_cluster_labels.csv,8,2,5,1,2.0,13442947.318847405
fuzzy-cmeans,manual,4,1.028000116,2.8871592072855368,0.7217898018213842,24499883.06850861,pass,guided_64,paper_2d_500000_k8_it5_r1_m2p0,D:\AutoCluster-OMP\datasets\paper_gaussian\paper_2d_500000.csv,D:\AutoCluster-OMP\datasets\paper_gaussian\paper_2d_500000_cluster_labels.csv,8,2,5,1,2.0,13442947.318847405
fuzzy-cmeans,manual,8,0.90199995,3.2904658143273733,0.41130822679092166,24499883.06850861,pass,guided_64,paper_2d_500000_k8_it5_r1_m2p0,D:\AutoCluster-OMP\datasets\paper_gaussian\paper_2d_500000.csv,D:\AutoCluster-OMP\datasets\paper_gaussian\paper_2d_500000_cluster_labels.csv,8,2,5,1,2.0,13442947.318847405
fuzzy-cmeans,auto,1,2.934000015,1.0115882702202372,1.0115882702202372,24499883.06850861,pass,guided_64,paper_2d_500000_k8_it5_r1_m2p0,D:\AutoCluster-OMP\datasets\paper_gaussian\paper_2d_500000.csv,D:\AutoCluster-OMP\datasets\paper_gaussian\paper_2d_500000_cluster_labels.csv,8,2,5,1,2.0,13442947.318847405
fuzzy-cmeans,auto,2,1.648000002,1.8009708716007633,0.9004854358003817,24499883.06850861,pass,guided_64,paper_2d_500000_k8_it5_r1_m2p0,D:\AutoCluster-OMP\datasets\paper_gaussian\paper_2d_500000.csv,D:\AutoCluster-OMP\datasets\paper_gaussian\paper_2d_500000_cluster_labels.csv,8,2,5,1,2.0,13442947.318847405
fuzzy-cmeans,auto,4,1.037999868,2.859345257643135,0.7148363144107838,24499883.06850861,pass,guided_64,paper_2d_500000_k8_it5_r1_m2p0,D:\AutoCluster-OMP\datasets\paper_gaussian\paper_2d_500000.csv,D:\AutoCluster-OMP\datasets\paper_gaussian\paper_2d_500000_cluster_labels.csv,8,2,5,1,2.0,13442947.318847405
fuzzy-cmeans,auto,8,0.812999964,3.6506766684186474,0.4563345835523309,24499883.06850861,pass,guided_64,paper_2d_500000_k8_it5_r1_m2p0,D:\AutoCluster-OMP\datasets\paper_gaussian\paper_2d_500000.csv,D:\AutoCluster-OMP\datasets\paper_gaussian\paper_2d_500000_cluster_labels.csv,8,2,5,1,2.0,13442947.318847405
fuzzy-cmeans,sequential,1,13.757,1.0,1.0,24499918.442399036,reference,guided_64,paper_2d_500000_k8_it5_r1_m2p5,D:\AutoCluster-OMP\datasets\paper_gaussian\paper_2d_500000.csv,D:\AutoCluster-OMP\datasets\paper_gaussian\paper_2d_500000_cluster_labels.csv,8,2,5,1,2.5,4754104.852655317
fuzzy-cmeans,manual,1,13.688999891,1.0049675001491312,1.0049675001491312,24499918.442399036,pass,guided_64,paper_2d_500000_k8_it5_r1_m2p5,D:\AutoCluster-OMP\datasets\paper_gaussian\paper_2d_500000.csv,D:\AutoCluster-OMP\datasets\paper_gaussian\paper_2d_500000_cluster_labels.csv,8,2,5,1,2.5,4754104.852655317
fuzzy-cmeans,manual,2,7.684999943,1.7901106183521542,0.8950553091760771,24499918.442399036,pass,guided_64,paper_2d_500000_k8_it5_r1_m2p5,D:\AutoCluster-OMP\datasets\paper_gaussian\paper_2d_500000.csv,D:\AutoCluster-OMP\datasets\paper_gaussian\paper_2d_500000_cluster_labels.csv,8,2,5,1,2.5,4754104.852655317
fuzzy-cmeans,manual,4,4.614000082,2.9815777536867416,0.7453944384216854,24499918.442399036,pass,guided_64,paper_2d_500000_k8_it5_r1_m2p5,D:\AutoCluster-OMP\datasets\paper_gaussian\paper_2d_500000.csv,D:\AutoCluster-OMP\datasets\paper_gaussian\paper_2d_500000_cluster_labels.csv,8,2,5,1,2.5,4754104.852655317
fuzzy-cmeans,manual,8,3.286999941,4.185275402169531,0.5231594252711914,24499918.442399036,pass,guided_64,paper_2d_500000_k8_it5_r1_m2p5,D:\AutoCluster-OMP\datasets\paper_gaussian\paper_2d_500000.csv,D:\AutoCluster-OMP\datasets\paper_gaussian\paper_2d_500000_cluster_labels.csv,8,2,5,1,2.5,4754104.852655317
fuzzy-cmeans,auto,1,13.654999971,1.0074697934248718,1.0074697934248718,24499918.442399036,pass,guided_64,paper_2d_500000_k8_it5_r1_m2p5,D:\AutoCluster-OMP\datasets\paper_gaussian\paper_2d_500000.csv,D:\AutoCluster-OMP\datasets\paper_gaussian\paper_2d_500000_cluster_labels.csv,8,2,5,1,2.5,4754104.852655317
fuzzy-cmeans,auto,2,7.713999987,1.7833808689634367,0.8916904344817184,24499918.442399036,pass,guided_64,paper_2d_500000_k8_it5_r1_m2p5,D:\AutoCluster-OMP\datasets\paper_gaussian\paper_2d_500000.csv,D:\AutoCluster-OMP\datasets\paper_gaussian\paper_2d_500000_cluster_labels.csv,8,2,5,1,2.5,4754104.852655317
fuzzy-cmeans,auto,4,4.643000126,2.9629549055928672,0.7407387263982168,24499918.442399036,pass,guided_64,paper_2d_500000_k8_it5_r1_m2p5,D:\AutoCluster-OMP\datasets\paper_gaussian\paper_2d_500000.csv,D:\AutoCluster-OMP\datasets\paper_gaussian\paper_2d_500000_cluster_labels.csv,8,2,5,1,2.5,4754104.852655317
fuzzy-cmeans,auto,8,3.199999809,4.299062756600308,0.5373828445750385,24499918.442399036,pass,guided_64,paper_2d_500000_k8_it5_r1_m2p5,D:\AutoCluster-OMP\datasets\paper_gaussian\paper_2d_500000.csv,D:\AutoCluster-OMP\datasets\paper_gaussian\paper_2d_500000_cluster_labels.csv,8,2,5,1,2.5,4754104.852655317
fuzzy-cmeans,sequential,1,11.466,1.0,1.0,24497252.91362622,reference,guided_64,paper_2d_500000_k8_it15_r1_m1p5,D:\AutoCluster-OMP\datasets\paper_gaussian\paper_2d_500000.csv,D:\AutoCluster-OMP\datasets\paper_gaussian\paper_2d_500000_cluster_labels.csv,8,2,15,1,1.5,6233879.404833922
fuzzy-cmeans,manual,1,11.44900012,1.001484835341237,1.001484835341237,24497252.91362622,pass,guided_64,paper_2d_500000_k8_it15_r1_m1p5,D:\AutoCluster-OMP\datasets\paper_gaussian\paper_2d_500000.csv,D:\AutoCluster-OMP\datasets\paper_gaussian\paper_2d_500000_cluster_labels.csv,8,2,15,1,1.5,6233879.404833922
fuzzy-cmeans,manual,2,7.726999998,1.4838876670076064,0.7419438335038032,24497252.91362622,pass,guided_64,paper_2d_500000_k8_it15_r1_m1p5,D:\AutoCluster-OMP\datasets\paper_gaussian\paper_2d_500000.csv,D:\AutoCluster-OMP\datasets\paper_gaussian\paper_2d_500000_cluster_labels.csv,8,2,15,1,1.5,6233879.404833922
fuzzy-cmeans,manual,4,5.835000038,1.9650385476141445,0.49125963690353613,24497252.91362622,pass,guided_64,paper_2d_500000_k8_it15_r1_m1p5,D:\AutoCluster-OMP\datasets\paper_gaussian\paper_2d_500000.csv,D:\AutoCluster-OMP\datasets\paper_gaussian\paper_2d_500000_cluster_labels.csv,8,2,15,1,1.5,6233879.404833922
fuzzy-cmeans,manual,8,5.536999941,2.0707964822425486,0.2588495602803186,24497252.91362622,pass,guided_64,paper_2d_500000_k8_it15_r1_m1p5,D:\AutoCluster-OMP\datasets\paper_gaussian\paper_2d_500000.csv,D:\AutoCluster-OMP\datasets\paper_gaussian\paper_2d_500000_cluster_labels.csv,8,2,15,1,1.5,6233879.404833922
fuzzy-cmeans,auto,1,11.400000095,1.0057894653026316,1.0057894653026316,24497252.91362622,pass,guided_64,paper_2d_500000_k8_it15_r1_m1p5,D:\AutoCluster-OMP\datasets\paper_gaussian\paper_2d_500000.csv,D:\AutoCluster-OMP\datasets\paper_gaussian\paper_2d_500000_cluster_labels.csv,8,2,15,1,1.5,6233879.404833922
fuzzy-cmeans,auto,2,7.697999954,1.4894777953385265,0.7447388976692633,24497252.91362622,pass,guided_64,paper_2d_500000_k8_it15_r1_m1p5,D:\AutoCluster-OMP\datasets\paper_gaussian\paper_2d_500000.csv,D:\AutoCluster-OMP\datasets\paper_gaussian\paper_2d_500000_cluster_labels.csv,8,2,15,1,1.5,6233879.404833922
fuzzy-cmeans,auto,4,5.851000071,1.9596649907475279,0.48991624768688197,24497252.91362622,pass,guided_64,paper_2d_500000_k8_it15_r1_m1p5,D:\AutoCluster-OMP\datasets\paper_gaussian\paper_2d_500000.csv,D:\AutoCluster-OMP\datasets\paper_gaussian\paper_2d_500000_cluster_labels.csv,8,2,15,1,1.5,6233879.404833922
fuzzy-cmeans,auto,8,5.248000145,2.184832256707188,0.2731040320883985,24497252.91362622,pass,guided_64,paper_2d_500000_k8_it15_r1_m1p5,D:\AutoCluster-OMP\datasets\paper_gaussian\paper_2d_500000.csv,D:\AutoCluster-OMP\datasets\paper_gaussian\paper_2d_500000_cluster_labels.csv,8,2,15,1,1.5,6233879.404833922
fuzzy-cmeans,sequential,1,8.709,1.0,1.0,24491736.266443994,reference,guided_64,paper_2d_500000_k8_it15_r1_m2p0,D:\AutoCluster-OMP\datasets\paper_gaussian\paper_2d_500000.csv,D:\AutoCluster-OMP\datasets\paper_gaussian\paper_2d_500000_cluster_labels.csv,8,2,15,1,2.0,3970598.29737395
fuzzy-cmeans,manual,1,8.661999941,1.0054260054629571,1.0054260054629571,24491736.266443994,pass,guided_64,paper_2d_500000_k8_it15_r1_m2p0,D:\AutoCluster-OMP\datasets\paper_gaussian\paper_2d_500000.csv,D:\AutoCluster-OMP\datasets\paper_gaussian\paper_2d_500000_cluster_labels.csv,8,2,15,1,2.0,3970598.29737395
fuzzy-cmeans,manual,2,4.804999828,1.8124870575957908,0.9062435287978954,24491736.266443994,pass,guided_64,paper_2d_500000_k8_it15_r1_m2p0,D:\AutoCluster-OMP\datasets\paper_gaussian\paper_2d_500000.csv,D:\AutoCluster-OMP\datasets\paper_gaussian\paper_2d_500000_cluster_labels.csv,8,2,15,1,2.0,3970598.29737395
fuzzy-cmeans,manual,4,2.983999968,2.918565714944404,0.729641428736101,24491736.266443994,pass,guided_64,paper_2d_500000_k8_it15_r1_m2p0,D:\AutoCluster-OMP\datasets\paper_gaussian\paper_2d_500000.csv,D:\AutoCluster-OMP\datasets\paper_gaussian\paper_2d_500000_cluster_labels.csv,8,2,15,1,2.0,3970598.29737395
fuzzy-cmeans,manual,8,2.585999966,3.3677494642318178,0.4209686830289772,24491736.266443994,pass,guided_64,paper_2d_500000_k8_it15_r1_m2p0,D:\AutoCluster-OMP\datasets\paper_gaussian\paper_2d_500000.csv,D:\AutoCluster-OMP\datasets\paper_gaussian\paper_2d_500000_cluster_labels.csv,8,2,15,1,2.0,3970598.29737395
fuzzy-cmeans,auto,1,8.690999985,1.002071109772301,1.002071109772301,24491736.266443994,pass,guided_64,paper_2d_500000_k8_it15_r1_m2p0,D:\AutoCluster-OMP\datasets\paper_gaussian\paper_2d_500000.csv,D:\AutoCluster-OMP\datasets\paper_gaussian\paper_2d_500000_cluster_labels.csv,8,2,15,1,2.0,3970598.29737395
fuzzy-cmeans,auto,2,4.90199995,1.776621805147101,0.8883109025735505,24491736.266443994,pass,guided_64,paper_2d_500000_k8_it15_r1_m2p0,D:\AutoCluster-OMP\datasets\paper_gaussian\paper_2d_500000.csv,D:\AutoCluster-OMP\datasets\paper_gaussian\paper_2d_500000_cluster_labels.csv,8,2,15,1,2.0,3970598.29737395
fuzzy-cmeans,auto,4,2.967999935,2.9342992556366077,0.7335748139091519,24491736.266443994,pass,guided_64,paper_2d_500000_k8_it15_r1_m2p0,D:\AutoCluster-OMP\datasets\paper_gaussian\paper_2d_500000.csv,D:\AutoCluster-OMP\datasets\paper_gaussian\paper_2d_500000_cluster_labels.csv,8,2,15,1,2.0,3970598.29737395
fuzzy-cmeans,auto,8,2.411000013,3.6121940908508816,0.4515242613563602,24491736.266443994,pass,guided_64,paper_2d_500000_k8_it15_r1_m2p0,D:\AutoCluster-OMP\datasets\paper_gaussian\paper_2d_500000.csv,D:\AutoCluster-OMP\datasets\paper_gaussian\paper_2d_500000_cluster_labels.csv,8,2,15,1,2.0,3970598.29737395
fuzzy-cmeans,sequential,1,38.904,1.0,1.0,24495039.85562497,reference,guided_64,paper_2d_500000_k8_it15_r1_m2p5,D:\AutoCluster-OMP\datasets\paper_gaussian\paper_2d_500000.csv,D:\AutoCluster-OMP\datasets\paper_gaussian\paper_2d_500000_cluster_labels.csv,8,2,15,1,2.5,3663576.386778053
fuzzy-cmeans,manual,1,38.777999878,1.003249268203528,1.003249268203528,24495039.85562497,pass,guided_64,paper_2d_500000_k8_it15_r1_m2p5,D:\AutoCluster-OMP\datasets\paper_gaussian\paper_2d_500000.csv,D:\AutoCluster-OMP\datasets\paper_gaussian\paper_2d_500000_cluster_labels.csv,8,2,15,1,2.5,3663576.386778053
fuzzy-cmeans,manual,2,21.515000105,1.8082268096740037,0.9041134048370019,24495039.85562497,pass,guided_64,paper_2d_500000_k8_it15_r1_m2p5,D:\AutoCluster-OMP\datasets\paper_gaussian\paper_2d_500000.csv,D:\AutoCluster-OMP\datasets\paper_gaussian\paper_2d_500000_cluster_labels.csv,8,2,15,1,2.5,3663576.386778053
fuzzy-cmeans,manual,4,12.862999916,3.0244888637220764,0.7561222159305191,24495039.85562497,pass,guided_64,paper_2d_500000_k8_it15_r1_m2p5,D:\AutoCluster-OMP\datasets\paper_gaussian\paper_2d_500000.csv,D:\AutoCluster-OMP\datasets\paper_gaussian\paper_2d_500000_cluster_labels.csv,8,2,15,1,2.5,3663576.386778053
fuzzy-cmeans,manual,8,9.226000071,4.216778636528151,0.5270973295660188,24495039.85562497,pass,guided_64,paper_2d_500000_k8_it15_r1_m2p5,D:\AutoCluster-OMP\datasets\paper_gaussian\paper_2d_500000.csv,D:\AutoCluster-OMP\datasets\paper_gaussian\paper_2d_500000_cluster_labels.csv,8,2,15,1,2.5,3663576.386778053
fuzzy-cmeans,auto,1,38.836999893,1.0017251617577208,1.0017251617577208,24495039.85562497,pass,guided_64,paper_2d_500000_k8_it15_r1_m2p5,D:\AutoCluster-OMP\datasets\paper_gaussian\paper_2d_500000.csv,D:\AutoCluster-OMP\datasets\paper_gaussian\paper_2d_500000_cluster_labels.csv,8,2,15,1,2.5,3663576.386778053
fuzzy-cmeans,auto,2,21.703000069,1.792563234405987,0.8962816172029935,24495039.85562497,pass,guided_64,paper_2d_500000_k8_it15_r1_m2p5,D:\AutoCluster-OMP\datasets\paper_gaussian\paper_2d_500000.csv,D:\AutoCluster-OMP\datasets\paper_gaussian\paper_2d_500000_cluster_labels.csv,8,2,15,1,2.5,3663576.386778053
fuzzy-cmeans,auto,4,12.878999949,3.020731435209046,0.7551828588022615,24495039.85562497,pass,guided_64,paper_2d_500000_k8_it15_r1_m2p5,D:\AutoCluster-OMP\datasets\paper_gaussian\paper_2d_500000.csv,D:\AutoCluster-OMP\datasets\paper_gaussian\paper_2d_500000_cluster_labels.csv,8,2,15,1,2.5,3663576.386778053
fuzzy-cmeans,auto,8,8.990999937,4.326993690646269,0.5408742113307836,24495039.85562497,pass,guided_64,paper_2d_500000_k8_it15_r1_m2p5,D:\AutoCluster-OMP\datasets\paper_gaussian\paper_2d_500000.csv,D:\AutoCluster-OMP\datasets\paper_gaussian\paper_2d_500000_cluster_labels.csv,8,2,15,1,2.5,3663576.386778053
fuzzy-cmeans,sequential,1,22.886,1.0,1.0,24499352.988296572,reference,guided_64,paper_2d_500000_k8_it30_r1_m1p5,D:\AutoCluster-OMP\datasets\paper_gaussian\paper_2d_500000.csv,D:\AutoCluster-OMP\datasets\paper_gaussian\paper_2d_500000_cluster_labels.csv,8,2,30,1,1.5,6036806.181578259
fuzzy-cmeans,manual,1,22.740999937,1.0063761515941116,1.0063761515941116,24499352.988296572,pass,guided_64,paper_2d_500000_k8_it30_r1_m1p5,D:\AutoCluster-OMP\datasets\paper_gaussian\paper_2d_500000.csv,D:\AutoCluster-OMP\datasets\paper_gaussian\paper_2d_500000_cluster_labels.csv,8,2,30,1,1.5,6036806.181578259
fuzzy-cmeans,manual,2,15.562999964,1.4705391025470287,0.7352695512735143,24499352.988296572,pass,guided_64,paper_2d_500000_k8_it30_r1_m1p5,D:\AutoCluster-OMP\datasets\paper_gaussian\paper_2d_500000.csv,D:\AutoCluster-OMP\datasets\paper_gaussian\paper_2d_500000_cluster_labels.csv,8,2,30,1,1.5,6036806.181578259
fuzzy-cmeans,manual,4,11.576000214,1.977021387086854,0.4942553467717135,24499352.988296572,pass,guided_64,paper_2d_500000_k8_it30_r1_m1p5,D:\AutoCluster-OMP\datasets\paper_gaussian\paper_2d_500000.csv,D:\AutoCluster-OMP\datasets\paper_gaussian\paper_2d_500000_cluster_labels.csv,8,2,30,1,1.5,6036806.181578259
fuzzy-cmeans,manual,8,10.743000031,2.1303174098445647,0.2662896762305706,24499352.988296572,pass,guided_64,paper_2d_500000_k8_it30_r1_m1p5,D:\AutoCluster-OMP\datasets\paper_gaussian\paper_2d_500000.csv,D:\AutoCluster-OMP\datasets\paper_gaussian\paper_2d_500000_cluster_labels.csv,8,2,30,1,1.5,6036806.181578259
fuzzy-cmeans,auto,1,22.72300005,1.0071733463733368,1.0071733463733368,24499352.988296572,pass,guided_64,paper_2d_500000_k8_it30_r1_m1p5,D:\AutoCluster-OMP\datasets\paper_gaussian\paper_2d_500000.csv,D:\AutoCluster-OMP\datasets\paper_gaussian\paper_2d_500000_cluster_labels.csv,8,2,30,1,1.5,6036806.181578259
fuzzy-cmeans,auto,2,15.320999861,1.4937667389617895,0.7468833694808947,24499352.988296572,pass,guided_64,paper_2d_500000_k8_it30_r1_m1p5,D:\AutoCluster-OMP\datasets\paper_gaussian\paper_2d_500000.csv,D:\AutoCluster-OMP\datasets\paper_gaussian\paper_2d_500000_cluster_labels.csv,8,2,30,1,1.5,6036806.181578259
fuzzy-cmeans,auto,4,11.555999994,1.9804430609105794,0.49511076522764486,24499352.988296572,pass,guided_64,paper_2d_500000_k8_it30_r1_m1p5,D:\AutoCluster-OMP\datasets\paper_gaussian\paper_2d_500000.csv,D:\AutoCluster-OMP\datasets\paper_gaussian\paper_2d_500000_cluster_labels.csv,8,2,30,1,1.5,6036806.181578259
fuzzy-cmeans,auto,8,10.39199996,2.2022709861519285,0.27528387326899106,24499352.988296572,pass,guided_64,paper_2d_500000_k8_it30_r1_m1p5,D:\AutoCluster-OMP\datasets\paper_gaussian\paper_2d_500000.csv,D:\AutoCluster-OMP\datasets\paper_gaussian\paper_2d_500000_cluster_labels.csv,8,2,30,1,1.5,6036806.181578259
fuzzy-cmeans,sequential,1,17.327,1.0,1.0,24490633.45404984,reference,guided_64,paper_2d_500000_k8_it30_r1_m2p0,D:\AutoCluster-OMP\datasets\paper_gaussian\paper_2d_500000.csv,D:\AutoCluster-OMP\datasets\paper_gaussian\paper_2d_500000_cluster_labels.csv,8,2,30,1,2.0,1376355.85522316
fuzzy-cmeans,manual,1,17.236000061,1.0052796436921527,1.0052796436921527,24490633.45404984,pass,guided_64,paper_2d_500000_k8_it30_r1_m2p0,D:\AutoCluster-OMP\datasets\paper_gaussian\paper_2d_500000.csv,D:\AutoCluster-OMP\datasets\paper_gaussian\paper_2d_500000_cluster_labels.csv,8,2,30,1,2.0,1376355.85522316
fuzzy-cmeans,manual,2,9.667000055,1.7923864592343792,0.8961932296171896,24490633.45404984,pass,guided_64,paper_2d_500000_k8_it30_r1_m2p0,D:\AutoCluster-OMP\datasets\paper_gaussian\paper_2d_500000.csv,D:\AutoCluster-OMP\datasets\paper_gaussian\paper_2d_500000_cluster_labels.csv,8,2,30,1,2.0,1376355.85522316
fuzzy-cmeans,manual,4,5.982000113,2.896522847324126,0.7241307118310315,24490633.45404984,pass,guided_64,paper_2d_500000_k8_it30_r1_m2p0,D:\AutoCluster-OMP\datasets\paper_gaussian\paper_2d_500000.csv,D:\AutoCluster-OMP\datasets\paper_gaussian\paper_2d_500000_cluster_labels.csv,8,2,30,1,2.0,1376355.85522316
fuzzy-cmeans,manual,8,5.132999897,3.3756088735023795,0.42195110918779744,24490633.45404984,pass,guided_64,paper_2d_500000_k8_it30_r1_m2p0,D:\AutoCluster-OMP\datasets\paper_gaussian\paper_2d_500000.csv,D:\AutoCluster-OMP\datasets\paper_gaussian\paper_2d_500000_cluster_labels.csv,8,2,30,1,2.0,1376355.85522316
fuzzy-cmeans,auto,1,17.702000141,0.9788159452031948,0.9788159452031948,24490633.45404984,pass,guided_64,paper_2d_500000_k8_it30_r1_m2p0,D:\AutoCluster-OMP\datasets\paper_gaussian\paper_2d_500000.csv,D:\AutoCluster-OMP\datasets\paper_gaussian\paper_2d_500000_cluster_labels.csv,8,2,30,1,2.0,1376355.85522316
fuzzy-cmeans,auto,2,9.805000067,1.767159600367191,0.8835798001835955,24490633.45404984,pass,guided_64,paper_2d_500000_k8_it30_r1_m2p0,D:\AutoCluster-OMP\datasets\paper_gaussian\paper_2d_500000.csv,D:\AutoCluster-OMP\datasets\paper_gaussian\paper_2d_500000_cluster_labels.csv,8,2,30,1,2.0,1376355.85522316
fuzzy-cmeans,auto,4,5.937000036,2.9184773277639917,0.7296193319409979,24490633.45404984,pass,guided_64,paper_2d_500000_k8_it30_r1_m2p0,D:\AutoCluster-OMP\datasets\paper_gaussian\paper_2d_500000.csv,D:\AutoCluster-OMP\datasets\paper_gaussian\paper_2d_500000_cluster_labels.csv,8,2,30,1,2.0,1376355.85522316
fuzzy-cmeans,auto,8,4.70600009,3.681895382199196,0.4602369227748995,24490633.45404984,pass,guided_64,paper_2d_500000_k8_it30_r1_m2p0,D:\AutoCluster-OMP\datasets\paper_gaussian\paper_2d_500000.csv,D:\AutoCluster-OMP\datasets\paper_gaussian\paper_2d_500000_cluster_labels.csv,8,2,30,1,2.0,1376355.85522316
fuzzy-cmeans,sequential,1,71.99,1.0,1.0,24497737.91985893,reference,guided_64,paper_2d_500000_k8_it30_r1_m2p5,D:\AutoCluster-OMP\datasets\paper_gaussian\paper_2d_500000.csv,D:\AutoCluster-OMP\datasets\paper_gaussian\paper_2d_500000_cluster_labels.csv,8,2,30,1,2.5,906160.126813226
fuzzy-cmeans,manual,1,71.960000038,1.000416897748529,1.000416897748529,24497737.91985893,pass,guided_64,paper_2d_500000_k8_it30_r1_m2p5,D:\AutoCluster-OMP\datasets\paper_gaussian\paper_2d_500000.csv,D:\AutoCluster-OMP\datasets\paper_gaussian\paper_2d_500000_cluster_labels.csv,8,2,30,1,2.5,906160.126813226
fuzzy-cmeans,manual,2,40.039000034,1.7979969514440446,0.8989984757220223,24497737.91985893,pass,guided_64,paper_2d_500000_k8_it30_r1_m2p5,D:\AutoCluster-OMP\datasets\paper_gaussian\paper_2d_500000.csv,D:\AutoCluster-OMP\datasets\paper_gaussian\paper_2d_500000_cluster_labels.csv,8,2,30,1,2.5,906160.126813226
fuzzy-cmeans,manual,4,24.180000067,2.9772539206172035,0.7443134801543009,24497737.91985893,pass,guided_64,paper_2d_500000_k8_it30_r1_m2p5,D:\AutoCluster-OMP\datasets\paper_gaussian\paper_2d_500000.csv,D:\AutoCluster-OMP\datasets\paper_gaussian\paper_2d_500000_cluster_labels.csv,8,2,30,1,2.5,906160.126813226
fuzzy-cmeans,manual,8,17.63499999,4.082222854597234,0.5102778568246542,24497737.91985893,pass,guided_64,paper_2d_500000_k8_it30_r1_m2p5,D:\AutoCluster-OMP\datasets\paper_gaussian\paper_2d_500000.csv,D:\AutoCluster-OMP\datasets\paper_gaussian\paper_2d_500000_cluster_labels.csv,8,2,30,1,2.5,906160.126813226
fuzzy-cmeans,auto,1,72.088999987,0.9986266977344969,0.9986266977344969,24497737.91985893,pass,guided_64,paper_2d_500000_k8_it30_r1_m2p5,D:\AutoCluster-OMP\datasets\paper_gaussian\paper_2d_500000.csv,D:\AutoCluster-OMP\datasets\paper_gaussian\paper_2d_500000_cluster_labels.csv,8,2,30,1,2.5,906160.126813226
fuzzy-cmeans,auto,2,39.985000134,1.8004251534011009,0.9002125767005504,24497737.91985893,pass,guided_64,paper_2d_500000_k8_it30_r1_m2p5,D:\AutoCluster-OMP\datasets\paper_gaussian\paper_2d_500000.csv,D:\AutoCluster-OMP\datasets\paper_gaussian\paper_2d_500000_cluster_labels.csv,8,2,30,1,2.5,906160.126813226
fuzzy-cmeans,auto,4,24.355999947,2.955739865193554,0.7389349662983885,24497737.91985893,pass,guided_64,paper_2d_500000_k8_it30_r1_m2p5,D:\AutoCluster-OMP\datasets\paper_gaussian\paper_2d_500000.csv,D:\AutoCluster-OMP\datasets\paper_gaussian\paper_2d_500000_cluster_labels.csv,8,2,30,1,2.5,906160.126813226
fuzzy-cmeans,auto,8,17.226999998,4.178905207427747,0.5223631509284684,24497737.91985893,pass,guided_64,paper_2d_500000_k8_it30_r1_m2p5,D:\AutoCluster-OMP\datasets\paper_gaussian\paper_2d_500000.csv,D:\AutoCluster-OMP\datasets\paper_gaussian\paper_2d_500000_cluster_labels.csv,8,2,30,1,2.5,906160.126813226
fuzzy-cmeans,sequential,1,0.782,1.0,1.0,4899683.652187993,reference,guided_256,paper_2d_100000_k8_it5_r1_m1p5,D:\AutoCluster-OMP\datasets\paper_gaussian\paper_2d_100000.csv,D:\AutoCluster-OMP\datasets\paper_gaussian\paper_2d_100000_cluster_labels.csv,8,2,5,1,1.5,7310156.790495641
fuzzy-cmeans,manual,1,0.80700016,0.9690208735522432,0.9690208735522432,4899683.652187993,pass,guided_256,paper_2d_100000_k8_it5_r1_m1p5,D:\AutoCluster-OMP\datasets\paper_gaussian\paper_2d_100000.csv,D:\AutoCluster-OMP\datasets\paper_gaussian\paper_2d_100000_cluster_labels.csv,8,2,5,1,1.5,7310156.790495641
fuzzy-cmeans,manual,2,0.528000116,1.4810602806761506,0.7405301403380753,4899683.652187993,pass,guided_256,paper_2d_100000_k8_it5_r1_m1p5,D:\AutoCluster-OMP\datasets\paper_gaussian\paper_2d_100000.csv,D:\AutoCluster-OMP\datasets\paper_gaussian\paper_2d_100000_cluster_labels.csv,8,2,5,1,1.5,7310156.790495641
fuzzy-cmeans,manual,4,0.411000013,1.9026763388447874,0.47566908471119684,4899683.652187993,pass,guided_256,paper_2d_100000_k8_it5_r1_m1p5,D:\AutoCluster-OMP\datasets\paper_gaussian\paper_2d_100000.csv,D:\AutoCluster-OMP\datasets\paper_gaussian\paper_2d_100000_cluster_labels.csv,8,2,5,1,1.5,7310156.790495641
fuzzy-cmeans,manual,8,0.397000074,1.9697729325864057,0.24622161657330072,4899683.652187993,pass,guided_256,paper_2d_100000_k8_it5_r1_m1p5,D:\AutoCluster-OMP\datasets\paper_gaussian\paper_2d_100000.csv,D:\AutoCluster-OMP\datasets\paper_gaussian\paper_2d_100000_cluster_labels.csv,8,2,5,1,1.5,7310156.790495641
fuzzy-cmeans,auto,1,0.779000044,1.0038510344423035,1.0038510344423035,4899683.652187993,pass,guided_256,paper_2d_100000_k8_it5_r1_m1p5,D:\AutoCluster-OMP\datasets\paper_gaussian\paper_2d_100000.csv,D:\AutoCluster-OMP\datasets\paper_gaussian\paper_2d_100000_cluster_labels.csv,8,2,5,1,1.5,7310156.790495641
fuzzy-cmeans,auto,2,0.544999838,1.434862811830781,0.7174314059153905,4899683.652187993,pass,guided_256,paper_2d_100000_k8_it5_r1_m1p5,D:\AutoCluster-OMP\datasets\paper_gaussian\paper_2d_100000.csv,D:\AutoCluster-OMP\datasets\paper_gaussian\paper_2d_100000_cluster_labels.csv,8,2,5,1,1.5,7310156.790495641
fuzzy-cmeans,auto,4,0.411000013,1.9026763388447874,0.47566908471119684,4899683.652187993,pass,guided_256,paper_2d_100000_k8_it5_r1_m1p5,D:\AutoCluster-OMP\datasets\paper_gaussian\paper_2d_100000.csv,D:\AutoCluster-OMP\datasets\paper_gaussian\paper_2d_100000_cluster_labels.csv,8,2,5,1,1.5,7310156.790495641
fuzzy-cmeans,auto,8,0.382999897,2.0417760060128685,0.25522200075160856,4899683.652187993,pass,guided_256,paper_2d_100000_k8_it5_r1_m1p5,D:\AutoCluster-OMP\datasets\paper_gaussian\paper_2d_100000.csv,D:\AutoCluster-OMP\datasets\paper_gaussian\paper_2d_100000_cluster_labels.csv,8,2,5,1,1.5,7310156.790495641
fuzzy-cmeans,sequential,1,0.581,1.0,1.0,4899864.591803282,reference,guided_256,paper_2d_100000_k8_it5_r1_m2p0,D:\AutoCluster-OMP\datasets\paper_gaussian\paper_2d_100000.csv,D:\AutoCluster-OMP\datasets\paper_gaussian\paper_2d_100000_cluster_labels.csv,8,2,5,1,2.0,2686651.71409393
fuzzy-cmeans,manual,1,0.619999886,0.9370969464984708,0.9370969464984708,4899864.591803282,pass,guided_256,paper_2d_100000_k8_it5_r1_m2p0,D:\AutoCluster-OMP\datasets\paper_gaussian\paper_2d_100000.csv,D:\AutoCluster-OMP\datasets\paper_gaussian\paper_2d_100000_cluster_labels.csv,8,2,5,1,2.0,2686651.71409393
fuzzy-cmeans,manual,2,0.343999863,1.6889541610079069,0.8444770805039534,4899864.591803282,pass,guided_256,paper_2d_100000_k8_it5_r1_m2p0,D:\AutoCluster-OMP\datasets\paper_gaussian\paper_2d_100000.csv,D:\AutoCluster-OMP\datasets\paper_gaussian\paper_2d_100000_cluster_labels.csv,8,2,5,1,2.0,2686651.71409393
fuzzy-cmeans,manual,4,0.20600009,2.8203871173065993,0.7050967793266498,4899864.591803282,pass,guided_256,paper_2d_100000_k8_it5_r1_m2p0,D:\AutoCluster-OMP\datasets\paper_gaussian\paper_2d_100000.csv,D:\AutoCluster-OMP\datasets\paper_gaussian\paper_2d_100000_cluster_labels.csv,8,2,5,1,2.0,2686651.71409393
fuzzy-cmeans,manual,8,0.180000067,3.2277765763276074,0.4034720720409509,4899864.591803282,pass,guided_256,paper_2d_100000_k8_it5_r1_m2p0,D:\AutoCluster-OMP\datasets\paper_gaussian\paper_2d_100000.csv,D:\AutoCluster-OMP\datasets\paper_gaussian\paper_2d_100000_cluster_labels.csv,8,2,5,1,2.0,2686651.71409393
fuzzy-cmeans,auto,1,0.578999996,1.0034542383658325,1.0034542383658325,4899864.591803282,pass,guided_256,paper_2d_100000_k8_it5_r1_m2p0,D:\AutoCluster-OMP\datasets\paper_gaussian\paper_2d_100000.csv,D:\AutoCluster-OMP\datasets\paper_gaussian\paper_2d_100000_cluster_labels.csv,8,2,5,1,2.0,2686651.71409393
fuzzy-cmeans,auto,2,0.340000153,1.7088227604415223,0.8544113802207611,4899864.591803282,pass,guided_256,paper_2d_100000_k8_it5_r1_m2p0,D:\AutoCluster-OMP\datasets\paper_gaussian\paper_2d_100000.csv,D:\AutoCluster-OMP\datasets\paper_gaussian\paper_2d_100000_cluster_labels.csv,8,2,5,1,2.0,2686651.71409393
fuzzy-cmeans,auto,4,0.207000017,2.8067630545170434,0.7016907636292609,4899864.591803282,pass,guided_256,paper_2d_100000_k8_it5_r1_m2p0,D:\AutoCluster-OMP\datasets\paper_gaussian\paper_2d_100000.csv,D:\AutoCluster-OMP\datasets\paper_gaussian\paper_2d_100000_cluster_labels.csv,8,2,5,1,2.0,2686651.71409393
fuzzy-cmeans,auto,8,0.169000149,3.437866791466557,0.4297333489333196,4899864.591803282,pass,guided_256,paper_2d_100000_k8_it5_r1_m2p0,D:\AutoCluster-OMP\datasets\paper_gaussian\paper_2d_100000.csv,D:\AutoCluster-OMP\datasets\paper_gaussian\paper_2d_100000_cluster_labels.csv,8,2,5,1,2.0,2686651.71409393
fuzzy-cmeans,sequential,1,2.799,1.0,1.0,4899860.048063631,reference,guided_256,paper_2d_100000_k8_it5_r1_m2p5,D:\AutoCluster-OMP\datasets\paper_gaussian\paper_2d_100000.csv,D:\AutoCluster-OMP\datasets\paper_gaussian\paper_2d_100000_cluster_labels.csv,8,2,5,1,2.5,950853.547374788
fuzzy-cmeans,manual,1,2.727999926,1.0260264207939718,1.0260264207939718,4899860.048063631,pass,guided_256,paper_2d_100000_k8_it5_r1_m2p5,D:\AutoCluster-OMP\datasets\paper_gaussian\paper_2d_100000.csv,D:\AutoCluster-OMP\datasets\paper_gaussian\paper_2d_100000_cluster_labels.csv,8,2,5,1,2.5,950853.547374788
fuzzy-cmeans,manual,2,1.515000105,1.8475246244289865,0.9237623122144932,4899860.048063631,pass,guided_256,paper_2d_100000_k8_it5_r1_m2p5,D:\AutoCluster-OMP\datasets\paper_gaussian\paper_2d_100000.csv,D:\AutoCluster-OMP\datasets\paper_gaussian\paper_2d_100000_cluster_labels.csv,8,2,5,1,2.5,950853.547374788
fuzzy-cmeans,manual,4,0.923000097,3.0325023898670294,0.7581255974667573,4899860.048063631,pass,guided_256,paper_2d_100000_k8_it5_r1_m2p5,D:\AutoCluster-OMP\datasets\paper_gaussian\paper_2d_100000.csv,D:\AutoCluster-OMP\datasets\paper_gaussian\paper_2d_100000_cluster_labels.csv,8,2,5,1,2.5,950853.547374788
fuzzy-cmeans,manual,8,0.65899992,4.24734497691593,0.5309181221144913,4899860.048063631,pass,guided_256,paper_2d_100000_k8_it5_r1_m2p5,D:\AutoCluster-OMP\datasets\paper_gaussian\paper_2d_100000.csv,D:\AutoCluster-OMP\datasets\paper_gaussian\paper_2d_100000_cluster_labels.csv,8,2,5,1,2.5,950853.547374788
fuzzy-cmeans,auto,1,2.725999832,1.0267792268888152,1.0267792268888152,4899860.048063631,pass,guided_256,paper_2d_100000_k8_it5_r1_m2p5,D:\AutoCluster-OMP\datasets\paper_gaussian\paper_2d_100000.csv,D:\AutoCluster-OMP\datasets\paper_gaussian\paper_2d_100000_cluster_labels.csv,8,2,5,1,2.5,950853.547374788
fuzzy-cmeans,auto,2,1.526000023,1.834207049681021,0.9171035248405105,4899860.048063631,pass,guided_256,paper_2d_100000_k8_it5_r1_m2p5,D:\AutoCluster-OMP\datasets\paper_gaussian\paper_2d_100000.csv,D:\AutoCluster-OMP\datasets\paper_gaussian\paper_2d_100000_cluster_labels.csv,8,2,5,1,2.5,950853.547374788
fuzzy-cmeans,auto,4,0.927000046,3.0194173258973063,0.7548543314743266,4899860.048063631,pass,guided_256,paper_2d_100000_k8_it5_r1_m2p5,D:\AutoCluster-OMP\datasets\paper_gaussian\paper_2d_100000.csv,D:\AutoCluster-OMP\datasets\paper_gaussian\paper_2d_100000_cluster_labels.csv,8,2,5,1,2.5,950853.547374788
fuzzy-cmeans,auto,8,0.649000168,4.312787789601928,0.539098473700241,4899860.048063631,pass,guided_256,paper_2d_100000_k8_it5_r1_m2p5,D:\AutoCluster-OMP\datasets\paper_gaussian\paper_2d_100000.csv,D:\AutoCluster-OMP\datasets\paper_gaussian\paper_2d_100000_cluster_labels.csv,8,2,5,1,2.5,950853.547374788
fuzzy-cmeans,sequential,1,2.327,1.0,1.0,4903689.836977277,reference,guided_256,paper_2d_100000_k8_it15_r1_m1p5,D:\AutoCluster-OMP\datasets\paper_gaussian\paper_2d_100000.csv,D:\AutoCluster-OMP\datasets\paper_gaussian\paper_2d_100000_cluster_labels.csv,8,2,15,1,1.5,318668.069420413
fuzzy-cmeans,manual,1,2.289000034,1.0166011207669559,1.0166011207669559,4903689.836977277,pass,guided_256,paper_2d_100000_k8_it15_r1_m1p5,D:\AutoCluster-OMP\datasets\paper_gaussian\paper_2d_100000.csv,D:\AutoCluster-OMP\datasets\paper_gaussian\paper_2d_100000_cluster_labels.csv,8,2,15,1,1.5,318668.069420413
fuzzy-cmeans,manual,2,1.550000191,1.501290137582957,0.7506450687914785,4903689.836977277,pass,guided_256,paper_2d_100000_k8_it15_r1_m1p5,D:\AutoCluster-OMP\datasets\paper_gaussian\paper_2d_100000.csv,D:\AutoCluster-OMP\datasets\paper_gaussian\paper_2d_100000_cluster_labels.csv,8,2,15,1,1.5,318668.069420413
fuzzy-cmeans,manual,4,1.157999992,2.009499150324692,0.502374787581173,4903689.836977277,pass,guided_256,paper_2d_100000_k8_it15_r1_m1p5,D:\AutoCluster-OMP\datasets\paper_gaussian\paper_2d_100000.csv,D:\AutoCluster-OMP\datasets\paper_gaussian\paper_2d_100000_cluster_labels.csv,8,2,15,1,1.5,318668.069420413
fuzzy-cmeans,manual,8,1.116000175,2.085125121060129,0.26064064013251614,4903689.836977277,pass,guided_256,paper_2d_100000_k8_it15_r1_m1p5,D:\AutoCluster-OMP\datasets\paper_gaussian\paper_2d_100000.csv,D:\AutoCluster-OMP\datasets\paper_gaussian\paper_2d_100000_cluster_labels.csv,8,2,15,1,1.5,318668.069420413
fuzzy-cmeans,auto,1,2.276000023,1.0224077225327866,1.0224077225327866,4903689.836977277,pass,guided_256,paper_2d_100000_k8_it15_r1_m1p5,D:\AutoCluster-OMP\datasets\paper_gaussian\paper_2d_100000.csv,D:\AutoCluster-OMP\datasets\paper_gaussian\paper_2d_100000_cluster_labels.csv,8,2,15,1,1.5,318668.069420413
fuzzy-cmeans,auto,2,1.549999952,1.5012903690722177,0.7506451845361088,4903689.836977277,pass,guided_256,paper_2d_100000_k8_it15_r1_m1p5,D:\AutoCluster-OMP\datasets\paper_gaussian\paper_2d_100000.csv,D:\AutoCluster-OMP\datasets\paper_gaussian\paper_2d_100000_cluster_labels.csv,8,2,15,1,1.5,318668.069420413
fuzzy-cmeans,auto,4,1.159999847,2.0060347473476865,0.5015086868369216,4903689.836977277,pass,guided_256,paper_2d_100000_k8_it15_r1_m1p5,D:\AutoCluster-OMP\datasets\paper_gaussian\paper_2d_100000.csv,D:\AutoCluster-OMP\datasets\paper_gaussian\paper_2d_100000_cluster_labels.csv,8,2,15,1,1.5,318668.069420413
fuzzy-cmeans,auto,8,1.062999964,2.1890875623773773,0.27363594529717217,4903689.836977277,pass,guided_256,paper_2d_100000_k8_it15_r1_m1p5,D:\AutoCluster-OMP\datasets\paper_gaussian\paper_2d_100000.csv,D:\AutoCluster-OMP\datasets\paper_gaussian\paper_2d_100000_cluster_labels.csv,8,2,15,1,1.5,318668.069420413
fuzzy-cmeans,sequential,1,1.759,1.0,1.0,4903678.946155452,reference,guided_256,paper_2d_100000_k8_it15_r1_m2p0,D:\AutoCluster-OMP\datasets\paper_gaussian\paper_2d_100000.csv,D:\AutoCluster-OMP\datasets\paper_gaussian\paper_2d_100000_cluster_labels.csv,8,2,15,1,2.0,278410.226744622
fuzzy-cmeans,manual,1,1.720000029,1.0226744013618851,1.0226744013618851,4903678.946155452,pass,guided_256,paper_2d_100000_k8_it15_r1_m2p0,D:\AutoCluster-OMP\datasets\paper_gaussian\paper_2d_100000.csv,D:\AutoCluster-OMP\datasets\paper_gaussian\paper_2d_100000_cluster_labels.csv,8,2,15,1,2.0,278410.226744622
fuzzy-cmeans,manual,2,0.97300005,1.8078108012430214,0.9039054006215107,4903678.946155452,pass,guided_256,paper_2d_100000_k8_it15_r1_m2p0,D:\AutoCluster-OMP\datasets\paper_gaussian\paper_2d_100000.csv,D:\AutoCluster-OMP\datasets\paper_gaussian\paper_2d_100000_cluster_labels.csv,8,2,15,1,2.0,278410.226744622
fuzzy-cmeans,manual,4,0.597000122,2.9463980578550033,0.7365995144637508,4903678.946155452,pass,guided_256,paper_2d_100000_k8_it15_r1_m2p0,D:\AutoCluster-OMP\datasets\paper_gaussian\paper_2d_100000.csv,D:\AutoCluster-OMP\datasets\paper_gaussian\paper_2d_100000_cluster_labels.csv,8,2,15,1,2.0,278410.226744622
fuzzy-cmeans,manual,8,0.535000086,3.2878499387755236,0.41098124234694045,4903678.946155452,pass,guided_256,paper_2d_100000_k8_it15_r1_m2p0,D:\AutoCluster-OMP\datasets\paper_gaussian\paper_2d_100000.csv,D:\AutoCluster-OMP\datasets\paper_gaussian\paper_2d_100000_cluster_labels.csv,8,2,15,1,2.0,278410.226744622
fuzzy-cmeans,auto,1,1.712000132,1.0274531918085155,1.0274531918085155,4903678.946155452,pass,guided_256,paper_2d_100000_k8_it15_r1_m2p0,D:\AutoCluster-OMP\datasets\paper_gaussian\paper_2d_100000.csv,D:\AutoCluster-OMP\datasets\paper_gaussian\paper_2d_100000_cluster_labels.csv,8,2,15,1,2.0,278410.226744622
fuzzy-cmeans,auto,2,0.944000006,1.8633474457838084,0.9316737228919042,4903678.946155452,pass,guided_256,paper_2d_100000_k8_it15_r1_m2p0,D:\AutoCluster-OMP\datasets\paper_gaussian\paper_2d_100000.csv,D:\AutoCluster-OMP\datasets\paper_gaussian\paper_2d_100000_cluster_labels.csv,8,2,15,1,2.0,278410.226744622
fuzzy-cmeans,auto,4,0.578999996,3.037996566756453,0.7594991416891133,4903678.946155452,pass,guided_256,paper_2d_100000_k8_it15_r1_m2p0,D:\AutoCluster-OMP\datasets\paper_gaussian\paper_2d_100000.csv,D:\AutoCluster-OMP\datasets\paper_gaussian\paper_2d_100000_cluster_labels.csv,8,2,15,1,2.0,278410.226744622
fuzzy-cmeans,auto,8,0.486000061,3.6193411095065686,0.4524176386883211,4903678.946155452,pass,guided_256,paper_2d_100000_k8_it15_r1_m2p0,D:\AutoCluster-OMP\datasets\paper_gaussian\paper_2d_100000.csv,D:\AutoCluster-OMP\datasets\paper_gaussian\paper_2d_100000_cluster_labels.csv,8,2,15,1,2.0,278410.226744622
fuzzy-cmeans,sequential,1,7.713,1.0,1.0,4898949.56342204,reference,guided_256,paper_2d_100000_k8_it15_r1_m2p5,D:\AutoCluster-OMP\datasets\paper_gaussian\paper_2d_100000.csv,D:\AutoCluster-OMP\datasets\paper_gaussian\paper_2d_100000_cluster_labels.csv,8,2,15,1,2.5,684041.711054319
fuzzy-cmeans,manual,1,7.6650002,1.006262204663739,1.006262204663739,4898949.56342204,pass,guided_256,paper_2d_100000_k8_it15_r1_m2p5,D:\AutoCluster-OMP\datasets\paper_gaussian\paper_2d_100000.csv,D:\AutoCluster-OMP\datasets\paper_gaussian\paper_2d_100000_cluster_labels.csv,8,2,15,1,2.5,684041.711054319
fuzzy-cmeans,manual,2,4.297999859,1.7945556661313051,0.8972778330656526,4898949.56342204,pass,guided_256,paper_2d_100000_k8_it15_r1_m2p5,D:\AutoCluster-OMP\datasets\paper_gaussian\paper_2d_100000.csv,D:\AutoCluster-OMP\datasets\paper_gaussian\paper_2d_100000_cluster_labels.csv,8,2,15,1,2.5,684041.711054319
fuzzy-cmeans,manual,4,2.557999849,3.015246464152547,0.7538116160381367,4898949.56342204,pass,guided_256,paper_2d_100000_k8_it15_r1_m2p5,D:\AutoCluster-OMP\datasets\paper_gaussian\paper_2d_100000.csv,D:\AutoCluster-OMP\datasets\paper_gaussian\paper_2d_100000_cluster_labels.csv,8,2,15,1,2.5,684041.711054319
fuzzy-cmeans,manual,8,1.850999832,4.1669371691223365,0.5208671461402921,4898949.56342204,pass,guided_256,paper_2d_100000_k8_it15_r1_m2p5,D:\AutoCluster-OMP\datasets\paper_gaussian\paper_2d_100000.csv,D:\AutoCluster-OMP\datasets\paper_gaussian\paper_2d_100000_cluster_labels.csv,8,2,15,1,2.5,684041.711054319
fuzzy-cmeans,auto,1,7.690000057,1.002990889834788,1.002990889834788,4898949.56342204,pass,guided_256,paper_2d_100000_k8_it15_r1_m2p5,D:\AutoCluster-OMP\datasets\paper_gaussian\paper_2d_100000.csv,D:\AutoCluster-OMP\datasets\paper_gaussian\paper_2d_100000_cluster_labels.csv,8,2,15,1,2.5,684041.711054319
fuzzy-cmeans,auto,2,4.229999781,1.8234043497223529,0.9117021748611764,4898949.56342204,pass,guided_256,paper_2d_100000_k8_it15_r1_m2p5,D:\AutoCluster-OMP\datasets\paper_gaussian\paper_2d_100000.csv,D:\AutoCluster-OMP\datasets\paper_gaussian\paper_2d_100000_cluster_labels.csv,8,2,15,1,2.5,684041.711054319
fuzzy-cmeans,auto,4,2.572999954,2.997668145313927,0.7494170363284818,4898949.56342204,pass,guided_256,paper_2d_100000_k8_it15_r1_m2p5,D:\AutoCluster-OMP\datasets\paper_gaussian\paper_2d_100000.csv,D:\AutoCluster-OMP\datasets\paper_gaussian\paper_2d_100000_cluster_labels.csv,8,2,15,1,2.5,684041.711054319
fuzzy-cmeans,auto,8,1.786999941,4.316172498407486,0.5395215623009357,4898949.56342204,pass,guided_256,paper_2d_100000_k8_it15_r1_m2p5,D:\AutoCluster-OMP\datasets\paper_gaussian\paper_2d_100000.csv,D:\AutoCluster-OMP\datasets\paper_gaussian\paper_2d_100000_cluster_labels.csv,8,2,15,1,2.5,684041.711054319
fuzzy-cmeans,sequential,1,4.581,1.0,1.0,4903689.836976154,reference,guided_256,paper_2d_100000_k8_it30_r1_m1p5,D:\AutoCluster-OMP\datasets\paper_gaussian\paper_2d_100000.csv,D:\AutoCluster-OMP\datasets\paper_gaussian\paper_2d_100000_cluster_labels.csv,8,2,30,1,1.5,318668.069420412
fuzzy-cmeans,manual,1,4.526000023,1.0121520054618878,1.0121520054618878,4903689.836976154,pass,guided_256,paper_2d_100000_k8_it30_r1_m1p5,D:\AutoCluster-OMP\datasets\paper_gaussian\paper_2d_100000.csv,D:\AutoCluster-OMP\datasets\paper_gaussian\paper_2d_100000_cluster_labels.csv,8,2,30,1,1.5,318668.069420412
fuzzy-cmeans,manual,2,3.058999777,1.4975483275427517,0.7487741637713758,4903689.836976154,pass,guided_256,paper_2d_100000_k8_it30_r1_m1p5,D:\AutoCluster-OMP\datasets\paper_gaussian\paper_2d_100000.csv,D:\AutoCluster-OMP\datasets\paper_gaussian\paper_2d_100000_cluster_labels.csv,8,2,30,1,1.5,318668.069420412
fuzzy-cmeans,manual,4,2.351999998,1.9477040832888641,0.48692602082221603,4903689.836976154,pass,guided_256,paper_2d_100000_k8_it30_r1_m1p5,D:\AutoCluster-OMP\datasets\paper_gaussian\paper_2d_100000.csv,D:\AutoCluster-OMP\datasets\paper_gaussian\paper_2d_100000_cluster_labels.csv,8,2,30,1,1.5,318668.069420412
fuzzy-cmeans,manual,8,2.180999994,2.1004126605238316,0.26255158256547895,4903689.836976154,pass,guided_256,paper_2d_100000_k8_it30_r1_m1p5,D:\AutoCluster-OMP\datasets\paper_gaussian\paper_2d_100000.csv,D:\AutoCluster-OMP\datasets\paper_gaussian\paper_2d_100000_cluster_labels.csv,8,2,30,1,1.5,318668.069420412
fuzzy-cmeans,auto,1,4.523000002,1.0128233468879846,1.0128233468879846,4903689.836976154,pass,guided_256,paper_2d_100000_k8_it30_r1_m1p5,D:\AutoCluster-OMP\datasets\paper_gaussian\paper_2d_100000.csv,D:\AutoCluster-OMP\datasets\paper_gaussian\paper_2d_100000_cluster_labels.csv,8,2,30,1,1.5,318668.069420412
fuzzy-cmeans,auto,2,3.014999866,1.5194030526036515,0.7597015263018257,4903689.836976154,pass,guided_256,paper_2d_100000_k8_it30_r1_m1p5,D:\AutoCluster-OMP\datasets\paper_gaussian\paper_2d_100000.csv,D:\AutoCluster-OMP\datasets\paper_gaussian\paper_2d_100000_cluster_labels.csv,8,2,30,1,1.5,318668.069420412
fuzzy-cmeans,auto,4,2.308000088,1.9848352796076671,0.4962088199019168,4903689.836976154,pass,guided_256,paper_2d_100000_k8_it30_r1_m1p5,D:\AutoCluster-OMP\datasets\paper_gaussian\paper_2d_100000.csv,D:\AutoCluster-OMP\datasets\paper_gaussian\paper_2d_100000_cluster_labels.csv,8,2,30,1,1.5,318668.069420412
fuzzy-cmeans,auto,8,2.082999945,2.19923193516935,0.27490399189616876,4903689.836976154,pass,guided_256,paper_2d_100000_k8_it30_r1_m1p5,D:\AutoCluster-OMP\datasets\paper_gaussian\paper_2d_100000.csv,D:\AutoCluster-OMP\datasets\paper_gaussian\paper_2d_100000_cluster_labels.csv,8,2,30,1,1.5,318668.069420412
fuzzy-cmeans,sequential,1,3.493,1.0,1.0,4903688.411811251,reference,guided_256,paper_2d_100000_k8_it30_r1_m2p0,D:\AutoCluster-OMP\datasets\paper_gaussian\paper_2d_100000.csv,D:\AutoCluster-OMP\datasets\paper_gaussian\paper_2d_100000_cluster_labels.csv,8,2,30,1,2.0,278184.278587808
fuzzy-cmeans,manual,1,3.552999973,0.9831128698407113,0.9831128698407113,4903688.411811251,pass,guided_256,paper_2d_100000_k8_it30_r1_m2p0,D:\AutoCluster-OMP\datasets\paper_gaussian\paper_2d_100000.csv,D:\AutoCluster-OMP\datasets\paper_gaussian\paper_2d_100000_cluster_labels.csv,8,2,30,1,2.0,278184.278587808
fuzzy-cmeans,manual,2,1.916000128,1.8230687717365328,0.9115343858682664,4903688.411811251,pass,guided_256,paper_2d_100000_k8_it30_r1_m2p0,D:\AutoCluster-OMP\datasets\paper_gaussian\paper_2d_100000.csv,D:\AutoCluster-OMP\datasets\paper_gaussian\paper_2d_100000_cluster_labels.csv,8,2,30,1,2.0,278184.278587808
fuzzy-cmeans,manual,4,1.157000065,3.019014523564439,0.7547536308911097,4903688.411811251,pass,guided_256,paper_2d_100000_k8_it30_r1_m2p0,D:\AutoCluster-OMP\datasets\paper_gaussian\paper_2d_100000.csv,D:\AutoCluster-OMP\datasets\paper_gaussian\paper_2d_100000_cluster_labels.csv,8,2,30,1,2.0,278184.278587808
fuzzy-cmeans,manual,8,1.035000086,3.374878946628416,0.421859868328552,4903688.411811251,pass,guided_256,paper_2d_100000_k8_it30_r1_m2p0,D:\AutoCluster-OMP\datasets\paper_gaussian\paper_2d_100000.csv,D:\AutoCluster-OMP\datasets\paper_gaussian\paper_2d_100000_cluster_labels.csv,8,2,30,1,2.0,278184.278587808
fuzzy-cmeans,auto,1,3.446000099,1.0136389726203545,1.0136389726203545,4903688.411811251,pass,guided_256,paper_2d_100000_k8_it30_r1_m2p0,D:\AutoCluster-OMP\datasets\paper_gaussian\paper_2d_100000.csv,D:\AutoCluster-OMP\datasets\paper_gaussian\paper_2d_100000_cluster_labels.csv,8,2,30,1,2.0,278184.278587808
fuzzy-cmeans,auto,2,1.881999969,1.8560042813688271,0.9280021406844136,4903688.411811251,pass,guided_256,paper_2d_100000_k8_it30_r1_m2p0,D:\AutoCluster-OMP\datasets\paper_gaussian\paper_2d_100000.csv,D:\AutoCluster-OMP\datasets\paper_gaussian\paper_2d_100000_cluster_labels.csv,8,2,30,1,2.0,278184.278587808
fuzzy-cmeans,auto,4,1.159000158,3.0138045934589077,0.7534511483647269,4903688.411811251,pass,guided_256,paper_2d_100000_k8_it30_r1_m2p0,D:\AutoCluster-OMP\datasets\paper_gaussian\paper_2d_100000.csv,D:\AutoCluster-OMP\datasets\paper_gaussian\paper_2d_100000_cluster_labels.csv,8,2,30,1,2.0,278184.278587808
fuzzy-cmeans,auto,8,0.937000036,3.7278547126971504,0.4659818390871438,4903688.411811251,pass,guided_256,paper_2d_100000_k8_it30_r1_m2p0,D:\AutoCluster-OMP\datasets\paper_gaussian\paper_2d_100000.csv,D:\AutoCluster-OMP\datasets\paper_gaussian\paper_2d_100000_cluster_labels.csv,8,2,30,1,2.0,278184.278587808
fuzzy-cmeans,sequential,1,14.369,1.0,1.0,4901830.303819842,reference,guided_256,paper_2d_100000_k8_it30_r1_m2p5,D:\AutoCluster-OMP\datasets\paper_gaussian\paper_2d_100000.csv,D:\AutoCluster-OMP\datasets\paper_gaussian\paper_2d_100000_cluster_labels.csv,8,2,30,1,2.5,182945.592705848
fuzzy-cmeans,manual,1,14.194000006,1.0123291527353828,1.0123291527353828,4901830.303819842,pass,guided_256,paper_2d_100000_k8_it30_r1_m2p5,D:\AutoCluster-OMP\datasets\paper_gaussian\paper_2d_100000.csv,D:\AutoCluster-OMP\datasets\paper_gaussian\paper_2d_100000_cluster_labels.csv,8,2,30,1,2.5,182945.592705848
fuzzy-cmeans,manual,2,7.89199996,1.820704520125213,0.9103522600626065,4901830.303819842,pass,guided_256,paper_2d_100000_k8_it30_r1_m2p5,D:\AutoCluster-OMP\datasets\paper_gaussian\paper_2d_100000.csv,D:\AutoCluster-OMP\datasets\paper_gaussian\paper_2d_100000_cluster_labels.csv,8,2,30,1,2.5,182945.592705848
fuzzy-cmeans,manual,4,4.854000092,2.960238922055628,0.740059730513907,4901830.303819842,pass,guided_256,paper_2d_100000_k8_it30_r1_m2p5,D:\AutoCluster-OMP\datasets\paper_gaussian\paper_2d_100000.csv,D:\AutoCluster-OMP\datasets\paper_gaussian\paper_2d_100000_cluster_labels.csv,8,2,30,1,2.5,182945.592705848
fuzzy-cmeans,manual,8,3.585999966,4.0069715940426756,0.5008714492553344,4901830.303819842,pass,guided_256,paper_2d_100000_k8_it30_r1_m2p5,D:\AutoCluster-OMP\datasets\paper_gaussian\paper_2d_100000.csv,D:\AutoCluster-OMP\datasets\paper_gaussian\paper_2d_100000_cluster_labels.csv,8,2,30,1,2.5,182945.592705848
fuzzy-cmeans,auto,1,14.285000086,1.0058802879589985,1.0058802879589985,4901830.303819842,pass,guided_256,paper_2d_100000_k8_it30_r1_m2p5,D:\AutoCluster-OMP\datasets\paper_gaussian\paper_2d_100000.csv,D:\AutoCluster-OMP\datasets\paper_gaussian\paper_2d_100000_cluster_labels.csv,8,2,30,1,2.5,182945.592705848
fuzzy-cmeans,auto,2,8.021000147,1.7914224830645673,0.8957112415322837,4901830.303819842,pass,guided_256,paper_2d_100000_k8_it30_r1_m2p5,D:\AutoCluster-OMP\datasets\paper_gaussian\paper_2d_100000.csv,D:\AutoCluster-OMP\datasets\paper_gaussian\paper_2d_100000_cluster_labels.csv,8,2,30,1,2.5,182945.592705848
fuzzy-cmeans,auto,4,4.843000174,2.9669625198737397,0.7417406299684349,4901830.303819842,pass,guided_256,paper_2d_100000_k8_it30_r1_m2p5,D:\AutoCluster-OMP\datasets\paper_gaussian\paper_2d_100000.csv,D:\AutoCluster-OMP\datasets\paper_gaussian\paper_2d_100000_cluster_labels.csv,8,2,30,1,2.5,182945.592705848
fuzzy-cmeans,auto,8,3.448999882,4.166135254161775,0.5207669067702219,4901830.303819842,pass,guided_256,paper_2d_100000_k8_it30_r1_m2p5,D:\AutoCluster-OMP\datasets\paper_gaussian\paper_2d_100000.csv,D:\AutoCluster-OMP\datasets\paper_gaussian\paper_2d_100000_cluster_labels.csv,8,2,30,1,2.5,182945.592705848
fuzzy-cmeans,sequential,1,1.622,1.0,1.0,9800716.613931887,reference,guided_256,paper_2d_200000_k8_it5_r1_m1p5,D:\AutoCluster-OMP\datasets\paper_gaussian\paper_2d_200000.csv,D:\AutoCluster-OMP\datasets\paper_gaussian\paper_2d_200000_cluster_labels.csv,8,2,5,1,1.5,14424699.81258712
fuzzy-cmeans,manual,1,1.573000193,1.031150540996787,1.031150540996787,9800716.613931887,pass,guided_256,paper_2d_200000_k8_it5_r1_m1p5,D:\AutoCluster-OMP\datasets\paper_gaussian\paper_2d_200000.csv,D:\AutoCluster-OMP\datasets\paper_gaussian\paper_2d_200000_cluster_labels.csv,8,2,5,1,1.5,14424699.81258712
fuzzy-cmeans,manual,2,1.088999987,1.4894398708564907,0.7447199354282453,9800716.613931887,pass,guided_256,paper_2d_200000_k8_it5_r1_m1p5,D:\AutoCluster-OMP\datasets\paper_gaussian\paper_2d_200000.csv,D:\AutoCluster-OMP\datasets\paper_gaussian\paper_2d_200000_cluster_labels.csv,8,2,5,1,1.5,14424699.81258712
fuzzy-cmeans,manual,4,0.820999861,1.9756397985553376,0.4939099496388344,9800716.613931887,pass,guided_256,paper_2d_200000_k8_it5_r1_m1p5,D:\AutoCluster-OMP\datasets\paper_gaussian\paper_2d_200000.csv,D:\AutoCluster-OMP\datasets\paper_gaussian\paper_2d_200000_cluster_labels.csv,8,2,5,1,1.5,14424699.81258712
fuzzy-cmeans,manual,8,0.775000095,2.0929029692570555,0.26161287115713194,9800716.613931887,pass,guided_256,paper_2d_200000_k8_it5_r1_m1p5,D:\AutoCluster-OMP\datasets\paper_gaussian\paper_2d_200000.csv,D:\AutoCluster-OMP\datasets\paper_gaussian\paper_2d_200000_cluster_labels.csv,8,2,5,1,1.5,14424699.81258712
fuzzy-cmeans,auto,1,1.573999882,1.0304956299863306,1.0304956299863306,9800716.613931887,pass,guided_256,paper_2d_200000_k8_it5_r1_m1p5,D:\AutoCluster-OMP\datasets\paper_gaussian\paper_2d_200000.csv,D:\AutoCluster-OMP\datasets\paper_gaussian\paper_2d_200000_cluster_labels.csv,8,2,5,1,1.5,14424699.81258712
fuzzy-cmeans,auto,2,1.088000059,1.490808742685923,0.7454043713429614,9800716.613931887,pass,guided_256,paper_2d_200000_k8_it5_r1_m1p5,D:\AutoCluster-OMP\datasets\paper_gaussian\paper_2d_200000.csv,D:\AutoCluster-OMP\datasets\paper_gaussian\paper_2d_200000_cluster_labels.csv,8,2,5,1,1.5,14424699.81258712
fuzzy-cmeans,auto,4,0.840999842,1.928656723814224,0.482164180953556,9800716.613931887,pass,guided_256,paper_2d_200000_k8_it5_r1_m1p5,D:\AutoCluster-OMP\datasets\paper_gaussian\paper_2d_200000.csv,D:\AutoCluster-OMP\datasets\paper_gaussian\paper_2d_200000_cluster_labels.csv,8,2,5,1,1.5,14424699.81258712
fuzzy-cmeans,auto,8,0.743000031,2.1830416316631354,0.2728802039578919,9800716.613931887,pass,guided_256,paper_2d_200000_k8_it5_r1_m1p5,D:\AutoCluster-OMP\datasets\paper_gaussian\paper_2d_200000.csv,D:\AutoCluster-OMP\datasets\paper_gaussian\paper_2d_200000_cluster_labels.csv,8,2,5,1,1.5,14424699.81258712
fuzzy-cmeans,sequential,1,1.203,1.0,1.0,9800018.400011387,reference,guided_256,paper_2d_200000_k8_it5_r1_m2p0,D:\AutoCluster-OMP\datasets\paper_gaussian\paper_2d_200000.csv,D:\AutoCluster-OMP\datasets\paper_gaussian\paper_2d_200000_cluster_labels.csv,8,2,5,1,2.0,5372266.831606277
fuzzy-cmeans,manual,1,1.164000034,1.0335051244508813,1.0335051244508813,9800018.400011387,pass,guided_256,paper_2d_200000_k8_it5_r1_m2p0,D:\AutoCluster-OMP\datasets\paper_gaussian\paper_2d_200000.csv,D:\AutoCluster-OMP\datasets\paper_gaussian\paper_2d_200000_cluster_labels.csv,8,2,5,1,2.0,5372266.831606277
fuzzy-cmeans,manual,2,0.662999868,1.8144799992629863,0.9072399996314932,9800018.400011387,pass,guided_256,paper_2d_200000_k8_it5_r1_m2p0,D:\AutoCluster-OMP\datasets\paper_gaussian\paper_2d_200000.csv,D:\AutoCluster-OMP\datasets\paper_gaussian\paper_2d_200000_cluster_labels.csv,8,2,5,1,2.0,5372266.831606277
fuzzy-cmeans,manual,4,0.407999992,2.9485294695790096,0.7371323673947524,9800018.400011387,pass,guided_256,paper_2d_200000_k8_it5_r1_m2p0,D:\AutoCluster-OMP\datasets\paper_gaussian\paper_2d_200000.csv,D:\AutoCluster-OMP\datasets\paper_gaussian\paper_2d_200000_cluster_labels.csv,8,2,5,1,2.0,5372266.831606277
fuzzy-cmeans,manual,8,0.365999937,3.2868858116770663,0.4108607264596333,9800018.400011387,pass,guided_256,paper_2d_200000_k8_it5_r1_m2p0,D:\AutoCluster-OMP\datasets\paper_gaussian\paper_2d_200000.csv,D:\AutoCluster-OMP\datasets\paper_gaussian\paper_2d_200000_cluster_labels.csv,8,2,5,1,2.0,5372266.831606277
fuzzy-cmeans,auto,1,1.164000034,1.0335051244508813,1.0335051244508813,9800018.400011387,pass,guided_256,paper_2d_200000_k8_it5_r1_m2p0,D:\AutoCluster-OMP\datasets\paper_gaussian\paper_2d_200000.csv,D:\AutoCluster-OMP\datasets\paper_gaussian\paper_2d_200000_cluster_labels.csv,8,2,5,1,2.0,5372266.831606277
fuzzy-cmeans,auto,2,0.667999983,1.8008982494240575,0.9004491247120288,9800018.400011387,pass,guided_256,paper_2d_200000_k8_it5_r1_m2p0,D:\AutoCluster-OMP\datasets\paper_gaussian\paper_2d_200000.csv,D:\AutoCluster-OMP\datasets\paper_gaussian\paper_2d_200000_cluster_labels.csv,8,2,5,1,2.0,5372266.831606277
fuzzy-cmeans,auto,4,0.409000158,2.941319157143211,0.7353297892858027,9800018.400011387,pass,guided_256,paper_2d_200000_k8_it5_r1_m2p0,D:\AutoCluster-OMP\datasets\paper_gaussian\paper_2d_200000.csv,D:\AutoCluster-OMP\datasets\paper_gaussian\paper_2d_200000_cluster_labels.csv,8,2,5,1,2.0,5372266.831606277
fuzzy-cmeans,auto,8,0.332000017,3.6234937903632702,0.4529367237954088,9800018.400011387,pass,guided_256,paper_2d_200000_k8_it5_r1_m2p0,D:\AutoCluster-OMP\datasets\paper_gaussian\paper_2d_200000.csv,D:\AutoCluster-OMP\datasets\paper_gaussian\paper_2d_200000_cluster_labels.csv,8,2,5,1,2.0,5372266.831606277
fuzzy-cmeans,sequential,1,5.514,1.0,1.0,9799959.07082684,reference,guided_256,paper_2d_200000_k8_it5_r1_m2p5,D:\AutoCluster-OMP\datasets\paper_gaussian\paper_2d_200000.csv,D:\AutoCluster-OMP\datasets\paper_gaussian\paper_2d_200000_cluster_labels.csv,8,2,5,1,2.5,1901846.069035282
fuzzy-cmeans,manual,1,5.506000042,1.0014529527677036,1.0014529527677036,9799959.07082684,pass,guided_256,paper_2d_200000_k8_it5_r1_m2p5,D:\AutoCluster-OMP\datasets\paper_gaussian\paper_2d_200000.csv,D:\AutoCluster-OMP\datasets\paper_gaussian\paper_2d_200000_cluster_labels.csv,8,2,5,1,2.5,1901846.069035282
fuzzy-cmeans,manual,2,3.066999912,1.797848111578296,0.898924055789148,9799959.07082684,pass,guided_256,paper_2d_200000_k8_it5_r1_m2p5,D:\AutoCluster-OMP\datasets\paper_gaussian\paper_2d_200000.csv,D:\AutoCluster-OMP\datasets\paper_gaussian\paper_2d_200000_cluster_labels.csv,8,2,5,1,2.5,1901846.069035282
fuzzy-cmeans,manual,4,1.848999977,2.982152551968366,0.7455381379920915,9799959.07082684,pass,guided_256,paper_2d_200000_k8_it5_r1_m2p5,D:\AutoCluster-OMP\datasets\paper_gaussian\paper_2d_200000.csv,D:\AutoCluster-OMP\datasets\paper_gaussian\paper_2d_200000_cluster_labels.csv,8,2,5,1,2.5,1901846.069035282
fuzzy-cmeans,manual,8,1.31799984,4.183612040499186,0.5229515050623983,9799959.07082684,pass,guided_256,paper_2d_200000_k8_it5_r1_m2p5,D:\AutoCluster-OMP\datasets\paper_gaussian\paper_2d_200000.csv,D:\AutoCluster-OMP\datasets\paper_gaussian\paper_2d_200000_cluster_labels.csv,8,2,5,1,2.5,1901846.069035282
fuzzy-cmeans,auto,1,5.467999935,1.0084125942843487,1.0084125942843487,9799959.07082684,pass,guided_256,paper_2d_200000_k8_it5_r1_m2p5,D:\AutoCluster-OMP\datasets\paper_gaussian\paper_2d_200000.csv,D:\AutoCluster-OMP\datasets\paper_gaussian\paper_2d_200000_cluster_labels.csv,8,2,5,1,2.5,1901846.069035282
fuzzy-cmeans,auto,2,3.060000181,1.8019606777271626,0.9009803388635813,9799959.07082684,pass,guided_256,paper_2d_200000_k8_it5_r1_m2p5,D:\AutoCluster-OMP\datasets\paper_gaussian\paper_2d_200000.csv,D:\AutoCluster-OMP\datasets\paper_gaussian\paper_2d_200000_cluster_labels.csv,8,2,5,1,2.5,1901846.069035282
fuzzy-cmeans,auto,4,1.836999893,3.0016332722780406,0.7504083180695101,9799959.07082684,pass,guided_256,paper_2d_200000_k8_it5_r1_m2p5,D:\AutoCluster-OMP\datasets\paper_gaussian\paper_2d_200000.csv,D:\AutoCluster-OMP\datasets\paper_gaussian\paper_2d_200000_cluster_labels.csv,8,2,5,1,2.5,1901846.069035282
fuzzy-cmeans,auto,8,1.282999992,4.29773969944031,0.5372174624300388,9799959.07082684,pass,guided_256,paper_2d_200000_k8_it5_r1_m2p5,D:\AutoCluster-OMP\datasets\paper_gaussian\paper_2d_200000.csv,D:\AutoCluster-OMP\datasets\paper_gaussian\paper_2d_200000_cluster_labels.csv,8,2,5,1,2.5,1901846.069035282
fuzzy-cmeans,sequential,1,4.617,1.0,1.0,9801916.01760902,reference,guided_256,paper_2d_200000_k8_it15_r1_m1p5,D:\AutoCluster-OMP\datasets\paper_gaussian\paper_2d_200000.csv,D:\AutoCluster-OMP\datasets\paper_gaussian\paper_2d_200000_cluster_labels.csv,8,2,15,1,1.5,631052.081317194
fuzzy-cmeans,manual,1,4.578999996,1.0082987560675245,1.0082987560675245,9801916.01760902,pass,guided_256,paper_2d_200000_k8_it15_r1_m1p5,D:\AutoCluster-OMP\datasets\paper_gaussian\paper_2d_200000.csv,D:\AutoCluster-OMP\datasets\paper_gaussian\paper_2d_200000_cluster_labels.csv,8,2,15,1,1.5,631052.081317194
fuzzy-cmeans,manual,2,3.072999954,1.502440634270182,0.751220317135091,9801916.01760902,pass,guided_256,paper_2d_200000_k8_it15_r1_m1p5,D:\AutoCluster-OMP\datasets\paper_gaussian\paper_2d_200000.csv,D:\AutoCluster-OMP\datasets\paper_gaussian\paper_2d_200000_cluster_labels.csv,8,2,15,1,1.5,631052.081317194
fuzzy-cmeans,manual,4,2.347000122,1.9671920579474091,0.4917980144868523,9801916.01760902,pass,guided_256,paper_2d_200000_k8_it15_r1_m1p5,D:\AutoCluster-OMP\datasets\paper_gaussian\paper_2d_200000.csv,D:\AutoCluster-OMP\datasets\paper_gaussian\paper_2d_200000_cluster_labels.csv,8,2,15,1,1.5,631052.081317194
fuzzy-cmeans,manual,8,2.170000076,2.1276496950684898,0.2659562118835612,9801916.01760902,pass,guided_256,paper_2d_200000_k8_it15_r1_m1p5,D:\AutoCluster-OMP\datasets\paper_gaussian\paper_2d_200000.csv,D:\AutoCluster-OMP\datasets\paper_gaussian\paper_2d_200000_cluster_labels.csv,8,2,15,1,1.5,631052.081317194
fuzzy-cmeans,auto,1,4.562000036,1.0120561077522974,1.0120561077522974,9801916.01760902,pass,guided_256,paper_2d_200000_k8_it15_r1_m1p5,D:\AutoCluster-OMP\datasets\paper_gaussian\paper_2d_200000.csv,D:\AutoCluster-OMP\datasets\paper_gaussian\paper_2d_200000_cluster_labels.csv,8,2,15,1,1.5,631052.081317194
fuzzy-cmeans,auto,2,3.113000154,1.4831351659483407,0.7415675829741704,9801916.01760902,pass,guided_256,paper_2d_200000_k8_it15_r1_m1p5,D:\AutoCluster-OMP\datasets\paper_gaussian\paper_2d_200000.csv,D:\AutoCluster-OMP\datasets\paper_gaussian\paper_2d_200000_cluster_labels.csv,8,2,15,1,1.5,631052.081317194
fuzzy-cmeans,auto,4,2.453999996,1.8814180959762317,0.4703545239940579,9801916.01760902,pass,guided_256,paper_2d_200000_k8_it15_r1_m1p5,D:\AutoCluster-OMP\datasets\paper_gaussian\paper_2d_200000.csv,D:\AutoCluster-OMP\datasets\paper_gaussian\paper_2d_200000_cluster_labels.csv,8,2,15,1,1.5,631052.081317194
fuzzy-cmeans,auto,8,2.124000072,2.173728739873602,0.27171609248420026,9801916.01760902,pass,guided_256,paper_2d_200000_k8_it15_r1_m1p5,D:\AutoCluster-OMP\datasets\paper_gaussian\paper_2d_200000.csv,D:\AutoCluster-OMP\datasets\paper_gaussian\paper_2d_200000_cluster_labels.csv,8,2,15,1,1.5,631052.081317194
fuzzy-cmeans,sequential,1,3.505,1.0,1.0,9801817.655362343,reference,guided_256,paper_2d_200000_k8_it15_r1_m2p0,D:\AutoCluster-OMP\datasets\paper_gaussian\paper_2d_200000.csv,D:\AutoCluster-OMP\datasets\paper_gaussian\paper_2d_200000_cluster_labels.csv,8,2,15,1,2.0,551807.2695158
fuzzy-cmeans,manual,1,3.438999891,1.019191657776066,1.019191657776066,9801817.655362343,pass,guided_256,paper_2d_200000_k8_it15_r1_m2p0,D:\AutoCluster-OMP\datasets\paper_gaussian\paper_2d_200000.csv,D:\AutoCluster-OMP\datasets\paper_gaussian\paper_2d_200000_cluster_labels.csv,8,2,15,1,2.0,551807.2695158
fuzzy-cmeans,manual,2,1.986000061,1.7648539236374172,0.8824269618187086,9801817.655362343,pass,guided_256,paper_2d_200000_k8_it15_r1_m2p0,D:\AutoCluster-OMP\datasets\paper_gaussian\paper_2d_200000.csv,D:\AutoCluster-OMP\datasets\paper_gaussian\paper_2d_200000_cluster_labels.csv,8,2,15,1,2.0,551807.2695158
fuzzy-cmeans,manual,4,1.195999861,2.930602347285724,0.732650586821431,9801817.655362343,pass,guided_256,paper_2d_200000_k8_it15_r1_m2p0,D:\AutoCluster-OMP\datasets\paper_gaussian\paper_2d_200000.csv,D:\AutoCluster-OMP\datasets\paper_gaussian\paper_2d_200000_cluster_labels.csv,8,2,15,1,2.0,551807.2695158
fuzzy-cmeans,manual,8,1.044999838,3.3540675056066367,0.4192584382008296,9801817.655362343,pass,guided_256,paper_2d_200000_k8_it15_r1_m2p0,D:\AutoCluster-OMP\datasets\paper_gaussian\paper_2d_200000.csv,D:\AutoCluster-OMP\datasets\paper_gaussian\paper_2d_200000_cluster_labels.csv,8,2,15,1,2.0,551807.2695158
fuzzy-cmeans,auto,1,3.482999802,1.006316451119913,1.006316451119913,9801817.655362343,pass,guided_256,paper_2d_200000_k8_it15_r1_m2p0,D:\AutoCluster-OMP\datasets\paper_gaussian\paper_2d_200000.csv,D:\AutoCluster-OMP\datasets\paper_gaussian\paper_2d_200000_cluster_labels.csv,8,2,15,1,2.0,551807.2695158
fuzzy-cmeans,auto,2,1.955999851,1.7919224268897962,0.8959612134448981,9801817.655362343,pass,guided_256,paper_2d_200000_k8_it15_r1_m2p0,D:\AutoCluster-OMP\datasets\paper_gaussian\paper_2d_200000.csv,D:\AutoCluster-OMP\datasets\paper_gaussian\paper_2d_200000_cluster_labels.csv,8,2,15,1,2.0,551807.2695158
fuzzy-cmeans,auto,4,1.20600009,2.906301607324092,0.726575401831023,9801817.655362343,pass,guided_256,paper_2d_200000_k8_it15_r1_m2p0,D:\AutoCluster-OMP\datasets\paper_gaussian\paper_2d_200000.csv,D:\AutoCluster-OMP\datasets\paper_gaussian\paper_2d_200000_cluster_labels.csv,8,2,15,1,2.0,551807.2695158
fuzzy-cmeans,auto,8,0.95299983,3.6778600474671648,0.4597325059333956,9801817.655362343,pass,guided_256,paper_2d_200000_k8_it15_r1_m2p0,D:\AutoCluster-OMP\datasets\paper_gaussian\paper_2d_200000.csv,D:\AutoCluster-OMP\datasets\paper_gaussian\paper_2d_200000_cluster_labels.csv,8,2,15,1,2.0,551807.2695158
fuzzy-cmeans,sequential,1,15.234,1.0,1.0,9802077.839728694,reference,guided_256,paper_2d_200000_k8_it15_r1_m2p5,D:\AutoCluster-OMP\datasets\paper_gaussian\paper_2d_200000.csv,D:\AutoCluster-OMP\datasets\paper_gaussian\paper_2d_200000_cluster_labels.csv,8,2,15,1,2.5,1036660.005115127
fuzzy-cmeans,manual,1,15.29399991,0.9960768987607507,0.9960768987607507,9802077.839728694,pass,guided_256,paper_2d_200000_k8_it15_r1_m2p5,D:\AutoCluster-OMP\datasets\paper_gaussian\paper_2d_200000.csv,D:\AutoCluster-OMP\datasets\paper_gaussian\paper_2d_200000_cluster_labels.csv,8,2,15,1,2.5,1036660.005115127
fuzzy-cmeans,manual,2,8.394000053,1.8148677512284979,0.9074338756142489,9802077.839728694,pass,guided_256,paper_2d_200000_k8_it15_r1_m2p5,D:\AutoCluster-OMP\datasets\paper_gaussian\paper_2d_200000.csv,D:\AutoCluster-OMP\datasets\paper_gaussian\paper_2d_200000_cluster_labels.csv,8,2,15,1,2.5,1036660.005115127
fuzzy-cmeans,manual,4,5.078000069,2.9999999592359203,0.7499999898089801,9802077.839728694,pass,guided_256,paper_2d_200000_k8_it15_r1_m2p5,D:\AutoCluster-OMP\datasets\paper_gaussian\paper_2d_200000.csv,D:\AutoCluster-OMP\datasets\paper_gaussian\paper_2d_200000_cluster_labels.csv,8,2,15,1,2.5,1036660.005115127
fuzzy-cmeans,manual,8,3.669999838,4.150953861704231,0.5188692327130289,9802077.839728694,pass,guided_256,paper_2d_200000_k8_it15_r1_m2p5,D:\AutoCluster-OMP\datasets\paper_gaussian\paper_2d_200000.csv,D:\AutoCluster-OMP\datasets\paper_gaussian\paper_2d_200000_cluster_labels.csv,8,2,15,1,2.5,1036660.005115127
fuzzy-cmeans,auto,1,15.197000027,1.0024346892764535,1.0024346892764535,9802077.839728694,pass,guided_256,paper_2d_200000_k8_it15_r1_m2p5,D:\AutoCluster-OMP\datasets\paper_gaussian\paper_2d_200000.csv,D:\AutoCluster-OMP\datasets\paper_gaussian\paper_2d_200000_cluster_labels.csv,8,2,15,1,2.5,1036660.005115127
fuzzy-cmeans,auto,2,8.371000051,1.819854247663055,0.9099271238315275,9802077.839728694,pass,guided_256,paper_2d_200000_k8_it15_r1_m2p5,D:\AutoCluster-OMP\datasets\paper_gaussian\paper_2d_200000.csv,D:\AutoCluster-OMP\datasets\paper_gaussian\paper_2d_200000_cluster_labels.csv,8,2,15,1,2.5,1036660.005115127
fuzzy-cmeans,auto,4,5.118000031,2.9765533231197434,0.7441383307799359,9802077.839728694,pass,guided_256,paper_2d_200000_k8_it15_r1_m2p5,D:\AutoCluster-OMP\datasets\paper_gaussian\paper_2d_200000.csv,D:\AutoCluster-OMP\datasets\paper_gaussian\paper_2d_200000_cluster_labels.csv,8,2,15,1,2.5,1036660.005115127
fuzzy-cmeans,auto,8,3.570000172,4.267226685164429,0.5334033356455536,9802077.839728694,pass,guided_256,paper_2d_200000_k8_it15_r1_m2p5,D:\AutoCluster-OMP\datasets\paper_gaussian\paper_2d_200000.csv,D:\AutoCluster-OMP\datasets\paper_gaussian\paper_2d_200000_cluster_labels.csv,8,2,15,1,2.5,1036660.005115127
fuzzy-cmeans,sequential,1,9.118,1.0,1.0,9801916.017609106,reference,guided_256,paper_2d_200000_k8_it30_r1_m1p5,D:\AutoCluster-OMP\datasets\paper_gaussian\paper_2d_200000.csv,D:\AutoCluster-OMP\datasets\paper_gaussian\paper_2d_200000_cluster_labels.csv,8,2,30,1,1.5,631052.081317191
fuzzy-cmeans,manual,1,9.098999977,1.0020881440870455,1.0020881440870455,9801916.017609106,pass,guided_256,paper_2d_200000_k8_it30_r1_m1p5,D:\AutoCluster-OMP\datasets\paper_gaussian\paper_2d_200000.csv,D:\AutoCluster-OMP\datasets\paper_gaussian\paper_2d_200000_cluster_labels.csv,8,2,30,1,1.5,631052.081317191
fuzzy-cmeans,manual,2,6.084000111,1.4986850482652794,0.7493425241326397,9801916.017609106,pass,guided_256,paper_2d_200000_k8_it30_r1_m1p5,D:\AutoCluster-OMP\datasets\paper_gaussian\paper_2d_200000.csv,D:\AutoCluster-OMP\datasets\paper_gaussian\paper_2d_200000_cluster_labels.csv,8,2,30,1,1.5,631052.081317191
fuzzy-cmeans,manual,4,4.661999941,1.9558129805647717,0.4889532451411929,9801916.017609106,pass,guided_256,paper_2d_200000_k8_it30_r1_m1p5,D:\AutoCluster-OMP\datasets\paper_gaussian\paper_2d_200000.csv,D:\AutoCluster-OMP\datasets\paper_gaussian\paper_2d_200000_cluster_labels.csv,8,2,30,1,1.5,631052.081317191
fuzzy-cmeans,manual,8,4.328000069,2.1067467316623096,0.2633433414577887,9801916.017609106,pass,guided_256,paper_2d_200000_k8_it30_r1_m1p5,D:\AutoCluster-OMP\datasets\paper_gaussian\paper_2d_200000.csv,D:\AutoCluster-OMP\datasets\paper_gaussian\paper_2d_200000_cluster_labels.csv,8,2,30,1,1.5,631052.081317191
fuzzy-cmeans,auto,1,9.067000151,1.0056247764586588,1.0056247764586588,9801916.017609106,pass,guided_256,paper_2d_200000_k8_it30_r1_m1p5,D:\AutoCluster-OMP\datasets\paper_gaussian\paper_2d_200000.csv,D:\AutoCluster-OMP\datasets\paper_gaussian\paper_2d_200000_cluster_labels.csv,8,2,30,1,1.5,631052.081317191
fuzzy-cmeans,auto,2,6.167000055,1.4785146616963993,0.7392573308481997,9801916.017609106,pass,guided_256,paper_2d_200000_k8_it30_r1_m1p5,D:\AutoCluster-OMP\datasets\paper_gaussian\paper_2d_200000.csv,D:\AutoCluster-OMP\datasets\paper_gaussian\paper_2d_200000_cluster_labels.csv,8,2,30,1,1.5,631052.081317191
fuzzy-cmeans,auto,4,4.661000013,1.9562325626622994,0.48905814066557485,9801916.017609106,pass,guided_256,paper_2d_200000_k8_it30_r1_m1p5,D:\AutoCluster-OMP\datasets\paper_gaussian\paper_2d_200000.csv,D:\AutoCluster-OMP\datasets\paper_gaussian\paper_2d_200000_cluster_labels.csv,8,2,30,1,1.5,631052.081317191
fuzzy-cmeans,auto,8,4.19900012,2.1714693354188332,0.27143366692735416,9801916.017609106,pass,guided_256,paper_2d_200000_k8_it30_r1_m1p5,D:\AutoCluster-OMP\datasets\paper_gaussian\paper_2d_200000.csv,D:\AutoCluster-OMP\datasets\paper_gaussian\paper_2d_200000_cluster_labels.csv,8,2,30,1,1.5,631052.081317191
fuzzy-cmeans,sequential,1,7.132,1.0,1.0,9801833.621967902,reference,guided_256,paper_2d_200000_k8_it30_r1_m2p0,D:\AutoCluster-OMP\datasets\paper_gaussian\paper_2d_200000.csv,D:\AutoCluster-OMP\datasets\paper_gaussian\paper_2d_200000_cluster_labels.csv,8,2,30,1,2.0,551320.498882561
fuzzy-cmeans,manual,1,6.927000046,1.0295943341473452,1.0295943341473452,9801833.621967902,pass,guided_256,paper_2d_200000_k8_it30_r1_m2p0,D:\AutoCluster-OMP\datasets\paper_gaussian\paper_2d_200000.csv,D:\AutoCluster-OMP\datasets\paper_gaussian\paper_2d_200000_cluster_labels.csv,8,2,30,1,2.0,551320.498882561
fuzzy-cmeans,manual,2,3.82799983,1.8631139803368277,0.9315569901684139,9801833.621967902,pass,guided_256,paper_2d_200000_k8_it30_r1_m2p0,D:\AutoCluster-OMP\datasets\paper_gaussian\paper_2d_200000.csv,D:\AutoCluster-OMP\datasets\paper_gaussian\paper_2d_200000_cluster_labels.csv,8,2,30,1,2.0,551320.498882561
fuzzy-cmeans,manual,4,2.363000154,3.018197010240229,0.7545492525600572,9801833.621967902,pass,guided_256,paper_2d_200000_k8_it30_r1_m2p0,D:\AutoCluster-OMP\datasets\paper_gaussian\paper_2d_200000.csv,D:\AutoCluster-OMP\datasets\paper_gaussian\paper_2d_200000_cluster_labels.csv,8,2,30,1,2.0,551320.498882561
fuzzy-cmeans,manual,8,2.032000065,3.509842407411537,0.4387303009264421,9801833.621967902,pass,guided_256,paper_2d_200000_k8_it30_r1_m2p0,D:\AutoCluster-OMP\datasets\paper_gaussian\paper_2d_200000.csv,D:\AutoCluster-OMP\datasets\paper_gaussian\paper_2d_200000_cluster_labels.csv,8,2,30,1,2.0,551320.498882561
fuzzy-cmeans,auto,1,6.934000015,1.028554944414721,1.028554944414721,9801833.621967902,pass,guided_256,paper_2d_200000_k8_it30_r1_m2p0,D:\AutoCluster-OMP\datasets\paper_gaussian\paper_2d_200000.csv,D:\AutoCluster-OMP\datasets\paper_gaussian\paper_2d_200000_cluster_labels.csv,8,2,30,1,2.0,551320.498882561
fuzzy-cmeans,auto,2,3.825000048,1.8645751400001027,0.9322875700000514,9801833.621967902,pass,guided_256,paper_2d_200000_k8_it30_r1_m2p0,D:\AutoCluster-OMP\datasets\paper_gaussian\paper_2d_200000.csv,D:\AutoCluster-OMP\datasets\paper_gaussian\paper_2d_200000_cluster_labels.csv,8,2,30,1,2.0,551320.498882561
fuzzy-cmeans,auto,4,2.356000185,3.0271644482065265,0.7567911120516316,9801833.621967902,pass,guided_256,paper_2d_200000_k8_it30_r1_m2p0,D:\AutoCluster-OMP\datasets\paper_gaussian\paper_2d_200000.csv,D:\AutoCluster-OMP\datasets\paper_gaussian\paper_2d_200000_cluster_labels.csv,8,2,30,1,2.0,551320.498882561
fuzzy-cmeans,auto,8,1.930999994,3.693423108317213,0.46167788853965164,9801833.621967902,pass,guided_256,paper_2d_200000_k8_it30_r1_m2p0,D:\AutoCluster-OMP\datasets\paper_gaussian\paper_2d_200000.csv,D:\AutoCluster-OMP\datasets\paper_gaussian\paper_2d_200000_cluster_labels.csv,8,2,30,1,2.0,551320.498882561
fuzzy-cmeans,sequential,1,28.406,1.0,1.0,9804421.46086366,reference,guided_256,paper_2d_200000_k8_it30_r1_m2p5,D:\AutoCluster-OMP\datasets\paper_gaussian\paper_2d_200000.csv,D:\AutoCluster-OMP\datasets\paper_gaussian\paper_2d_200000_cluster_labels.csv,8,2,30,1,2.5,363002.298419437
fuzzy-cmeans,manual,1,28.436000109,0.998944995467541,0.998944995467541,9804421.46086366,pass,guided_256,paper_2d_200000_k8_it30_r1_m2p5,D:\AutoCluster-OMP\datasets\paper_gaussian\paper_2d_200000.csv,D:\AutoCluster-OMP\datasets\paper_gaussian\paper_2d_200000_cluster_labels.csv,8,2,30,1,2.5,363002.298419437
fuzzy-cmeans,manual,2,15.957999945,1.7800476311506843,0.8900238155753422,9804421.46086366,pass,guided_256,paper_2d_200000_k8_it30_r1_m2p5,D:\AutoCluster-OMP\datasets\paper_gaussian\paper_2d_200000.csv,D:\AutoCluster-OMP\datasets\paper_gaussian\paper_2d_200000_cluster_labels.csv,8,2,30,1,2.5,363002.298419437
fuzzy-cmeans,manual,4,9.628000021,2.950353130249541,0.7375882825623853,9804421.46086366,pass,guided_256,paper_2d_200000_k8_it30_r1_m2p5,D:\AutoCluster-OMP\datasets\paper_gaussian\paper_2d_200000.csv,D:\AutoCluster-OMP\datasets\paper_gaussian\paper_2d_200000_cluster_labels.csv,8,2,30,1,2.5,363002.298419437
fuzzy-cmeans,manual,8,7.080000162,4.012146800852008,0.501518350106501,9804421.46086366,pass,guided_256,paper_2d_200000_k8_it30_r1_m2p5,D:\AutoCluster-OMP\datasets\paper_gaussian\paper_2d_200000.csv,D:\AutoCluster-OMP\datasets\paper_gaussian\paper_2d_200000_cluster_labels.csv,8,2,30,1,2.5,363002.298419437
fuzzy-cmeans,auto,1,28.465000153,0.9979272737508212,0.9979272737508212,9804421.46086366,pass,guided_256,paper_2d_200000_k8_it30_r1_m2p5,D:\AutoCluster-OMP\datasets\paper_gaussian\paper_2d_200000.csv,D:\AutoCluster-OMP\datasets\paper_gaussian\paper_2d_200000_cluster_labels.csv,8,2,30,1,2.5,363002.298419437
fuzzy-cmeans,auto,2,15.857000113,1.7913854952117954,0.8956927476058977,9804421.46086366,pass,guided_256,paper_2d_200000_k8_it30_r1_m2p5,D:\AutoCluster-OMP\datasets\paper_gaussian\paper_2d_200000.csv,D:\AutoCluster-OMP\datasets\paper_gaussian\paper_2d_200000_cluster_labels.csv,8,2,30,1,2.5,363002.298419437
fuzzy-cmeans,auto,4,9.742000103,2.9158283411691315,0.7289570852922829,9804421.46086366,pass,guided_256,paper_2d_200000_k8_it30_r1_m2p5,D:\AutoCluster-OMP\datasets\paper_gaussian\paper_2d_200000.csv,D:\AutoCluster-OMP\datasets\paper_gaussian\paper_2d_200000_cluster_labels.csv,8,2,30,1,2.5,363002.298419437
fuzzy-cmeans,auto,8,6.892999887,4.120992378597437,0.5151240473246796,9804421.46086366,pass,guided_256,paper_2d_200000_k8_it30_r1_m2p5,D:\AutoCluster-OMP\datasets\paper_gaussian\paper_2d_200000.csv,D:\AutoCluster-OMP\datasets\paper_gaussian\paper_2d_200000_cluster_labels.csv,8,2,30,1,2.5,363002.298419437
fuzzy-cmeans,sequential,1,3.984,1.0,1.0,24499369.77595751,reference,guided_256,paper_2d_500000_k8_it5_r1_m1p5,D:\AutoCluster-OMP\datasets\paper_gaussian\paper_2d_500000.csv,D:\AutoCluster-OMP\datasets\paper_gaussian\paper_2d_500000_cluster_labels.csv,8,2,5,1,1.5,37586855.9710098
fuzzy-cmeans,manual,1,3.950999975,1.0083523222497615,1.0083523222497615,24499369.77595751,pass,guided_256,paper_2d_500000_k8_it5_r1_m1p5,D:\AutoCluster-OMP\datasets\paper_gaussian\paper_2d_500000.csv,D:\AutoCluster-OMP\datasets\paper_gaussian\paper_2d_500000_cluster_labels.csv,8,2,5,1,1.5,37586855.9710098
fuzzy-cmeans,manual,2,2.720999956,1.4641676091228868,0.7320838045614434,24499369.77595751,pass,guided_256,paper_2d_500000_k8_it5_r1_m1p5,D:\AutoCluster-OMP\datasets\paper_gaussian\paper_2d_500000.csv,D:\AutoCluster-OMP\datasets\paper_gaussian\paper_2d_500000_cluster_labels.csv,8,2,5,1,1.5,37586855.9710098
fuzzy-cmeans,manual,4,2.082000017,1.9135446529633722,0.47838616324084304,24499369.77595751,pass,guided_256,paper_2d_500000_k8_it5_r1_m1p5,D:\AutoCluster-OMP\datasets\paper_gaussian\paper_2d_500000.csv,D:\AutoCluster-OMP\datasets\paper_gaussian\paper_2d_500000_cluster_labels.csv,8,2,5,1,1.5,37586855.9710098
fuzzy-cmeans,manual,8,1.93900013,2.0546672165514503,0.2568334020689313,24499369.77595751,pass,guided_256,paper_2d_500000_k8_it5_r1_m1p5,D:\AutoCluster-OMP\datasets\paper_gaussian\paper_2d_500000.csv,D:\AutoCluster-OMP\datasets\paper_gaussian\paper_2d_500000_cluster_labels.csv,8,2,5,1,1.5,37586855.9710098
fuzzy-cmeans,auto,1,3.930000067,1.0137404407326693,1.0137404407326693,24499369.77595751,pass,guided_256,paper_2d_500000_k8_it5_r1_m1p5,D:\AutoCluster-OMP\datasets\paper_gaussian\paper_2d_500000.csv,D:\AutoCluster-OMP\datasets\paper_gaussian\paper_2d_500000_cluster_labels.csv,8,2,5,1,1.5,37586855.9710098
fuzzy-cmeans,auto,2,2.700999975,1.4750092694836103,0.7375046347418052,24499369.77595751,pass,guided_256,paper_2d_500000_k8_it5_r1_m1p5,D:\AutoCluster-OMP\datasets\paper_gaussian\paper_2d_500000.csv,D:\AutoCluster-OMP\datasets\paper_gaussian\paper_2d_500000_cluster_labels.csv,8,2,5,1,1.5,37586855.9710098
fuzzy-cmeans,auto,4,2.113999844,1.8845791362319515,0.4711447840579879,24499369.77595751,pass,guided_256,paper_2d_500000_k8_it5_r1_m1p5,D:\AutoCluster-OMP\datasets\paper_gaussian\paper_2d_500000.csv,D:\AutoCluster-OMP\datasets\paper_gaussian\paper_2d_500000_cluster_labels.csv,8,2,5,1,1.5,37586855.9710098
fuzzy-cmeans,auto,8,1.897000074,2.1001580625136023,0.2625197578142003,24499369.77595751,pass,guided_256,paper_2d_500000_k8_it5_r1_m1p5,D:\AutoCluster-OMP\datasets\paper_gaussian\paper_2d_500000.csv,D:\AutoCluster-OMP\datasets\paper_gaussian\paper_2d_500000_cluster_labels.csv,8,2,5,1,1.5,37586855.9710098
fuzzy-cmeans,sequential,1,3.028,1.0,1.0,24499883.06850861,reference,guided_256,paper_2d_500000_k8_it5_r1_m2p0,D:\AutoCluster-OMP\datasets\paper_gaussian\paper_2d_500000.csv,D:\AutoCluster-OMP\datasets\paper_gaussian\paper_2d_500000_cluster_labels.csv,8,2,5,1,2.0,13442947.318847405
fuzzy-cmeans,manual,1,2.911000013,1.0401923691094122,1.0401923691094122,24499883.06850861,pass,guided_256,paper_2d_500000_k8_it5_r1_m2p0,D:\AutoCluster-OMP\datasets\paper_gaussian\paper_2d_500000.csv,D:\AutoCluster-OMP\datasets\paper_gaussian\paper_2d_500000_cluster_labels.csv,8,2,5,1,2.0,13442947.318847405
fuzzy-cmeans,manual,2,1.648999929,1.836264481731218,0.918132240865609,24499883.06850861,pass,guided_256,paper_2d_500000_k8_it5_r1_m2p0,D:\AutoCluster-OMP\datasets\paper_gaussian\paper_2d_500000.csv,D:\AutoCluster-OMP\datasets\paper_gaussian\paper_2d_500000_cluster_labels.csv,8,2,5,1,2.0,13442947.318847405
fuzzy-cmeans,manual,4,1.034000158,2.9284328213806714,0.7321082053451679,24499883.06850861,pass,guided_256,paper_2d_500000_k8_it5_r1_m2p0,D:\AutoCluster-OMP\datasets\paper_gaussian\paper_2d_500000.csv,D:\AutoCluster-OMP\datasets\paper_gaussian\paper_2d_500000_cluster_labels.csv,8,2,5,1,2.0,13442947.318847405
fuzzy-cmeans,manual,8,0.907000065,3.338478261299794,0.41730978266247426,24499883.06850861,pass,guided_256,paper_2d_500000_k8_it5_r1_m2p0,D:\AutoCluster-OMP\datasets\paper_gaussian\paper_2d_500000.csv,D:\AutoCluster-OMP\datasets\paper_gaussian\paper_2d_500000_cluster_labels.csv,8,2,5,1,2.0,13442947.318847405
fuzzy-cmeans,auto,1,2.994000196,1.011355979216509,1.011355979216509,24499883.06850861,pass,guided_256,paper_2d_500000_k8_it5_r1_m2p0,D:\AutoCluster-OMP\datasets\paper_gaussian\paper_2d_500000.csv,D:\AutoCluster-OMP\datasets\paper_gaussian\paper_2d_500000_cluster_labels.csv,8,2,5,1,2.0,13442947.318847405
fuzzy-cmeans,auto,2,1.67200017,1.8110046005557523,0.9055023002778761,24499883.06850861,pass,guided_256,paper_2d_500000_k8_it5_r1_m2p0,D:\AutoCluster-OMP\datasets\paper_gaussian\paper_2d_500000.csv,D:\AutoCluster-OMP\datasets\paper_gaussian\paper_2d_500000_cluster_labels.csv,8,2,5,1,2.0,13442947.318847405
fuzzy-cmeans,auto,4,1.050000191,2.883808999230934,0.7209522498077335,24499883.06850861,pass,guided_256,paper_2d_500000_k8_it5_r1_m2p0,D:\AutoCluster-OMP\datasets\paper_gaussian\paper_2d_500000.csv,D:\AutoCluster-OMP\datasets\paper_gaussian\paper_2d_500000_cluster_labels.csv,8,2,5,1,2.0,13442947.318847405
fuzzy-cmeans,auto,8,0.838000059,3.613364900729679,0.4516706125912099,24499883.06850861,pass,guided_256,paper_2d_500000_k8_it5_r1_m2p0,D:\AutoCluster-OMP\datasets\paper_gaussian\paper_2d_500000.csv,D:\AutoCluster-OMP\datasets\paper_gaussian\paper_2d_500000_cluster_labels.csv,8,2,5,1,2.0,13442947.318847405
fuzzy-cmeans,sequential,1,13.726,1.0,1.0,24499918.442399036,reference,guided_256,paper_2d_500000_k8_it5_r1_m2p5,D:\AutoCluster-OMP\datasets\paper_gaussian\paper_2d_500000.csv,D:\AutoCluster-OMP\datasets\paper_gaussian\paper_2d_500000_cluster_labels.csv,8,2,5,1,2.5,4754104.852655317
fuzzy-cmeans,manual,1,13.660000086,1.0048316188568434,1.0048316188568434,24499918.442399036,pass,guided_256,paper_2d_500000_k8_it5_r1_m2p5,D:\AutoCluster-OMP\datasets\paper_gaussian\paper_2d_500000.csv,D:\AutoCluster-OMP\datasets\paper_gaussian\paper_2d_500000_cluster_labels.csv,8,2,5,1,2.5,4754104.852655317
fuzzy-cmeans,manual,2,7.675000191,1.7884038642885816,0.8942019321442908,24499918.442399036,pass,guided_256,paper_2d_500000_k8_it5_r1_m2p5,D:\AutoCluster-OMP\datasets\paper_gaussian\paper_2d_500000.csv,D:\AutoCluster-OMP\datasets\paper_gaussian\paper_2d_500000_cluster_labels.csv,8,2,5,1,2.5,4754104.852655317
fuzzy-cmeans,manual,4,4.654000044,2.949290904647873,0.7373227261619683,24499918.442399036,pass,guided_256,paper_2d_500000_k8_it5_r1_m2p5,D:\AutoCluster-OMP\datasets\paper_gaussian\paper_2d_500000.csv,D:\AutoCluster-OMP\datasets\paper_gaussian\paper_2d_500000_cluster_labels.csv,8,2,5,1,2.5,4754104.852655317
fuzzy-cmeans,manual,8,3.304999828,4.153101577710581,0.5191376972138226,24499918.442399036,pass,guided_256,paper_2d_500000_k8_it5_r1_m2p5,D:\AutoCluster-OMP\datasets\paper_gaussian\paper_2d_500000.csv,D:\AutoCluster-OMP\datasets\paper_gaussian\paper_2d_500000_cluster_labels.csv,8,2,5,1,2.5,4754104.852655317
fuzzy-cmeans,auto,1,13.655999899,1.0051259593964355,1.0051259593964355,24499918.442399036,pass,guided_256,paper_2d_500000_k8_it5_r1_m2p5,D:\AutoCluster-OMP\datasets\paper_gaussian\paper_2d_500000.csv,D:\AutoCluster-OMP\datasets\paper_gaussian\paper_2d_500000_cluster_labels.csv,8,2,5,1,2.5,4754104.852655317
fuzzy-cmeans,auto,2,7.654999971,1.793076427432948,0.896538213716474,24499918.442399036,pass,guided_256,paper_2d_500000_k8_it5_r1_m2p5,D:\AutoCluster-OMP\datasets\paper_gaussian\paper_2d_500000.csv,D:\AutoCluster-OMP\datasets\paper_gaussian\paper_2d_500000_cluster_labels.csv,8,2,5,1,2.5,4754104.852655317
fuzzy-cmeans,auto,4,4.617000103,2.9729260761941987,0.7432315190485497,24499918.442399036,pass,guided_256,paper_2d_500000_k8_it5_r1_m2p5,D:\AutoCluster-OMP\datasets\paper_gaussian\paper_2d_500000.csv,D:\AutoCluster-OMP\datasets\paper_gaussian\paper_2d_500000_cluster_labels.csv,8,2,5,1,2.5,4754104.852655317
fuzzy-cmeans,auto,8,3.187000036,4.306871617493763,0.5383589521867204,24499918.442399036,pass,guided_256,paper_2d_500000_k8_it5_r1_m2p5,D:\AutoCluster-OMP\datasets\paper_gaussian\paper_2d_500000.csv,D:\AutoCluster-OMP\datasets\paper_gaussian\paper_2d_500000_cluster_labels.csv,8,2,5,1,2.5,4754104.852655317
fuzzy-cmeans,sequential,1,11.452,1.0,1.0,24497252.91362622,reference,guided_256,paper_2d_500000_k8_it15_r1_m1p5,D:\AutoCluster-OMP\datasets\paper_gaussian\paper_2d_500000.csv,D:\AutoCluster-OMP\datasets\paper_gaussian\paper_2d_500000_cluster_labels.csv,8,2,15,1,1.5,6233879.404833922
fuzzy-cmeans,manual,1,11.437000036,1.001311529592794,1.001311529592794,24497252.91362622,pass,guided_256,paper_2d_500000_k8_it15_r1_m1p5,D:\AutoCluster-OMP\datasets\paper_gaussian\paper_2d_500000.csv,D:\AutoCluster-OMP\datasets\paper_gaussian\paper_2d_500000_cluster_labels.csv,8,2,15,1,1.5,6233879.404833922
fuzzy-cmeans,manual,2,7.787999868,1.4704674106447995,0.7352337053223997,24497252.91362622,pass,guided_256,paper_2d_500000_k8_it15_r1_m1p5,D:\AutoCluster-OMP\datasets\paper_gaussian\paper_2d_500000.csv,D:\AutoCluster-OMP\datasets\paper_gaussian\paper_2d_500000_cluster_labels.csv,8,2,15,1,1.5,6233879.404833922
fuzzy-cmeans,manual,4,5.919999838,1.9344595123956827,0.4836148780989207,24497252.91362622,pass,guided_256,paper_2d_500000_k8_it15_r1_m1p5,D:\AutoCluster-OMP\datasets\paper_gaussian\paper_2d_500000.csv,D:\AutoCluster-OMP\datasets\paper_gaussian\paper_2d_500000_cluster_labels.csv,8,2,15,1,1.5,6233879.404833922
fuzzy-cmeans,manual,8,5.47300005,2.0924538453092105,0.2615567306636513,24497252.91362622,pass,guided_256,paper_2d_500000_k8_it15_r1_m1p5,D:\AutoCluster-OMP\datasets\paper_gaussian\paper_2d_500000.csv,D:\AutoCluster-OMP\datasets\paper_gaussian\paper_2d_500000_cluster_labels.csv,8,2,15,1,1.5,6233879.404833922
fuzzy-cmeans,auto,1,11.416000128,1.0031534575680061,1.0031534575680061,24497252.91362622,pass,guided_256,paper_2d_500000_k8_it15_r1_m1p5,D:\AutoCluster-OMP\datasets\paper_gaussian\paper_2d_500000.csv,D:\AutoCluster-OMP\datasets\paper_gaussian\paper_2d_500000_cluster_labels.csv,8,2,15,1,1.5,6233879.404833922
fuzzy-cmeans,auto,2,7.651000023,1.496797799709012,0.748398899854506,24497252.91362622,pass,guided_256,paper_2d_500000_k8_it15_r1_m1p5,D:\AutoCluster-OMP\datasets\paper_gaussian\paper_2d_500000.csv,D:\AutoCluster-OMP\datasets\paper_gaussian\paper_2d_500000_cluster_labels.csv,8,2,15,1,1.5,6233879.404833922
fuzzy-cmeans,auto,4,5.828000069,1.9649965450266367,0.49124913625665917,24497252.91362622,pass,guided_256,paper_2d_500000_k8_it15_r1_m1p5,D:\AutoCluster-OMP\datasets\paper_gaussian\paper_2d_500000.csv,D:\AutoCluster-OMP\datasets\paper_gaussian\paper_2d_500000_cluster_labels.csv,8,2,15,1,1.5,6233879.404833922
fuzzy-cmeans,auto,8,5.303999901,2.1591252288373677,0.26989065360467096,24497252.91362622,pass,guided_256,paper_2d_500000_k8_it15_r1_m1p5,D:\AutoCluster-OMP\datasets\paper_gaussian\paper_2d_500000.csv,D:\AutoCluster-OMP\datasets\paper_gaussian\paper_2d_500000_cluster_labels.csv,8,2,15,1,1.5,6233879.404833922
fuzzy-cmeans,sequential,1,8.699,1.0,1.0,24491736.266443994,reference,guided_256,paper_2d_500000_k8_it15_r1_m2p0,D:\AutoCluster-OMP\datasets\paper_gaussian\paper_2d_500000.csv,D:\AutoCluster-OMP\datasets\paper_gaussian\paper_2d_500000_cluster_labels.csv,8,2,15,1,2.0,3970598.29737395
fuzzy-cmeans,manual,1,8.644999981,1.006246387405284,1.006246387405284,24491736.266443994,pass,guided_256,paper_2d_500000_k8_it15_r1_m2p0,D:\AutoCluster-OMP\datasets\paper_gaussian\paper_2d_500000.csv,D:\AutoCluster-OMP\datasets\paper_gaussian\paper_2d_500000_cluster_labels.csv,8,2,15,1,2.0,3970598.29737395
fuzzy-cmeans,manual,2,4.809000015,1.808899973563423,0.9044499867817115,24491736.266443994,pass,guided_256,paper_2d_500000_k8_it15_r1_m2p0,D:\AutoCluster-OMP\datasets\paper_gaussian\paper_2d_500000.csv,D:\AutoCluster-OMP\datasets\paper_gaussian\paper_2d_500000_cluster_labels.csv,8,2,15,1,2.0,3970598.29737395
fuzzy-cmeans,manual,4,2.976999998,2.922069199141464,0.730517299785366,24491736.266443994,pass,guided_256,paper_2d_500000_k8_it15_r1_m2p0,D:\AutoCluster-OMP\datasets\paper_gaussian\paper_2d_500000.csv,D:\AutoCluster-OMP\datasets\paper_gaussian\paper_2d_500000_cluster_labels.csv,8,2,15,1,2.0,3970598.29737395
fuzzy-cmeans,manual,8,2.580999851,3.370399264699531,0.4212999080874414,24491736.266443994,pass,guided_256,paper_2d_500000_k8_it15_r1_m2p0,D:\AutoCluster-OMP\datasets\paper_gaussian\paper_2d_500000.csv,D:\AutoCluster-OMP\datasets\paper_gaussian\paper_2d_500000_cluster_labels.csv,8,2,15,1,2.0,3970598.29737395
fuzzy-cmeans,auto,1,8.65199995,1.0054322758057805,1.0054322758057805,24491736.266443994,pass,guided_256,paper_2d_500000_k8_it15_r1_m2p0,D:\AutoCluster-OMP\datasets\paper_gaussian\paper_2d_500000.csv,D:\AutoCluster-OMP\datasets\paper_gaussian\paper_2d_500000_cluster_labels.csv,8,2,15,1,2.0,3970598.29737395
fuzzy-cmeans,auto,2,4.904000044,1.773858059125254,0.886929029562627,24491736.266443994,pass,guided_256,paper_2d_500000_k8_it15_r1_m2p0,D:\AutoCluster-OMP\datasets\paper_gaussian\paper_2d_500000.csv,D:\AutoCluster-OMP\datasets\paper_gaussian\paper_2d_500000_cluster_labels.csv,8,2,15,1,2.0,3970598.29737395
fuzzy-cmeans,auto,4,2.982000113,2.917169574232005,0.7292923935580012,24491736.266443994,pass,guided_256,paper_2d_500000_k8_it15_r1_m2p0,D:\AutoCluster-OMP\datasets\paper_gaussian\paper_2d_500000.csv,D:\AutoCluster-OMP\datasets\paper_gaussian\paper_2d_500000_cluster_labels.csv,8,2,15,1,2.0,3970598.29737395
fuzzy-cmeans,auto,8,2.393000126,3.635185767641702,0.45439822095521276,24491736.266443994,pass,guided_256,paper_2d_500000_k8_it15_r1_m2p0,D:\AutoCluster-OMP\datasets\paper_gaussian\paper_2d_500000.csv,D:\AutoCluster-OMP\datasets\paper_gaussian\paper_2d_500000_cluster_labels.csv,8,2,15,1,2.0,3970598.29737395
fuzzy-cmeans,sequential,1,38.737,1.0,1.0,24495039.85562497,reference,guided_256,paper_2d_500000_k8_it15_r1_m2p5,D:\AutoCluster-OMP\datasets\paper_gaussian\paper_2d_500000.csv,D:\AutoCluster-OMP\datasets\paper_gaussian\paper_2d_500000_cluster_labels.csv,8,2,15,1,2.5,3663576.386778053
fuzzy-cmeans,manual,1,39.006000042,0.993103624013989,0.993103624013989,24495039.85562497,pass,guided_256,paper_2d_500000_k8_it15_r1_m2p5,D:\AutoCluster-OMP\datasets\paper_gaussian\paper_2d_500000.csv,D:\AutoCluster-OMP\datasets\paper_gaussian\paper_2d_500000_cluster_labels.csv,8,2,15,1,2.5,3663576.386778053
fuzzy-cmeans,manual,2,21.347999811,1.8145493883712682,0.9072746941856341,24495039.85562497,pass,guided_256,paper_2d_500000_k8_it15_r1_m2p5,D:\AutoCluster-OMP\datasets\paper_gaussian\paper_2d_500000.csv,D:\AutoCluster-OMP\datasets\paper_gaussian\paper_2d_500000_cluster_labels.csv,8,2,15,1,2.5,3663576.386778053
fuzzy-cmeans,manual,4,12.917000055,2.998916144233151,0.7497290360582878,24495039.85562497,pass,guided_256,paper_2d_500000_k8_it15_r1_m2p5,D:\AutoCluster-OMP\datasets\paper_gaussian\paper_2d_500000.csv,D:\AutoCluster-OMP\datasets\paper_gaussian\paper_2d_500000_cluster_labels.csv,8,2,15,1,2.5,3663576.386778053
fuzzy-cmeans,manual,8,9.311000109,4.160347926809374,0.5200434908511717,24495039.85562497,pass,guided_256,paper_2d_500000_k8_it15_r1_m2p5,D:\AutoCluster-OMP\datasets\paper_gaussian\paper_2d_500000.csv,D:\AutoCluster-OMP\datasets\paper_gaussian\paper_2d_500000_cluster_labels.csv,8,2,15,1,2.5,3663576.386778053
fuzzy-cmeans,auto,1,39.498999834,0.9807083764854196,0.9807083764854196,24495039.85562497,pass,guided_256,paper_2d_500000_k8_it15_r1_m2p5,D:\AutoCluster-OMP\datasets\paper_gaussian\paper_2d_500000.csv,D:\AutoCluster-OMP\datasets\paper_gaussian\paper_2d_500000_cluster_labels.csv,8,2,15,1,2.5,3663576.386778053
fuzzy-cmeans,auto,2,23.110000134,1.676200769164392,0.838100384582196,24495039.85562497,pass,guided_256,paper_2d_500000_k8_it15_r1_m2p5,D:\AutoCluster-OMP\datasets\paper_gaussian\paper_2d_500000.csv,D:\AutoCluster-OMP\datasets\paper_gaussian\paper_2d_500000_cluster_labels.csv,8,2,15,1,2.5,3663576.386778053
fuzzy-cmeans,auto,4,13.587999821,2.850824294252101,0.7127060735630253,24495039.85562497,pass,guided_256,paper_2d_500000_k8_it15_r1_m2p5,D:\AutoCluster-OMP\datasets\paper_gaussian\paper_2d_500000.csv,D:\AutoCluster-OMP\datasets\paper_gaussian\paper_2d_500000_cluster_labels.csv,8,2,15,1,2.5,3663576.386778053
fuzzy-cmeans,auto,8,9.305999994,4.162583282288362,0.5203229102860453,24495039.85562497,pass,guided_256,paper_2d_500000_k8_it15_r1_m2p5,D:\AutoCluster-OMP\datasets\paper_gaussian\paper_2d_500000.csv,D:\AutoCluster-OMP\datasets\paper_gaussian\paper_2d_500000_cluster_labels.csv,8,2,15,1,2.5,3663576.386778053
fuzzy-cmeans,sequential,1,23.701,1.0,1.0,24499352.988296572,reference,guided_256,paper_2d_500000_k8_it30_r1_m1p5,D:\AutoCluster-OMP\datasets\paper_gaussian\paper_2d_500000.csv,D:\AutoCluster-OMP\datasets\paper_gaussian\paper_2d_500000_cluster_labels.csv,8,2,30,1,1.5,6036806.181578259
fuzzy-cmeans,manual,1,24.130000114,0.9822212966442923,0.9822212966442923,24499352.988296572,pass,guided_256,paper_2d_500000_k8_it30_r1_m1p5,D:\AutoCluster-OMP\datasets\paper_gaussian\paper_2d_500000.csv,D:\AutoCluster-OMP\datasets\paper_gaussian\paper_2d_500000_cluster_labels.csv,8,2,30,1,1.5,6036806.181578259
fuzzy-cmeans,manual,2,15.786999941,1.501298542381492,0.750649271190746,24499352.988296572,pass,guided_256,paper_2d_500000_k8_it30_r1_m1p5,D:\AutoCluster-OMP\datasets\paper_gaussian\paper_2d_500000.csv,D:\AutoCluster-OMP\datasets\paper_gaussian\paper_2d_500000_cluster_labels.csv,8,2,30,1,1.5,6036806.181578259
fuzzy-cmeans,manual,4,12.014000177,1.9727817255549889,0.4931954313887472,24499352.988296572,pass,guided_256,paper_2d_500000_k8_it30_r1_m1p5,D:\AutoCluster-OMP\datasets\paper_gaussian\paper_2d_500000.csv,D:\AutoCluster-OMP\datasets\paper_gaussian\paper_2d_500000_cluster_labels.csv,8,2,30,1,1.5,6036806.181578259
fuzzy-cmeans,manual,8,11.215000153,2.1133303322925063,0.2641662915365633,24499352.988296572,pass,guided_256,paper_2d_500000_k8_it30_r1_m1p5,D:\AutoCluster-OMP\datasets\paper_gaussian\paper_2d_500000.csv,D:\AutoCluster-OMP\datasets\paper_gaussian\paper_2d_500000_cluster_labels.csv,8,2,30,1,1.5,6036806.181578259
fuzzy-cmeans,auto,1,23.71600008,0.9993675122301653,0.9993675122301653,24499352.988296572,pass,guided_256,paper_2d_500000_k8_it30_r1_m1p5,D:\AutoCluster-OMP\datasets\paper_gaussian\paper_2d_500000.csv,D:\AutoCluster-OMP\datasets\paper_gaussian\paper_2d_500000_cluster_labels.csv,8,2,30,1,1.5,6036806.181578259
fuzzy-cmeans,auto,2,16.020999908,1.4793708342863814,0.7396854171431907,24499352.988296572,pass,guided_256,paper_2d_500000_k8_it30_r1_m1p5,D:\AutoCluster-OMP\datasets\paper_gaussian\paper_2d_500000.csv,D:\AutoCluster-OMP\datasets\paper_gaussian\paper_2d_500000_cluster_labels.csv,8,2,30,1,1.5,6036806.181578259
fuzzy-cmeans,auto,4,11.680999994,2.029021488928527,0.5072553722321318,24499352.988296572,pass,guided_256,paper_2d_500000_k8_it30_r1_m1p5,D:\AutoCluster-OMP\datasets\paper_gaussian\paper_2d_500000.csv,D:\AutoCluster-OMP\datasets\paper_gaussian\paper_2d_500000_cluster_labels.csv,8,2,30,1,1.5,6036806.181578259
fuzzy-cmeans,auto,8,10.554999828,2.2454761142796675,0.28068451428495844,24499352.988296572,pass,guided_256,paper_2d_500000_k8_it30_r1_m1p5,D:\AutoCluster-OMP\datasets\paper_gaussian\paper_2d_500000.csv,D:\AutoCluster-OMP\datasets\paper_gaussian\paper_2d_500000_cluster_labels.csv,8,2,30,1,1.5,6036806.181578259
fuzzy-cmeans,sequential,1,18.228,1.0,1.0,24490633.45404984,reference,guided_256,paper_2d_500000_k8_it30_r1_m2p0,D:\AutoCluster-OMP\datasets\paper_gaussian\paper_2d_500000.csv,D:\AutoCluster-OMP\datasets\paper_gaussian\paper_2d_500000_cluster_labels.csv,8,2,30,1,2.0,1376355.85522316
fuzzy-cmeans,manual,1,17.964999914,1.0146395818123577,1.0146395818123577,24490633.45404984,pass,guided_256,paper_2d_500000_k8_it30_r1_m2p0,D:\AutoCluster-OMP\datasets\paper_gaussian\paper_2d_500000.csv,D:\AutoCluster-OMP\datasets\paper_gaussian\paper_2d_500000_cluster_labels.csv,8,2,30,1,2.0,1376355.85522316
fuzzy-cmeans,manual,2,10.100000143,1.804752449695089,0.9023762248475445,24490633.45404984,pass,guided_256,paper_2d_500000_k8_it30_r1_m2p0,D:\AutoCluster-OMP\datasets\paper_gaussian\paper_2d_500000.csv,D:\AutoCluster-OMP\datasets\paper_gaussian\paper_2d_500000_cluster_labels.csv,8,2,30,1,2.0,1376355.85522316
fuzzy-cmeans,manual,4,6.590999842,2.765589506442595,0.6913973766106487,24490633.45404984,pass,guided_256,paper_2d_500000_k8_it30_r1_m2p0,D:\AutoCluster-OMP\datasets\paper_gaussian\paper_2d_500000.csv,D:\AutoCluster-OMP\datasets\paper_gaussian\paper_2d_500000_cluster_labels.csv,8,2,30,1,2.0,1376355.85522316
fuzzy-cmeans,manual,8,5.049000025,3.6102198276380486,0.4512774784547561,24490633.45404984,pass,guided_256,paper_2d_500000_k8_it30_r1_m2p0,D:\AutoCluster-OMP\datasets\paper_gaussian\paper_2d_500000.csv,D:\AutoCluster-OMP\datasets\paper_gaussian\paper_2d_500000_cluster_labels.csv,8,2,30,1,2.0,1376355.85522316
fuzzy-cmeans,auto,1,18.258000135,0.998356877271433,0.998356877271433,24490633.45404984,pass,guided_256,paper_2d_500000_k8_it30_r1_m2p0,D:\AutoCluster-OMP\datasets\paper_gaussian\paper_2d_500000.csv,D:\AutoCluster-OMP\datasets\paper_gaussian\paper_2d_500000_cluster_labels.csv,8,2,30,1,2.0,1376355.85522316
fuzzy-cmeans,auto,2,10.036000013,1.816261456395835,0.9081307281979175,24490633.45404984,pass,guided_256,paper_2d_500000_k8_it30_r1_m2p0,D:\AutoCluster-OMP\datasets\paper_gaussian\paper_2d_500000.csv,D:\AutoCluster-OMP\datasets\paper_gaussian\paper_2d_500000_cluster_labels.csv,8,2,30,1,2.0,1376355.85522316
fuzzy-cmeans,auto,4,6.345999956,2.8723605619892636,0.7180901404973159,24490633.45404984,pass,guided_256,paper_2d_500000_k8_it30_r1_m2p0,D:\AutoCluster-OMP\datasets\paper_gaussian\paper_2d_500000.csv,D:\AutoCluster-OMP\datasets\paper_gaussian\paper_2d_500000_cluster_labels.csv,8,2,30,1,2.0,1376355.85522316
fuzzy-cmeans,auto,8,5.129999876,3.5532164601557197,0.44415205751946496,24490633.45404984,pass,guided_256,paper_2d_500000_k8_it30_r1_m2p0,D:\AutoCluster-OMP\datasets\paper_gaussian\paper_2d_500000.csv,D:\AutoCluster-OMP\datasets\paper_gaussian\paper_2d_500000_cluster_labels.csv,8,2,30,1,2.0,1376355.85522316
fuzzy-cmeans,sequential,1,73.031,1.0,1.0,24497737.91985893,reference,guided_256,paper_2d_500000_k8_it30_r1_m2p5,D:\AutoCluster-OMP\datasets\paper_gaussian\paper_2d_500000.csv,D:\AutoCluster-OMP\datasets\paper_gaussian\paper_2d_500000_cluster_labels.csv,8,2,30,1,2.5,906160.126813226
fuzzy-cmeans,manual,1,73.959000111,0.9874525059883554,0.9874525059883554,24497737.91985893,pass,guided_256,paper_2d_500000_k8_it30_r1_m2p5,D:\AutoCluster-OMP\datasets\paper_gaussian\paper_2d_500000.csv,D:\AutoCluster-OMP\datasets\paper_gaussian\paper_2d_500000_cluster_labels.csv,8,2,30,1,2.5,906160.126813226
fuzzy-cmeans,manual,2,41.927000046,1.7418608514769576,0.8709304257384788,24497737.91985893,pass,guided_256,paper_2d_500000_k8_it30_r1_m2p5,D:\AutoCluster-OMP\datasets\paper_gaussian\paper_2d_500000.csv,D:\AutoCluster-OMP\datasets\paper_gaussian\paper_2d_500000_cluster_labels.csv,8,2,30,1,2.5,906160.126813226
fuzzy-cmeans,manual,4,25.269999981,2.890027703003978,0.7225069257509945,24497737.91985893,pass,guided_256,paper_2d_500000_k8_it30_r1_m2p5,D:\AutoCluster-OMP\datasets\paper_gaussian\paper_2d_500000.csv,D:\AutoCluster-OMP\datasets\paper_gaussian\paper_2d_500000_cluster_labels.csv,8,2,30,1,2.5,906160.126813226
fuzzy-cmeans,manual,8,18.294999838,3.9918557336256155,0.49898196670320194,24497737.91985893,pass,guided_256,paper_2d_500000_k8_it30_r1_m2p5,D:\AutoCluster-OMP\datasets\paper_gaussian\paper_2d_500000.csv,D:\AutoCluster-OMP\datasets\paper_gaussian\paper_2d_500000_cluster_labels.csv,8,2,30,1,2.5,906160.126813226
fuzzy-cmeans,auto,1,73.201999903,0.9976639995734189,0.9976639995734189,24497737.91985893,pass,guided_256,paper_2d_500000_k8_it30_r1_m2p5,D:\AutoCluster-OMP\datasets\paper_gaussian\paper_2d_500000.csv,D:\AutoCluster-OMP\datasets\paper_gaussian\paper_2d_500000_cluster_labels.csv,8,2,30,1,2.5,906160.126813226
fuzzy-cmeans,auto,2,40.163000107,1.8183651571206068,0.9091825785603034,24497737.91985893,pass,guided_256,paper_2d_500000_k8_it30_r1_m2p5,D:\AutoCluster-OMP\datasets\paper_gaussian\paper_2d_500000.csv,D:\AutoCluster-OMP\datasets\paper_gaussian\paper_2d_500000_cluster_labels.csv,8,2,30,1,2.5,906160.126813226
fuzzy-cmeans,auto,4,24.250999928,3.0114634537472837,0.7528658634368209,24497737.91985893,pass,guided_256,paper_2d_500000_k8_it30_r1_m2p5,D:\AutoCluster-OMP\datasets\paper_gaussian\paper_2d_500000.csv,D:\AutoCluster-OMP\datasets\paper_gaussian\paper_2d_500000_cluster_labels.csv,8,2,30,1,2.5,906160.126813226
fuzzy-cmeans,auto,8,17.0,4.295941176470588,0.5369926470588235,24497737.91985893,pass,guided_256,paper_2d_500000_k8_it30_r1_m2p5,D:\AutoCluster-OMP\datasets\paper_gaussian\paper_2d_500000.csv,D:\AutoCluster-OMP\datasets\paper_gaussian\paper_2d_500000_cluster_labels.csv,8,2,30,1,2.5,906160.126813226
fuzzy-cmeans,sequential,1,0.813,1.0,1.0,4899683.652187993,reference,auto,paper_2d_100000_k8_it5_r1_m1p5,D:\AutoCluster-OMP\datasets\paper_gaussian\paper_2d_100000.csv,D:\AutoCluster-OMP\datasets\paper_gaussian\paper_2d_100000_cluster_labels.csv,8,2,5,1,1.5,7310156.790495641
fuzzy-cmeans,manual,1,0.815999985,0.9963235477265356,0.9963235477265356,4899683.652187993,pass,auto,paper_2d_100000_k8_it5_r1_m1p5,D:\AutoCluster-OMP\datasets\paper_gaussian\paper_2d_100000.csv,D:\AutoCluster-OMP\datasets\paper_gaussian\paper_2d_100000_cluster_labels.csv,8,2,5,1,1.5,7310156.790495641
fuzzy-cmeans,manual,2,0.56400013,1.441489029444018,0.720744514722009,4899683.652187993,pass,auto,paper_2d_100000_k8_it5_r1_m1p5,D:\AutoCluster-OMP\datasets\paper_gaussian\paper_2d_100000.csv,D:\AutoCluster-OMP\datasets\paper_gaussian\paper_2d_100000_cluster_labels.csv,8,2,5,1,1.5,7310156.790495641
fuzzy-cmeans,manual,4,0.427999973,1.899532830110716,0.474883207527679,4899683.652187993,pass,auto,paper_2d_100000_k8_it5_r1_m1p5,D:\AutoCluster-OMP\datasets\paper_gaussian\paper_2d_100000.csv,D:\AutoCluster-OMP\datasets\paper_gaussian\paper_2d_100000_cluster_labels.csv,8,2,5,1,1.5,7310156.790495641
fuzzy-cmeans,manual,8,0.40199995,2.0223883112423273,0.2527985389052909,4899683.652187993,pass,auto,paper_2d_100000_k8_it5_r1_m1p5,D:\AutoCluster-OMP\datasets\paper_gaussian\paper_2d_100000.csv,D:\AutoCluster-OMP\datasets\paper_gaussian\paper_2d_100000_cluster_labels.csv,8,2,5,1,1.5,7310156.790495641
fuzzy-cmeans,auto,1,0.802000046,1.0137156525799003,1.0137156525799003,4899683.652187993,pass,auto,paper_2d_100000_k8_it5_r1_m1p5,D:\AutoCluster-OMP\datasets\paper_gaussian\paper_2d_100000.csv,D:\AutoCluster-OMP\datasets\paper_gaussian\paper_2d_100000_cluster_labels.csv,8,2,5,1,1.5,7310156.790495641
fuzzy-cmeans,auto,2,0.529999971,1.5339623480847322,0.7669811740423661,4899683.652187993,pass,auto,paper_2d_100000_k8_it5_r1_m1p5,D:\AutoCluster-OMP\datasets\paper_gaussian\paper_2d_100000.csv,D:\AutoCluster-OMP\datasets\paper_gaussian\paper_2d_100000_cluster_labels.csv,8,2,5,1,1.5,7310156.790495641
fuzzy-cmeans,auto,4,0.416000128,1.954326321745747,0.48858158043643674,4899683.652187993,pass,auto,paper_2d_100000_k8_it5_r1_m1p5,D:\AutoCluster-OMP\datasets\paper_gaussian\paper_2d_100000.csv,D:\AutoCluster-OMP\datasets\paper_gaussian\paper_2d_100000_cluster_labels.csv,8,2,5,1,1.5,7310156.790495641
fuzzy-cmeans,auto,8,0.402999878,2.0173703377647176,0.2521712922205897,4899683.652187993,pass,auto,paper_2d_100000_k8_it5_r1_m1p5,D:\AutoCluster-OMP\datasets\paper_gaussian\paper_2d_100000.csv,D:\AutoCluster-OMP\datasets\paper_gaussian\paper_2d_100000_cluster_labels.csv,8,2,5,1,1.5,7310156.790495641
fuzzy-cmeans,sequential,1,0.612,1.0,1.0,4899864.591803282,reference,auto,paper_2d_100000_k8_it5_r1_m2p0,D:\AutoCluster-OMP\datasets\paper_gaussian\paper_2d_100000.csv,D:\AutoCluster-OMP\datasets\paper_gaussian\paper_2d_100000_cluster_labels.csv,8,2,5,1,2.0,2686651.71409393
fuzzy-cmeans,manual,1,0.620000124,0.9870965767742329,0.9870965767742329,4899864.591803282,pass,auto,paper_2d_100000_k8_it5_r1_m2p0,D:\AutoCluster-OMP\datasets\paper_gaussian\paper_2d_100000.csv,D:\AutoCluster-OMP\datasets\paper_gaussian\paper_2d_100000_cluster_labels.csv,8,2,5,1,2.0,2686651.71409393
fuzzy-cmeans,manual,2,0.335999966,1.8214287557398146,0.9107143778699073,4899864.591803282,pass,auto,paper_2d_100000_k8_it5_r1_m2p0,D:\AutoCluster-OMP\datasets\paper_gaussian\paper_2d_100000.csv,D:\AutoCluster-OMP\datasets\paper_gaussian\paper_2d_100000_cluster_labels.csv,8,2,5,1,2.0,2686651.71409393
fuzzy-cmeans,manual,4,0.211999893,2.886793909844096,0.721698477461024,4899864.591803282,pass,auto,paper_2d_100000_k8_it5_r1_m2p0,D:\AutoCluster-OMP\datasets\paper_gaussian\paper_2d_100000.csv,D:\AutoCluster-OMP\datasets\paper_gaussian\paper_2d_100000_cluster_labels.csv,8,2,5,1,2.0,2686651.71409393
fuzzy-cmeans,manual,8,0.184000015,3.3260866853733684,0.41576083567167105,4899864.591803282,pass,auto,paper_2d_100000_k8_it5_r1_m2p0,D:\AutoCluster-OMP\datasets\paper_gaussian\paper_2d_100000.csv,D:\AutoCluster-OMP\datasets\paper_gaussian\paper_2d_100000_cluster_labels.csv,8,2,5,1,2.0,2686651.71409393
fuzzy-cmeans,auto,1,0.599999905,1.0200001615000256,1.0200001615000256,4899864.591803282,pass,auto,paper_2d_100000_k8_it5_r1_m2p0,D:\AutoCluster-OMP\datasets\paper_gaussian\paper_2d_100000.csv,D:\AutoCluster-OMP\datasets\paper_gaussian\paper_2d_100000_cluster_labels.csv,8,2,5,1,2.0,2686651.71409393
fuzzy-cmeans,auto,2,0.322999954,1.894737111943985,0.9473685559719925,4899864.591803282,pass,auto,paper_2d_100000_k8_it5_r1_m2p0,D:\AutoCluster-OMP\datasets\paper_gaussian\paper_2d_100000.csv,D:\AutoCluster-OMP\datasets\paper_gaussian\paper_2d_100000_cluster_labels.csv,8,2,5,1,2.0,2686651.71409393
fuzzy-cmeans,auto,4,0.20299983,3.0147808498164754,0.7536952124541189,4899864.591803282,pass,auto,paper_2d_100000_k8_it5_r1_m2p0,D:\AutoCluster-OMP\datasets\paper_gaussian\paper_2d_100000.csv,D:\AutoCluster-OMP\datasets\paper_gaussian\paper_2d_100000_cluster_labels.csv,8,2,5,1,2.0,2686651.71409393
fuzzy-cmeans,auto,8,0.189999819,3.221055700058325,0.4026319625072906,4899864.591803282,pass,auto,paper_2d_100000_k8_it5_r1_m2p0,D:\AutoCluster-OMP\datasets\paper_gaussian\paper_2d_100000.csv,D:\AutoCluster-OMP\datasets\paper_gaussian\paper_2d_100000_cluster_labels.csv,8,2,5,1,2.0,2686651.71409393
fuzzy-cmeans,sequential,1,2.854,1.0,1.0,4899860.048063631,reference,auto,paper_2d_100000_k8_it5_r1_m2p5,D:\AutoCluster-OMP\datasets\paper_gaussian\paper_2d_100000.csv,D:\AutoCluster-OMP\datasets\paper_gaussian\paper_2d_100000_cluster_labels.csv,8,2,5,1,2.5,950853.547374788
fuzzy-cmeans,manual,1,2.770999908,1.0299531197241745,1.0299531197241745,4899860.048063631,pass,auto,paper_2d_100000_k8_it5_r1_m2p5,D:\AutoCluster-OMP\datasets\paper_gaussian\paper_2d_100000.csv,D:\AutoCluster-OMP\datasets\paper_gaussian\paper_2d_100000_cluster_labels.csv,8,2,5,1,2.5,950853.547374788
fuzzy-cmeans,manual,2,1.513000011,1.8863185586586226,0.9431592793293113,4899860.048063631,pass,auto,paper_2d_100000_k8_it5_r1_m2p5,D:\AutoCluster-OMP\datasets\paper_gaussian\paper_2d_100000.csv,D:\AutoCluster-OMP\datasets\paper_gaussian\paper_2d_100000_cluster_labels.csv,8,2,5,1,2.5,950853.547374788
fuzzy-cmeans,manual,4,0.921999931,3.095444917121149,0.7738612292802872,4899860.048063631,pass,auto,paper_2d_100000_k8_it5_r1_m2p5,D:\AutoCluster-OMP\datasets\paper_gaussian\paper_2d_100000.csv,D:\AutoCluster-OMP\datasets\paper_gaussian\paper_2d_100000_cluster_labels.csv,8,2,5,1,2.5,950853.547374788
fuzzy-cmeans,manual,8,0.666999817,4.278861743675711,0.5348577179594639,4899860.048063631,pass,auto,paper_2d_100000_k8_it5_r1_m2p5,D:\AutoCluster-OMP\datasets\paper_gaussian\paper_2d_100000.csv,D:\AutoCluster-OMP\datasets\paper_gaussian\paper_2d_100000_cluster_labels.csv,8,2,5,1,2.5,950853.547374788
fuzzy-cmeans,auto,1,2.729000092,1.0458042886720431,1.0458042886720431,4899860.048063631,pass,auto,paper_2d_100000_k8_it5_r1_m2p5,D:\AutoCluster-OMP\datasets\paper_gaussian\paper_2d_100000.csv,D:\AutoCluster-OMP\datasets\paper_gaussian\paper_2d_100000_cluster_labels.csv,8,2,5,1,2.5,950853.547374788
fuzzy-cmeans,auto,2,1.537999868,1.85565685627224,0.92782842813612,4899860.048063631,pass,auto,paper_2d_100000_k8_it5_r1_m2p5,D:\AutoCluster-OMP\datasets\paper_gaussian\paper_2d_100000.csv,D:\AutoCluster-OMP\datasets\paper_gaussian\paper_2d_100000_cluster_labels.csv,8,2,5,1,2.5,950853.547374788
fuzzy-cmeans,auto,4,0.920000076,3.102173656776959,0.7755434141942398,4899860.048063631,pass,auto,paper_2d_100000_k8_it5_r1_m2p5,D:\AutoCluster-OMP\datasets\paper_gaussian\paper_2d_100000.csv,D:\AutoCluster-OMP\datasets\paper_gaussian\paper_2d_100000_cluster_labels.csv,8,2,5,1,2.5,950853.547374788
fuzzy-cmeans,auto,8,0.661999941,4.31117863196305,0.5388973289953812,4899860.048063631,pass,auto,paper_2d_100000_k8_it5_r1_m2p5,D:\AutoCluster-OMP\datasets\paper_gaussian\paper_2d_100000.csv,D:\AutoCluster-OMP\datasets\paper_gaussian\paper_2d_100000_cluster_labels.csv,8,2,5,1,2.5,950853.547374788
fuzzy-cmeans,sequential,1,2.39,1.0,1.0,4903689.836977277,reference,auto,paper_2d_100000_k8_it15_r1_m1p5,D:\AutoCluster-OMP\datasets\paper_gaussian\paper_2d_100000.csv,D:\AutoCluster-OMP\datasets\paper_gaussian\paper_2d_100000_cluster_labels.csv,8,2,15,1,1.5,318668.069420413
fuzzy-cmeans,manual,1,2.33100009,1.0253109857237286,1.0253109857237286,4903689.836977277,pass,auto,paper_2d_100000_k8_it15_r1_m1p5,D:\AutoCluster-OMP\datasets\paper_gaussian\paper_2d_100000.csv,D:\AutoCluster-OMP\datasets\paper_gaussian\paper_2d_100000_cluster_labels.csv,8,2,15,1,1.5,318668.069420413
fuzzy-cmeans,manual,2,1.540999889,1.5509410591527952,0.7754705295763976,4903689.836977277,pass,auto,paper_2d_100000_k8_it15_r1_m1p5,D:\AutoCluster-OMP\datasets\paper_gaussian\paper_2d_100000.csv,D:\AutoCluster-OMP\datasets\paper_gaussian\paper_2d_100000_cluster_labels.csv,8,2,15,1,1.5,318668.069420413
fuzzy-cmeans,manual,4,1.187999964,2.011784572747681,0.5029461431869202,4903689.836977277,pass,auto,paper_2d_100000_k8_it15_r1_m1p5,D:\AutoCluster-OMP\datasets\paper_gaussian\paper_2d_100000.csv,D:\AutoCluster-OMP\datasets\paper_gaussian\paper_2d_100000_cluster_labels.csv,8,2,15,1,1.5,318668.069420413
fuzzy-cmeans,manual,8,1.121000051,2.132024880701812,0.2665031100877265,4903689.836977277,pass,auto,paper_2d_100000_k8_it15_r1_m1p5,D:\AutoCluster-OMP\datasets\paper_gaussian\paper_2d_100000.csv,D:\AutoCluster-OMP\datasets\paper_gaussian\paper_2d_100000_cluster_labels.csv,8,2,15,1,1.5,318668.069420413
fuzzy-cmeans,auto,1,2.315999985,1.0319516474435557,1.0319516474435557,4903689.836977277,pass,auto,paper_2d_100000_k8_it15_r1_m1p5,D:\AutoCluster-OMP\datasets\paper_gaussian\paper_2d_100000.csv,D:\AutoCluster-OMP\datasets\paper_gaussian\paper_2d_100000_cluster_labels.csv,8,2,15,1,1.5,318668.069420413
fuzzy-cmeans,auto,2,1.559000015,1.5330339814012126,0.7665169907006063,4903689.836977277,pass,auto,paper_2d_100000_k8_it15_r1_m1p5,D:\AutoCluster-OMP\datasets\paper_gaussian\paper_2d_100000.csv,D:\AutoCluster-OMP\datasets\paper_gaussian\paper_2d_100000_cluster_labels.csv,8,2,15,1,1.5,318668.069420413
fuzzy-cmeans,auto,4,1.191999912,2.0050337050696023,0.5012584262674006,4903689.836977277,pass,auto,paper_2d_100000_k8_it15_r1_m1p5,D:\AutoCluster-OMP\datasets\paper_gaussian\paper_2d_100000.csv,D:\AutoCluster-OMP\datasets\paper_gaussian\paper_2d_100000_cluster_labels.csv,8,2,15,1,1.5,318668.069420413
fuzzy-cmeans,auto,8,1.121000051,2.132024880701812,0.2665031100877265,4903689.836977277,pass,auto,paper_2d_100000_k8_it15_r1_m1p5,D:\AutoCluster-OMP\datasets\paper_gaussian\paper_2d_100000.csv,D:\AutoCluster-OMP\datasets\paper_gaussian\paper_2d_100000_cluster_labels.csv,8,2,15,1,1.5,318668.069420413
fuzzy-cmeans,sequential,1,1.82,1.0,1.0,4903678.946155452,reference,auto,paper_2d_100000_k8_it15_r1_m2p0,D:\AutoCluster-OMP\datasets\paper_gaussian\paper_2d_100000.csv,D:\AutoCluster-OMP\datasets\paper_gaussian\paper_2d_100000_cluster_labels.csv,8,2,15,1,2.0,278410.226744622
fuzzy-cmeans,manual,1,1.805999994,1.0077519413325093,1.0077519413325093,4903678.946155452,pass,auto,paper_2d_100000_k8_it15_r1_m2p0,D:\AutoCluster-OMP\datasets\paper_gaussian\paper_2d_100000.csv,D:\AutoCluster-OMP\datasets\paper_gaussian\paper_2d_100000_cluster_labels.csv,8,2,15,1,2.0,278410.226744622
fuzzy-cmeans,manual,2,0.973999977,1.868583206342314,0.934291603171157,4903678.946155452,pass,auto,paper_2d_100000_k8_it15_r1_m2p0,D:\AutoCluster-OMP\datasets\paper_gaussian\paper_2d_100000.csv,D:\AutoCluster-OMP\datasets\paper_gaussian\paper_2d_100000_cluster_labels.csv,8,2,15,1,2.0,278410.226744622
fuzzy-cmeans,manual,4,0.578000069,3.1487885514421974,0.7871971378605493,4903678.946155452,pass,auto,paper_2d_100000_k8_it15_r1_m2p0,D:\AutoCluster-OMP\datasets\paper_gaussian\paper_2d_100000.csv,D:\AutoCluster-OMP\datasets\paper_gaussian\paper_2d_100000_cluster_labels.csv,8,2,15,1,2.0,278410.226744622
fuzzy-cmeans,manual,8,0.536999941,3.3891996274912066,0.42364995343640083,4903678.946155452,pass,auto,paper_2d_100000_k8_it15_r1_m2p0,D:\AutoCluster-OMP\datasets\paper_gaussian\paper_2d_100000.csv,D:\AutoCluster-OMP\datasets\paper_gaussian\paper_2d_100000_cluster_labels.csv,8,2,15,1,2.0,278410.226744622
fuzzy-cmeans,auto,1,1.713000059,1.0624634777084967,1.0624634777084967,4903678.946155452,pass,auto,paper_2d_100000_k8_it15_r1_m2p0,D:\AutoCluster-OMP\datasets\paper_gaussian\paper_2d_100000.csv,D:\AutoCluster-OMP\datasets\paper_gaussian\paper_2d_100000_cluster_labels.csv,8,2,15,1,2.0,278410.226744622
fuzzy-cmeans,auto,2,0.953999996,1.9077568214161713,0.9538784107080857,4903678.946155452,pass,auto,paper_2d_100000_k8_it15_r1_m2p0,D:\AutoCluster-OMP\datasets\paper_gaussian\paper_2d_100000.csv,D:\AutoCluster-OMP\datasets\paper_gaussian\paper_2d_100000_cluster_labels.csv,8,2,15,1,2.0,278410.226744622
fuzzy-cmeans,auto,4,0.578999996,3.1433506262062223,0.7858376565515556,4903678.946155452,pass,auto,paper_2d_100000_k8_it15_r1_m2p0,D:\AutoCluster-OMP\datasets\paper_gaussian\paper_2d_100000.csv,D:\AutoCluster-OMP\datasets\paper_gaussian\paper_2d_100000_cluster_labels.csv,8,2,15,1,2.0,278410.226744622
fuzzy-cmeans,auto,8,0.525000095,3.466666039365193,0.4333332549206491,4903678.946155452,pass,auto,paper_2d_100000_k8_it15_r1_m2p0,D:\AutoCluster-OMP\datasets\paper_gaussian\paper_2d_100000.csv,D:\AutoCluster-OMP\datasets\paper_gaussian\paper_2d_100000_cluster_labels.csv,8,2,15,1,2.0,278410.226744622
fuzzy-cmeans,sequential,1,7.831,1.0,1.0,4898949.56342204,reference,auto,paper_2d_100000_k8_it15_r1_m2p5,D:\AutoCluster-OMP\datasets\paper_gaussian\paper_2d_100000.csv,D:\AutoCluster-OMP\datasets\paper_gaussian\paper_2d_100000_cluster_labels.csv,8,2,15,1,2.5,684041.711054319
fuzzy-cmeans,manual,1,7.64199996,1.0247317509800145,1.0247317509800145,4898949.56342204,pass,auto,paper_2d_100000_k8_it15_r1_m2p5,D:\AutoCluster-OMP\datasets\paper_gaussian\paper_2d_100000.csv,D:\AutoCluster-OMP\datasets\paper_gaussian\paper_2d_100000_cluster_labels.csv,8,2,15,1,2.5,684041.711054319
fuzzy-cmeans,manual,2,4.287000179,1.8266852514633405,0.9133426257316702,4898949.56342204,pass,auto,paper_2d_100000_k8_it15_r1_m2p5,D:\AutoCluster-OMP\datasets\paper_gaussian\paper_2d_100000.csv,D:\AutoCluster-OMP\datasets\paper_gaussian\paper_2d_100000_cluster_labels.csv,8,2,15,1,2.5,684041.711054319
fuzzy-cmeans,manual,4,2.562999964,3.0554038665604915,0.7638509666401229,4898949.56342204,pass,auto,paper_2d_100000_k8_it15_r1_m2p5,D:\AutoCluster-OMP\datasets\paper_gaussian\paper_2d_100000.csv,D:\AutoCluster-OMP\datasets\paper_gaussian\paper_2d_100000_cluster_labels.csv,8,2,15,1,2.5,684041.711054319
fuzzy-cmeans,manual,8,1.840999842,4.253666850667769,0.5317083563334711,4898949.56342204,pass,auto,paper_2d_100000_k8_it15_r1_m2p5,D:\AutoCluster-OMP\datasets\paper_gaussian\paper_2d_100000.csv,D:\AutoCluster-OMP\datasets\paper_gaussian\paper_2d_100000_cluster_labels.csv,8,2,15,1,2.5,684041.711054319
fuzzy-cmeans,auto,1,7.655999899,1.0228579027310147,1.0228579027310147,4898949.56342204,pass,auto,paper_2d_100000_k8_it15_r1_m2p5,D:\AutoCluster-OMP\datasets\paper_gaussian\paper_2d_100000.csv,D:\AutoCluster-OMP\datasets\paper_gaussian\paper_2d_100000_cluster_labels.csv,8,2,15,1,2.5,684041.711054319
fuzzy-cmeans,auto,2,4.222999811,1.85436901503096,0.92718450751548,4898949.56342204,pass,auto,paper_2d_100000_k8_it15_r1_m2p5,D:\AutoCluster-OMP\datasets\paper_gaussian\paper_2d_100000.csv,D:\AutoCluster-OMP\datasets\paper_gaussian\paper_2d_100000_cluster_labels.csv,8,2,15,1,2.5,684041.711054319
fuzzy-cmeans,auto,4,2.604999781,3.0061422872726147,0.7515355718181537,4898949.56342204,pass,auto,paper_2d_100000_k8_it15_r1_m2p5,D:\AutoCluster-OMP\datasets\paper_gaussian\paper_2d_100000.csv,D:\AutoCluster-OMP\datasets\paper_gaussian\paper_2d_100000_cluster_labels.csv,8,2,15,1,2.5,684041.711054319
fuzzy-cmeans,auto,8,1.843999863,4.246746519416634,0.5308433149270793,4898949.56342204,pass,auto,paper_2d_100000_k8_it15_r1_m2p5,D:\AutoCluster-OMP\datasets\paper_gaussian\paper_2d_100000.csv,D:\AutoCluster-OMP\datasets\paper_gaussian\paper_2d_100000_cluster_labels.csv,8,2,15,1,2.5,684041.711054319
fuzzy-cmeans,sequential,1,4.724,1.0,1.0,4903689.836976154,reference,auto,paper_2d_100000_k8_it30_r1_m1p5,D:\AutoCluster-OMP\datasets\paper_gaussian\paper_2d_100000.csv,D:\AutoCluster-OMP\datasets\paper_gaussian\paper_2d_100000_cluster_labels.csv,8,2,30,1,1.5,318668.069420412
fuzzy-cmeans,manual,1,4.546000004,1.0391553004494896,1.0391553004494896,4903689.836976154,pass,auto,paper_2d_100000_k8_it30_r1_m1p5,D:\AutoCluster-OMP\datasets\paper_gaussian\paper_2d_100000.csv,D:\AutoCluster-OMP\datasets\paper_gaussian\paper_2d_100000_cluster_labels.csv,8,2,30,1,1.5,318668.069420412
fuzzy-cmeans,manual,2,3.219000101,1.467536455973538,0.733768227986769,4903689.836976154,pass,auto,paper_2d_100000_k8_it30_r1_m1p5,D:\AutoCluster-OMP\datasets\paper_gaussian\paper_2d_100000.csv,D:\AutoCluster-OMP\datasets\paper_gaussian\paper_2d_100000_cluster_labels.csv,8,2,30,1,1.5,318668.069420412
fuzzy-cmeans,manual,4,2.335999966,2.0222603034061857,0.5055650758515464,4903689.836976154,pass,auto,paper_2d_100000_k8_it30_r1_m1p5,D:\AutoCluster-OMP\datasets\paper_gaussian\paper_2d_100000.csv,D:\AutoCluster-OMP\datasets\paper_gaussian\paper_2d_100000_cluster_labels.csv,8,2,30,1,1.5,318668.069420412
fuzzy-cmeans,manual,8,2.179999828,2.1669726480363742,0.2708715810045468,4903689.836976154,pass,auto,paper_2d_100000_k8_it30_r1_m1p5,D:\AutoCluster-OMP\datasets\paper_gaussian\paper_2d_100000.csv,D:\AutoCluster-OMP\datasets\paper_gaussian\paper_2d_100000_cluster_labels.csv,8,2,30,1,1.5,318668.069420412
fuzzy-cmeans,auto,1,4.524000168,1.0442086261213421,1.0442086261213421,4903689.836976154,pass,auto,paper_2d_100000_k8_it30_r1_m1p5,D:\AutoCluster-OMP\datasets\paper_gaussian\paper_2d_100000.csv,D:\AutoCluster-OMP\datasets\paper_gaussian\paper_2d_100000_cluster_labels.csv,8,2,30,1,1.5,318668.069420412
fuzzy-cmeans,auto,2,3.037000179,1.5554822922517846,0.7777411461258923,4903689.836976154,pass,auto,paper_2d_100000_k8_it30_r1_m1p5,D:\AutoCluster-OMP\datasets\paper_gaussian\paper_2d_100000.csv,D:\AutoCluster-OMP\datasets\paper_gaussian\paper_2d_100000_cluster_labels.csv,8,2,30,1,1.5,318668.069420412
fuzzy-cmeans,auto,4,2.335000038,2.023126305405225,0.5057815763513063,4903689.836976154,pass,auto,paper_2d_100000_k8_it30_r1_m1p5,D:\AutoCluster-OMP\datasets\paper_gaussian\paper_2d_100000.csv,D:\AutoCluster-OMP\datasets\paper_gaussian\paper_2d_100000_cluster_labels.csv,8,2,30,1,1.5,318668.069420412
fuzzy-cmeans,auto,8,2.182999849,2.1639946526629372,0.27049933158286715,4903689.836976154,pass,auto,paper_2d_100000_k8_it30_r1_m1p5,D:\AutoCluster-OMP\datasets\paper_gaussian\paper_2d_100000.csv,D:\AutoCluster-OMP\datasets\paper_gaussian\paper_2d_100000_cluster_labels.csv,8,2,30,1,1.5,318668.069420412
fuzzy-cmeans,sequential,1,3.589,1.0,1.0,4903688.411811251,reference,auto,paper_2d_100000_k8_it30_r1_m2p0,D:\AutoCluster-OMP\datasets\paper_gaussian\paper_2d_100000.csv,D:\AutoCluster-OMP\datasets\paper_gaussian\paper_2d_100000_cluster_labels.csv,8,2,30,1,2.0,278184.278587808
fuzzy-cmeans,manual,1,3.438999891,1.04361736369709,1.04361736369709,4903688.411811251,pass,auto,paper_2d_100000_k8_it30_r1_m2p0,D:\AutoCluster-OMP\datasets\paper_gaussian\paper_2d_100000.csv,D:\AutoCluster-OMP\datasets\paper_gaussian\paper_2d_100000_cluster_labels.csv,8,2,30,1,2.0,278184.278587808
fuzzy-cmeans,manual,2,1.917999983,1.8712200374404278,0.9356100187202139,4903688.411811251,pass,auto,paper_2d_100000_k8_it30_r1_m2p0,D:\AutoCluster-OMP\datasets\paper_gaussian\paper_2d_100000.csv,D:\AutoCluster-OMP\datasets\paper_gaussian\paper_2d_100000_cluster_labels.csv,8,2,30,1,2.0,278184.278587808
fuzzy-cmeans,manual,4,1.148999929,3.123585919734204,0.780896479933551,4903688.411811251,pass,auto,paper_2d_100000_k8_it30_r1_m2p0,D:\AutoCluster-OMP\datasets\paper_gaussian\paper_2d_100000.csv,D:\AutoCluster-OMP\datasets\paper_gaussian\paper_2d_100000_cluster_labels.csv,8,2,30,1,2.0,278184.278587808
fuzzy-cmeans,manual,8,1.042999983,3.4410355306784313,0.4301294413348039,4903688.411811251,pass,auto,paper_2d_100000_k8_it30_r1_m2p0,D:\AutoCluster-OMP\datasets\paper_gaussian\paper_2d_100000.csv,D:\AutoCluster-OMP\datasets\paper_gaussian\paper_2d_100000_cluster_labels.csv,8,2,30,1,2.0,278184.278587808
fuzzy-cmeans,auto,1,3.506000042,1.0236736899616956,1.0236736899616956,4903688.411811251,pass,auto,paper_2d_100000_k8_it30_r1_m2p0,D:\AutoCluster-OMP\datasets\paper_gaussian\paper_2d_100000.csv,D:\AutoCluster-OMP\datasets\paper_gaussian\paper_2d_100000_cluster_labels.csv,8,2,30,1,2.0,278184.278587808
fuzzy-cmeans,auto,2,1.875,1.9141333333333332,0.9570666666666666,4903688.411811251,pass,auto,paper_2d_100000_k8_it30_r1_m2p0,D:\AutoCluster-OMP\datasets\paper_gaussian\paper_2d_100000.csv,D:\AutoCluster-OMP\datasets\paper_gaussian\paper_2d_100000_cluster_labels.csv,8,2,30,1,2.0,278184.278587808
fuzzy-cmeans,auto,4,1.148999929,3.123585919734204,0.780896479933551,4903688.411811251,pass,auto,paper_2d_100000_k8_it30_r1_m2p0,D:\AutoCluster-OMP\datasets\paper_gaussian\paper_2d_100000.csv,D:\AutoCluster-OMP\datasets\paper_gaussian\paper_2d_100000_cluster_labels.csv,8,2,30,1,2.0,278184.278587808
fuzzy-cmeans,auto,8,1.031000137,3.4810858613882028,0.43513573267352534,4903688.411811251,pass,auto,paper_2d_100000_k8_it30_r1_m2p0,D:\AutoCluster-OMP\datasets\paper_gaussian\paper_2d_100000.csv,D:\AutoCluster-OMP\datasets\paper_gaussian\paper_2d_100000_cluster_labels.csv,8,2,30,1,2.0,278184.278587808
fuzzy-cmeans,sequential,1,14.459,1.0,1.0,4901830.303819842,reference,auto,paper_2d_100000_k8_it30_r1_m2p5,D:\AutoCluster-OMP\datasets\paper_gaussian\paper_2d_100000.csv,D:\AutoCluster-OMP\datasets\paper_gaussian\paper_2d_100000_cluster_labels.csv,8,2,30,1,2.5,182945.592705848
fuzzy-cmeans,manual,1,14.448999882,1.00069209759026,1.00069209759026,4901830.303819842,pass,auto,paper_2d_100000_k8_it30_r1_m2p5,D:\AutoCluster-OMP\datasets\paper_gaussian\paper_2d_100000.csv,D:\AutoCluster-OMP\datasets\paper_gaussian\paper_2d_100000_cluster_labels.csv,8,2,30,1,2.5,182945.592705848
fuzzy-cmeans,manual,2,7.895999908,1.831180365814158,0.915590182907079,4901830.303819842,pass,auto,paper_2d_100000_k8_it30_r1_m2p5,D:\AutoCluster-OMP\datasets\paper_gaussian\paper_2d_100000.csv,D:\AutoCluster-OMP\datasets\paper_gaussian\paper_2d_100000_cluster_labels.csv,8,2,30,1,2.5,182945.592705848
fuzzy-cmeans,manual,4,4.832000017,2.992342704704092,0.748085676176023,4901830.303819842,pass,auto,paper_2d_100000_k8_it30_r1_m2p5,D:\AutoCluster-OMP\datasets\paper_gaussian\paper_2d_100000.csv,D:\AutoCluster-OMP\datasets\paper_gaussian\paper_2d_100000_cluster_labels.csv,8,2,30,1,2.5,182945.592705848
fuzzy-cmeans,manual,8,3.559999943,4.06151691896249,0.5076896148703113,4901830.303819842,pass,auto,paper_2d_100000_k8_it30_r1_m2p5,D:\AutoCluster-OMP\datasets\paper_gaussian\paper_2d_100000.csv,D:\AutoCluster-OMP\datasets\paper_gaussian\paper_2d_100000_cluster_labels.csv,8,2,30,1,2.5,182945.592705848
fuzzy-cmeans,auto,1,14.269000053,1.013315575463892,1.013315575463892,4901830.303819842,pass,auto,paper_2d_100000_k8_it30_r1_m2p5,D:\AutoCluster-OMP\datasets\paper_gaussian\paper_2d_100000.csv,D:\AutoCluster-OMP\datasets\paper_gaussian\paper_2d_100000_cluster_labels.csv,8,2,30,1,2.5,182945.592705848
fuzzy-cmeans,auto,2,7.96600008,1.8150891105690272,0.9075445552845136,4901830.303819842,pass,auto,paper_2d_100000_k8_it30_r1_m2p5,D:\AutoCluster-OMP\datasets\paper_gaussian\paper_2d_100000.csv,D:\AutoCluster-OMP\datasets\paper_gaussian\paper_2d_100000_cluster_labels.csv,8,2,30,1,2.5,182945.592705848
fuzzy-cmeans,auto,4,4.832000017,2.992342704704092,0.748085676176023,4901830.303819842,pass,auto,paper_2d_100000_k8_it30_r1_m2p5,D:\AutoCluster-OMP\datasets\paper_gaussian\paper_2d_100000.csv,D:\AutoCluster-OMP\datasets\paper_gaussian\paper_2d_100000_cluster_labels.csv,8,2,30,1,2.5,182945.592705848
fuzzy-cmeans,auto,8,3.559000015,4.062658032891298,0.5078322541114122,4901830.303819842,pass,auto,paper_2d_100000_k8_it30_r1_m2p5,D:\AutoCluster-OMP\datasets\paper_gaussian\paper_2d_100000.csv,D:\AutoCluster-OMP\datasets\paper_gaussian\paper_2d_100000_cluster_labels.csv,8,2,30,1,2.5,182945.592705848
fuzzy-cmeans,sequential,1,1.642,1.0,1.0,9800716.613931887,reference,auto,paper_2d_200000_k8_it5_r1_m1p5,D:\AutoCluster-OMP\datasets\paper_gaussian\paper_2d_200000.csv,D:\AutoCluster-OMP\datasets\paper_gaussian\paper_2d_200000_cluster_labels.csv,8,2,5,1,1.5,14424699.81258712
fuzzy-cmeans,manual,1,1.641000032,1.0006093650094456,1.0006093650094456,9800716.613931887,pass,auto,paper_2d_200000_k8_it5_r1_m1p5,D:\AutoCluster-OMP\datasets\paper_gaussian\paper_2d_200000.csv,D:\AutoCluster-OMP\datasets\paper_gaussian\paper_2d_200000_cluster_labels.csv,8,2,5,1,1.5,14424699.81258712
fuzzy-cmeans,manual,2,1.072000027,1.53171637933177,0.765858189665885,9800716.613931887,pass,auto,paper_2d_200000_k8_it5_r1_m1p5,D:\AutoCluster-OMP\datasets\paper_gaussian\paper_2d_200000.csv,D:\AutoCluster-OMP\datasets\paper_gaussian\paper_2d_200000_cluster_labels.csv,8,2,5,1,1.5,14424699.81258712
fuzzy-cmeans,manual,4,0.838000059,1.9594270696823424,0.4898567674205856,9800716.613931887,pass,auto,paper_2d_200000_k8_it5_r1_m1p5,D:\AutoCluster-OMP\datasets\paper_gaussian\paper_2d_200000.csv,D:\AutoCluster-OMP\datasets\paper_gaussian\paper_2d_200000_cluster_labels.csv,8,2,5,1,1.5,14424699.81258712
fuzzy-cmeans,manual,8,0.763000011,2.1520314237583933,0.26900392796979916,9800716.613931887,pass,auto,paper_2d_200000_k8_it5_r1_m1p5,D:\AutoCluster-OMP\datasets\paper_gaussian\paper_2d_200000.csv,D:\AutoCluster-OMP\datasets\paper_gaussian\paper_2d_200000_cluster_labels.csv,8,2,5,1,1.5,14424699.81258712
fuzzy-cmeans,auto,1,1.569000006,1.0465264459661194,1.0465264459661194,9800716.613931887,pass,auto,paper_2d_200000_k8_it5_r1_m1p5,D:\AutoCluster-OMP\datasets\paper_gaussian\paper_2d_200000.csv,D:\AutoCluster-OMP\datasets\paper_gaussian\paper_2d_200000_cluster_labels.csv,8,2,5,1,1.5,14424699.81258712
fuzzy-cmeans,auto,2,1.092000008,1.5036629926471574,0.7518314963235787,9800716.613931887,pass,auto,paper_2d_200000_k8_it5_r1_m1p5,D:\AutoCluster-OMP\datasets\paper_gaussian\paper_2d_200000.csv,D:\AutoCluster-OMP\datasets\paper_gaussian\paper_2d_200000_cluster_labels.csv,8,2,5,1,1.5,14424699.81258712
fuzzy-cmeans,auto,4,0.825999975,1.9878935226360024,0.4969733806590006,9800716.613931887,pass,auto,paper_2d_200000_k8_it5_r1_m1p5,D:\AutoCluster-OMP\datasets\paper_gaussian\paper_2d_200000.csv,D:\AutoCluster-OMP\datasets\paper_gaussian\paper_2d_200000_cluster_labels.csv,8,2,5,1,1.5,14424699.81258712
fuzzy-cmeans,auto,8,0.782000065,2.0997440709931396,0.26246800887414246,9800716.613931887,pass,auto,paper_2d_200000_k8_it5_r1_m1p5,D:\AutoCluster-OMP\datasets\paper_gaussian\paper_2d_200000.csv,D:\AutoCluster-OMP\datasets\paper_gaussian\paper_2d_200000_cluster_labels.csv,8,2,5,1,1.5,14424699.81258712
fuzzy-cmeans,sequential,1,1.235,1.0,1.0,9800018.400011387,reference,auto,paper_2d_200000_k8_it5_r1_m2p0,D:\AutoCluster-OMP\datasets\paper_gaussian\paper_2d_200000.csv,D:\AutoCluster-OMP\datasets\paper_gaussian\paper_2d_200000_cluster_labels.csv,8,2,5,1,2.0,5372266.831606277
fuzzy-cmeans,manual,1,1.236999989,0.9983831940034076,0.9983831940034076,9800018.400011387,pass,auto,paper_2d_200000_k8_it5_r1_m2p0,D:\AutoCluster-OMP\datasets\paper_gaussian\paper_2d_200000.csv,D:\AutoCluster-OMP\datasets\paper_gaussian\paper_2d_200000_cluster_labels.csv,8,2,5,1,2.0,5372266.831606277
fuzzy-cmeans,manual,2,0.687999964,1.7950582334623497,0.8975291167311749,9800018.400011387,pass,auto,paper_2d_200000_k8_it5_r1_m2p0,D:\AutoCluster-OMP\datasets\paper_gaussian\paper_2d_200000.csv,D:\AutoCluster-OMP\datasets\paper_gaussian\paper_2d_200000_cluster_labels.csv,8,2,5,1,2.0,5372266.831606277
fuzzy-cmeans,manual,4,0.409000158,3.0195587357205866,0.7548896839301467,9800018.400011387,pass,auto,paper_2d_200000_k8_it5_r1_m2p0,D:\AutoCluster-OMP\datasets\paper_gaussian\paper_2d_200000.csv,D:\AutoCluster-OMP\datasets\paper_gaussian\paper_2d_200000_cluster_labels.csv,8,2,5,1,2.0,5372266.831606277
fuzzy-cmeans,manual,8,0.353999853,3.488702013670046,0.43608775170875574,9800018.400011387,pass,auto,paper_2d_200000_k8_it5_r1_m2p0,D:\AutoCluster-OMP\datasets\paper_gaussian\paper_2d_200000.csv,D:\AutoCluster-OMP\datasets\paper_gaussian\paper_2d_200000_cluster_labels.csv,8,2,5,1,2.0,5372266.831606277
fuzzy-cmeans,auto,1,1.205999851,1.0240465610140446,1.0240465610140446,9800018.400011387,pass,auto,paper_2d_200000_k8_it5_r1_m2p0,D:\AutoCluster-OMP\datasets\paper_gaussian\paper_2d_200000.csv,D:\AutoCluster-OMP\datasets\paper_gaussian\paper_2d_200000_cluster_labels.csv,8,2,5,1,2.0,5372266.831606277
fuzzy-cmeans,auto,2,0.666000128,1.8543539979619945,0.9271769989809973,9800018.400011387,pass,auto,paper_2d_200000_k8_it5_r1_m2p0,D:\AutoCluster-OMP\datasets\paper_gaussian\paper_2d_200000.csv,D:\AutoCluster-OMP\datasets\paper_gaussian\paper_2d_200000_cluster_labels.csv,8,2,5,1,2.0,5372266.831606277
fuzzy-cmeans,auto,4,0.416000128,2.9687490865387427,0.7421872716346857,9800018.400011387,pass,auto,paper_2d_200000_k8_it5_r1_m2p0,D:\AutoCluster-OMP\datasets\paper_gaussian\paper_2d_200000.csv,D:\AutoCluster-OMP\datasets\paper_gaussian\paper_2d_200000_cluster_labels.csv,8,2,5,1,2.0,5372266.831606277
fuzzy-cmeans,auto,8,0.361999989,3.411602313612225,0.4264502892015281,9800018.400011387,pass,auto,paper_2d_200000_k8_it5_r1_m2p0,D:\AutoCluster-OMP\datasets\paper_gaussian\paper_2d_200000.csv,D:\AutoCluster-OMP\datasets\paper_gaussian\paper_2d_200000_cluster_labels.csv,8,2,5,1,2.0,5372266.831606277
fuzzy-cmeans,sequential,1,5.611,1.0,1.0,9799959.07082684,reference,auto,paper_2d_200000_k8_it5_r1_m2p5,D:\AutoCluster-OMP\datasets\paper_gaussian\paper_2d_200000.csv,D:\AutoCluster-OMP\datasets\paper_gaussian\paper_2d_200000_cluster_labels.csv,8,2,5,1,2.5,1901846.069035282
fuzzy-cmeans,manual,1,5.464999914,1.0267154781880203,1.0267154781880203,9799959.07082684,pass,auto,paper_2d_200000_k8_it5_r1_m2p5,D:\AutoCluster-OMP\datasets\paper_gaussian\paper_2d_200000.csv,D:\AutoCluster-OMP\datasets\paper_gaussian\paper_2d_200000_cluster_labels.csv,8,2,5,1,2.5,1901846.069035282
fuzzy-cmeans,manual,2,3.032999992,1.8499835195515555,0.9249917597757777,9799959.07082684,pass,auto,paper_2d_200000_k8_it5_r1_m2p5,D:\AutoCluster-OMP\datasets\paper_gaussian\paper_2d_200000.csv,D:\AutoCluster-OMP\datasets\paper_gaussian\paper_2d_200000_cluster_labels.csv,8,2,5,1,2.5,1901846.069035282
fuzzy-cmeans,manual,4,1.84100008,3.047799976195547,0.7619499940488867,9799959.07082684,pass,auto,paper_2d_200000_k8_it5_r1_m2p5,D:\AutoCluster-OMP\datasets\paper_gaussian\paper_2d_200000.csv,D:\AutoCluster-OMP\datasets\paper_gaussian\paper_2d_200000_cluster_labels.csv,8,2,5,1,2.5,1901846.069035282
fuzzy-cmeans,manual,8,1.315999985,4.263677860148304,0.532959732518538,9799959.07082684,pass,auto,paper_2d_200000_k8_it5_r1_m2p5,D:\AutoCluster-OMP\datasets\paper_gaussian\paper_2d_200000.csv,D:\AutoCluster-OMP\datasets\paper_gaussian\paper_2d_200000_cluster_labels.csv,8,2,5,1,2.5,1901846.069035282
fuzzy-cmeans,auto,1,5.463999987,1.0269033699395578,1.0269033699395578,9799959.07082684,pass,auto,paper_2d_200000_k8_it5_r1_m2p5,D:\AutoCluster-OMP\datasets\paper_gaussian\paper_2d_200000.csv,D:\AutoCluster-OMP\datasets\paper_gaussian\paper_2d_200000_cluster_labels.csv,8,2,5,1,2.5,1901846.069035282
fuzzy-cmeans,auto,2,3.07799983,1.8229370727418135,0.9114685363709067,9799959.07082684,pass,auto,paper_2d_200000_k8_it5_r1_m2p5,D:\AutoCluster-OMP\datasets\paper_gaussian\paper_2d_200000.csv,D:\AutoCluster-OMP\datasets\paper_gaussian\paper_2d_200000_cluster_labels.csv,8,2,5,1,2.5,1901846.069035282
fuzzy-cmeans,auto,4,1.844000101,3.042841481926795,0.7607103704816988,9799959.07082684,pass,auto,paper_2d_200000_k8_it5_r1_m2p5,D:\AutoCluster-OMP\datasets\paper_gaussian\paper_2d_200000.csv,D:\AutoCluster-OMP\datasets\paper_gaussian\paper_2d_200000_cluster_labels.csv,8,2,5,1,2.5,1901846.069035282
fuzzy-cmeans,auto,8,1.31799984,4.257208407551856,0.532151050943982,9799959.07082684,pass,auto,paper_2d_200000_k8_it5_r1_m2p5,D:\AutoCluster-OMP\datasets\paper_gaussian\paper_2d_200000.csv,D:\AutoCluster-OMP\datasets\paper_gaussian\paper_2d_200000_cluster_labels.csv,8,2,5,1,2.5,1901846.069035282
fuzzy-cmeans,sequential,1,4.801,1.0,1.0,9801916.01760902,reference,auto,paper_2d_200000_k8_it15_r1_m1p5,D:\AutoCluster-OMP\datasets\paper_gaussian\paper_2d_200000.csv,D:\AutoCluster-OMP\datasets\paper_gaussian\paper_2d_200000_cluster_labels.csv,8,2,15,1,1.5,631052.081317194
fuzzy-cmeans,manual,1,4.596999884,1.0443767938106827,1.0443767938106827,9801916.01760902,pass,auto,paper_2d_200000_k8_it15_r1_m1p5,D:\AutoCluster-OMP\datasets\paper_gaussian\paper_2d_200000.csv,D:\AutoCluster-OMP\datasets\paper_gaussian\paper_2d_200000_cluster_labels.csv,8,2,15,1,1.5,631052.081317194
fuzzy-cmeans,manual,2,3.115999937,1.5407574124094086,0.7703787062047043,9801916.01760902,pass,auto,paper_2d_200000_k8_it15_r1_m1p5,D:\AutoCluster-OMP\datasets\paper_gaussian\paper_2d_200000.csv,D:\AutoCluster-OMP\datasets\paper_gaussian\paper_2d_200000_cluster_labels.csv,8,2,15,1,1.5,631052.081317194
fuzzy-cmeans,manual,4,2.35800004,2.03604746334101,0.5090118658352525,9801916.01760902,pass,auto,paper_2d_200000_k8_it15_r1_m1p5,D:\AutoCluster-OMP\datasets\paper_gaussian\paper_2d_200000.csv,D:\AutoCluster-OMP\datasets\paper_gaussian\paper_2d_200000_cluster_labels.csv,8,2,15,1,1.5,631052.081317194
fuzzy-cmeans,manual,8,2.17599988,2.2063420334379797,0.27579275417974747,9801916.01760902,pass,auto,paper_2d_200000_k8_it15_r1_m1p5,D:\AutoCluster-OMP\datasets\paper_gaussian\paper_2d_200000.csv,D:\AutoCluster-OMP\datasets\paper_gaussian\paper_2d_200000_cluster_labels.csv,8,2,15,1,1.5,631052.081317194
fuzzy-cmeans,auto,1,4.575000048,1.0493988960937384,1.0493988960937384,9801916.01760902,pass,auto,paper_2d_200000_k8_it15_r1_m1p5,D:\AutoCluster-OMP\datasets\paper_gaussian\paper_2d_200000.csv,D:\AutoCluster-OMP\datasets\paper_gaussian\paper_2d_200000_cluster_labels.csv,8,2,15,1,1.5,631052.081317194
fuzzy-cmeans,auto,2,3.09800005,1.549709464982094,0.774854732491047,9801916.01760902,pass,auto,paper_2d_200000_k8_it15_r1_m1p5,D:\AutoCluster-OMP\datasets\paper_gaussian\paper_2d_200000.csv,D:\AutoCluster-OMP\datasets\paper_gaussian\paper_2d_200000_cluster_labels.csv,8,2,15,1,1.5,631052.081317194
fuzzy-cmeans,auto,4,2.350999832,2.042109886462978,0.5105274716157445,9801916.01760902,pass,auto,paper_2d_200000_k8_it15_r1_m1p5,D:\AutoCluster-OMP\datasets\paper_gaussian\paper_2d_200000.csv,D:\AutoCluster-OMP\datasets\paper_gaussian\paper_2d_200000_cluster_labels.csv,8,2,15,1,1.5,631052.081317194
fuzzy-cmeans,auto,8,2.178999901,2.2033043681170867,0.27541304601463584,9801916.01760902,pass,auto,paper_2d_200000_k8_it15_r1_m1p5,D:\AutoCluster-OMP\datasets\paper_gaussian\paper_2d_200000.csv,D:\AutoCluster-OMP\datasets\paper_gaussian\paper_2d_200000_cluster_labels.csv,8,2,15,1,1.5,631052.081317194
fuzzy-cmeans,sequential,1,3.617,1.0,1.0,9801817.655362343,reference,auto,paper_2d_200000_k8_it15_r1_m2p0,D:\AutoCluster-OMP\datasets\paper_gaussian\paper_2d_200000.csv,D:\AutoCluster-OMP\datasets\paper_gaussian\paper_2d_200000_cluster_labels.csv,8,2,15,1,2.0,551807.2695158
fuzzy-cmeans,manual,1,3.47300005,1.0414626973587289,1.0414626973587289,9801817.655362343,pass,auto,paper_2d_200000_k8_it15_r1_m2p0,D:\AutoCluster-OMP\datasets\paper_gaussian\paper_2d_200000.csv,D:\AutoCluster-OMP\datasets\paper_gaussian\paper_2d_200000_cluster_labels.csv,8,2,15,1,2.0,551807.2695158
fuzzy-cmeans,manual,2,1.940000057,1.8644329349109912,0.9322164674554956,9801817.655362343,pass,auto,paper_2d_200000_k8_it15_r1_m2p0,D:\AutoCluster-OMP\datasets\paper_gaussian\paper_2d_200000.csv,D:\AutoCluster-OMP\datasets\paper_gaussian\paper_2d_200000_cluster_labels.csv,8,2,15,1,2.0,551807.2695158
fuzzy-cmeans,manual,4,1.177999973,3.070458474450237,0.7676146186125592,9801817.655362343,pass,auto,paper_2d_200000_k8_it15_r1_m2p0,D:\AutoCluster-OMP\datasets\paper_gaussian\paper_2d_200000.csv,D:\AutoCluster-OMP\datasets\paper_gaussian\paper_2d_200000_cluster_labels.csv,8,2,15,1,2.0,551807.2695158
fuzzy-cmeans,manual,8,1.027999878,3.5184829078355206,0.4398103634794401,9801817.655362343,pass,auto,paper_2d_200000_k8_it15_r1_m2p0,D:\AutoCluster-OMP\datasets\paper_gaussian\paper_2d_200000.csv,D:\AutoCluster-OMP\datasets\paper_gaussian\paper_2d_200000_cluster_labels.csv,8,2,15,1,2.0,551807.2695158
fuzzy-cmeans,auto,1,3.480000019,1.0393678104172446,1.0393678104172446,9801817.655362343,pass,auto,paper_2d_200000_k8_it15_r1_m2p0,D:\AutoCluster-OMP\datasets\paper_gaussian\paper_2d_200000.csv,D:\AutoCluster-OMP\datasets\paper_gaussian\paper_2d_200000_cluster_labels.csv,8,2,15,1,2.0,551807.2695158
fuzzy-cmeans,auto,2,1.955999851,1.8491821449530366,0.9245910724765183,9801817.655362343,pass,auto,paper_2d_200000_k8_it15_r1_m2p0,D:\AutoCluster-OMP\datasets\paper_gaussian\paper_2d_200000.csv,D:\AutoCluster-OMP\datasets\paper_gaussian\paper_2d_200000_cluster_labels.csv,8,2,15,1,2.0,551807.2695158
fuzzy-cmeans,auto,4,1.184000015,3.0548986099463855,0.7637246524865964,9801817.655362343,pass,auto,paper_2d_200000_k8_it15_r1_m2p0,D:\AutoCluster-OMP\datasets\paper_gaussian\paper_2d_200000.csv,D:\AutoCluster-OMP\datasets\paper_gaussian\paper_2d_200000_cluster_labels.csv,8,2,15,1,2.0,551807.2695158
fuzzy-cmeans,auto,8,1.023000002,3.5356793674766775,0.4419599209345847,9801817.655362343,pass,auto,paper_2d_200000_k8_it15_r1_m2p0,D:\AutoCluster-OMP\datasets\paper_gaussian\paper_2d_200000.csv,D:\AutoCluster-OMP\datasets\paper_gaussian\paper_2d_200000_cluster_labels.csv,8,2,15,1,2.0,551807.2695158
fuzzy-cmeans,sequential,1,15.353,1.0,1.0,9802077.839728694,reference,auto,paper_2d_200000_k8_it15_r1_m2p5,D:\AutoCluster-OMP\datasets\paper_gaussian\paper_2d_200000.csv,D:\AutoCluster-OMP\datasets\paper_gaussian\paper_2d_200000_cluster_labels.csv,8,2,15,1,2.5,1036660.005115127
fuzzy-cmeans,manual,1,15.221999884,1.008605972736716,1.008605972736716,9802077.839728694,pass,auto,paper_2d_200000_k8_it15_r1_m2p5,D:\AutoCluster-OMP\datasets\paper_gaussian\paper_2d_200000.csv,D:\AutoCluster-OMP\datasets\paper_gaussian\paper_2d_200000_cluster_labels.csv,8,2,15,1,2.5,1036660.005115127
fuzzy-cmeans,manual,2,8.383000135,1.8314445607485368,0.9157222803742684,9802077.839728694,pass,auto,paper_2d_200000_k8_it15_r1_m2p5,D:\AutoCluster-OMP\datasets\paper_gaussian\paper_2d_200000.csv,D:\AutoCluster-OMP\datasets\paper_gaussian\paper_2d_200000_cluster_labels.csv,8,2,15,1,2.5,1036660.005115127
fuzzy-cmeans,manual,4,5.101999998,3.00921207487621,0.7523030187190525,9802077.839728694,pass,auto,paper_2d_200000_k8_it15_r1_m2p5,D:\AutoCluster-OMP\datasets\paper_gaussian\paper_2d_200000.csv,D:\AutoCluster-OMP\datasets\paper_gaussian\paper_2d_200000_cluster_labels.csv,8,2,15,1,2.5,1036660.005115127
fuzzy-cmeans,manual,8,3.671000004,4.182239167330712,0.522779895916339,9802077.839728694,pass,auto,paper_2d_200000_k8_it15_r1_m2p5,D:\AutoCluster-OMP\datasets\paper_gaussian\paper_2d_200000.csv,D:\AutoCluster-OMP\datasets\paper_gaussian\paper_2d_200000_cluster_labels.csv,8,2,15,1,2.5,1036660.005115127
fuzzy-cmeans,auto,1,15.245000124,1.0070842817396883,1.0070842817396883,9802077.839728694,pass,auto,paper_2d_200000_k8_it15_r1_m2p5,D:\AutoCluster-OMP\datasets\paper_gaussian\paper_2d_200000.csv,D:\AutoCluster-OMP\datasets\paper_gaussian\paper_2d_200000_cluster_labels.csv,8,2,15,1,2.5,1036660.005115127
fuzzy-cmeans,auto,2,8.440999985,1.8188603278382782,0.9094301639191391,9802077.839728694,pass,auto,paper_2d_200000_k8_it15_r1_m2p5,D:\AutoCluster-OMP\datasets\paper_gaussian\paper_2d_200000.csv,D:\AutoCluster-OMP\datasets\paper_gaussian\paper_2d_200000_cluster_labels.csv,8,2,15,1,2.5,1036660.005115127
fuzzy-cmeans,auto,4,5.072999954,3.0264143779253025,0.7566035944813256,9802077.839728694,pass,auto,paper_2d_200000_k8_it15_r1_m2p5,D:\AutoCluster-OMP\datasets\paper_gaussian\paper_2d_200000.csv,D:\AutoCluster-OMP\datasets\paper_gaussian\paper_2d_200000_cluster_labels.csv,8,2,15,1,2.5,1036660.005115127
fuzzy-cmeans,auto,8,3.65899992,4.195955270750594,0.5244944088438243,9802077.839728694,pass,auto,paper_2d_200000_k8_it15_r1_m2p5,D:\AutoCluster-OMP\datasets\paper_gaussian\paper_2d_200000.csv,D:\AutoCluster-OMP\datasets\paper_gaussian\paper_2d_200000_cluster_labels.csv,8,2,15,1,2.5,1036660.005115127
fuzzy-cmeans,sequential,1,9.373,1.0,1.0,9801916.017609106,reference,auto,paper_2d_200000_k8_it30_r1_m1p5,D:\AutoCluster-OMP\datasets\paper_gaussian\paper_2d_200000.csv,D:\AutoCluster-OMP\datasets\paper_gaussian\paper_2d_200000_cluster_labels.csv,8,2,30,1,1.5,631052.081317191
fuzzy-cmeans,manual,1,9.118999958,1.027853936086179,1.027853936086179,9801916.017609106,pass,auto,paper_2d_200000_k8_it30_r1_m1p5,D:\AutoCluster-OMP\datasets\paper_gaussian\paper_2d_200000.csv,D:\AutoCluster-OMP\datasets\paper_gaussian\paper_2d_200000_cluster_labels.csv,8,2,30,1,1.5,631052.081317191
fuzzy-cmeans,manual,2,6.100000143,1.5365573410282458,0.7682786705141229,9801916.017609106,pass,auto,paper_2d_200000_k8_it30_r1_m1p5,D:\AutoCluster-OMP\datasets\paper_gaussian\paper_2d_200000.csv,D:\AutoCluster-OMP\datasets\paper_gaussian\paper_2d_200000_cluster_labels.csv,8,2,30,1,1.5,631052.081317191
fuzzy-cmeans,manual,4,4.680999994,2.0023499277962182,0.5005874819490546,9801916.017609106,pass,auto,paper_2d_200000_k8_it30_r1_m1p5,D:\AutoCluster-OMP\datasets\paper_gaussian\paper_2d_200000.csv,D:\AutoCluster-OMP\datasets\paper_gaussian\paper_2d_200000_cluster_labels.csv,8,2,30,1,1.5,631052.081317191
fuzzy-cmeans,manual,8,4.297999859,2.1807818305002877,0.27259772881253597,9801916.017609106,pass,auto,paper_2d_200000_k8_it30_r1_m1p5,D:\AutoCluster-OMP\datasets\paper_gaussian\paper_2d_200000.csv,D:\AutoCluster-OMP\datasets\paper_gaussian\paper_2d_200000_cluster_labels.csv,8,2,30,1,1.5,631052.081317191
fuzzy-cmeans,auto,1,9.323999882,1.005255267977276,1.005255267977276,9801916.017609106,pass,auto,paper_2d_200000_k8_it30_r1_m1p5,D:\AutoCluster-OMP\datasets\paper_gaussian\paper_2d_200000.csv,D:\AutoCluster-OMP\datasets\paper_gaussian\paper_2d_200000_cluster_labels.csv,8,2,30,1,1.5,631052.081317191
fuzzy-cmeans,auto,2,6.166000128,1.520110250636699,0.7600551253183495,9801916.017609106,pass,auto,paper_2d_200000_k8_it30_r1_m1p5,D:\AutoCluster-OMP\datasets\paper_gaussian\paper_2d_200000.csv,D:\AutoCluster-OMP\datasets\paper_gaussian\paper_2d_200000_cluster_labels.csv,8,2,30,1,1.5,631052.081317191
fuzzy-cmeans,auto,4,4.764000177,1.967464242602609,0.49186606065065225,9801916.017609106,pass,auto,paper_2d_200000_k8_it30_r1_m1p5,D:\AutoCluster-OMP\datasets\paper_gaussian\paper_2d_200000.csv,D:\AutoCluster-OMP\datasets\paper_gaussian\paper_2d_200000_cluster_labels.csv,8,2,30,1,1.5,631052.081317191
fuzzy-cmeans,auto,8,4.292999983,2.183321695112152,0.272915211889019,9801916.017609106,pass,auto,paper_2d_200000_k8_it30_r1_m1p5,D:\AutoCluster-OMP\datasets\paper_gaussian\paper_2d_200000.csv,D:\AutoCluster-OMP\datasets\paper_gaussian\paper_2d_200000_cluster_labels.csv,8,2,30,1,1.5,631052.081317191
fuzzy-cmeans,sequential,1,7.104,1.0,1.0,9801833.621967902,reference,auto,paper_2d_200000_k8_it30_r1_m2p0,D:\AutoCluster-OMP\datasets\paper_gaussian\paper_2d_200000.csv,D:\AutoCluster-OMP\datasets\paper_gaussian\paper_2d_200000_cluster_labels.csv,8,2,30,1,2.0,551320.498882561
fuzzy-cmeans,manual,1,7.38499999,0.9619498997453622,0.9619498997453622,9801833.621967902,pass,auto,paper_2d_200000_k8_it30_r1_m2p0,D:\AutoCluster-OMP\datasets\paper_gaussian\paper_2d_200000.csv,D:\AutoCluster-OMP\datasets\paper_gaussian\paper_2d_200000_cluster_labels.csv,8,2,30,1,2.0,551320.498882561
fuzzy-cmeans,manual,2,4.582999945,1.5500763877927561,0.7750381938963781,9801833.621967902,pass,auto,paper_2d_200000_k8_it30_r1_m2p0,D:\AutoCluster-OMP\datasets\paper_gaussian\paper_2d_200000.csv,D:\AutoCluster-OMP\datasets\paper_gaussian\paper_2d_200000_cluster_labels.csv,8,2,30,1,2.0,551320.498882561
fuzzy-cmeans,manual,4,3.516000032,2.0204777973107824,0.5051194493276956,9801833.621967902,pass,auto,paper_2d_200000_k8_it30_r1_m2p0,D:\AutoCluster-OMP\datasets\paper_gaussian\paper_2d_200000.csv,D:\AutoCluster-OMP\datasets\paper_gaussian\paper_2d_200000_cluster_labels.csv,8,2,30,1,2.0,551320.498882561
fuzzy-cmeans,manual,8,2.290999889,3.1008294824059677,0.38760368530074596,9801833.621967902,pass,auto,paper_2d_200000_k8_it30_r1_m2p0,D:\AutoCluster-OMP\datasets\paper_gaussian\paper_2d_200000.csv,D:\AutoCluster-OMP\datasets\paper_gaussian\paper_2d_200000_cluster_labels.csv,8,2,30,1,2.0,551320.498882561
fuzzy-cmeans,auto,1,8.648000002,0.8214616094307443,0.8214616094307443,9801833.621967902,pass,auto,paper_2d_200000_k8_it30_r1_m2p0,D:\AutoCluster-OMP\datasets\paper_gaussian\paper_2d_200000.csv,D:\AutoCluster-OMP\datasets\paper_gaussian\paper_2d_200000_cluster_labels.csv,8,2,30,1,2.0,551320.498882561
fuzzy-cmeans,auto,2,4.898000002,1.450387912841818,0.725193956420909,9801833.621967902,pass,auto,paper_2d_200000_k8_it30_r1_m2p0,D:\AutoCluster-OMP\datasets\paper_gaussian\paper_2d_200000.csv,D:\AutoCluster-OMP\datasets\paper_gaussian\paper_2d_200000_cluster_labels.csv,8,2,30,1,2.0,551320.498882561
fuzzy-cmeans,auto,4,2.665999889,2.664666277486105,0.6661665693715263,9801833.621967902,pass,auto,paper_2d_200000_k8_it30_r1_m2p0,D:\AutoCluster-OMP\datasets\paper_gaussian\paper_2d_200000.csv,D:\AutoCluster-OMP\datasets\paper_gaussian\paper_2d_200000_cluster_labels.csv,8,2,30,1,2.0,551320.498882561
fuzzy-cmeans,auto,8,2.190999985,3.2423551111982323,0.40529438889977903,9801833.621967902,pass,auto,paper_2d_200000_k8_it30_r1_m2p0,D:\AutoCluster-OMP\datasets\paper_gaussian\paper_2d_200000.csv,D:\AutoCluster-OMP\datasets\paper_gaussian\paper_2d_200000_cluster_labels.csv,8,2,30,1,2.0,551320.498882561
fuzzy-cmeans,sequential,1,31.698,1.0,1.0,9804421.46086366,reference,auto,paper_2d_200000_k8_it30_r1_m2p5,D:\AutoCluster-OMP\datasets\paper_gaussian\paper_2d_200000.csv,D:\AutoCluster-OMP\datasets\paper_gaussian\paper_2d_200000_cluster_labels.csv,8,2,30,1,2.5,363002.298419437
fuzzy-cmeans,manual,1,31.243000031,1.014563261164054,1.014563261164054,9804421.46086366,pass,auto,paper_2d_200000_k8_it30_r1_m2p5,D:\AutoCluster-OMP\datasets\paper_gaussian\paper_2d_200000.csv,D:\AutoCluster-OMP\datasets\paper_gaussian\paper_2d_200000_cluster_labels.csv,8,2,30,1,2.5,363002.298419437
fuzzy-cmeans,manual,2,17.388000011,1.8229813653063727,0.9114906826531863,9804421.46086366,pass,auto,paper_2d_200000_k8_it30_r1_m2p5,D:\AutoCluster-OMP\datasets\paper_gaussian\paper_2d_200000.csv,D:\AutoCluster-OMP\datasets\paper_gaussian\paper_2d_200000_cluster_labels.csv,8,2,30,1,2.5,363002.298419437
fuzzy-cmeans,manual,4,10.487999916,3.0223112370207996,0.7555778092551999,9804421.46086366,pass,auto,paper_2d_200000_k8_it30_r1_m2p5,D:\AutoCluster-OMP\datasets\paper_gaussian\paper_2d_200000.csv,D:\AutoCluster-OMP\datasets\paper_gaussian\paper_2d_200000_cluster_labels.csv,8,2,30,1,2.5,363002.298419437
fuzzy-cmeans,manual,8,7.44900012,4.255336218198369,0.5319170272747962,9804421.46086366,pass,auto,paper_2d_200000_k8_it30_r1_m2p5,D:\AutoCluster-OMP\datasets\paper_gaussian\paper_2d_200000.csv,D:\AutoCluster-OMP\datasets\paper_gaussian\paper_2d_200000_cluster_labels.csv,8,2,30,1,2.5,363002.298419437
fuzzy-cmeans,auto,1,30.70600009,1.032306386604977,1.032306386604977,9804421.46086366,pass,auto,paper_2d_200000_k8_it30_r1_m2p5,D:\AutoCluster-OMP\datasets\paper_gaussian\paper_2d_200000.csv,D:\AutoCluster-OMP\datasets\paper_gaussian\paper_2d_200000_cluster_labels.csv,8,2,30,1,2.5,363002.298419437
fuzzy-cmeans,auto,2,17.052000046,1.8589021765476483,0.9294510882738242,9804421.46086366,pass,auto,paper_2d_200000_k8_it30_r1_m2p5,D:\AutoCluster-OMP\datasets\paper_gaussian\paper_2d_200000.csv,D:\AutoCluster-OMP\datasets\paper_gaussian\paper_2d_200000_cluster_labels.csv,8,2,30,1,2.5,363002.298419437
fuzzy-cmeans,auto,4,10.161000013,3.119574841004382,0.7798937102510956,9804421.46086366,pass,auto,paper_2d_200000_k8_it30_r1_m2p5,D:\AutoCluster-OMP\datasets\paper_gaussian\paper_2d_200000.csv,D:\AutoCluster-OMP\datasets\paper_gaussian\paper_2d_200000_cluster_labels.csv,8,2,30,1,2.5,363002.298419437
fuzzy-cmeans,auto,8,7.29700017,4.343976875637102,0.5429971094546377,9804421.46086366,pass,auto,paper_2d_200000_k8_it30_r1_m2p5,D:\AutoCluster-OMP\datasets\paper_gaussian\paper_2d_200000.csv,D:\AutoCluster-OMP\datasets\paper_gaussian\paper_2d_200000_cluster_labels.csv,8,2,30,1,2.5,363002.298419437
fuzzy-cmeans,sequential,1,4.253,1.0,1.0,24499369.77595751,reference,auto,paper_2d_500000_k8_it5_r1_m1p5,D:\AutoCluster-OMP\datasets\paper_gaussian\paper_2d_500000.csv,D:\AutoCluster-OMP\datasets\paper_gaussian\paper_2d_500000_cluster_labels.csv,8,2,5,1,1.5,37586855.9710098
fuzzy-cmeans,manual,1,4.282999992,0.992995565711876,0.992995565711876,24499369.77595751,pass,auto,paper_2d_500000_k8_it5_r1_m1p5,D:\AutoCluster-OMP\datasets\paper_gaussian\paper_2d_500000.csv,D:\AutoCluster-OMP\datasets\paper_gaussian\paper_2d_500000_cluster_labels.csv,8,2,5,1,1.5,37586855.9710098
fuzzy-cmeans,manual,2,2.957000017,1.4382820343419702,0.7191410171709851,24499369.77595751,pass,auto,paper_2d_500000_k8_it5_r1_m1p5,D:\AutoCluster-OMP\datasets\paper_gaussian\paper_2d_500000.csv,D:\AutoCluster-OMP\datasets\paper_gaussian\paper_2d_500000_cluster_labels.csv,8,2,5,1,1.5,37586855.9710098
fuzzy-cmeans,manual,4,2.34800005,1.8113287518882293,0.4528321879720573,24499369.77595751,pass,auto,paper_2d_500000_k8_it5_r1_m1p5,D:\AutoCluster-OMP\datasets\paper_gaussian\paper_2d_500000.csv,D:\AutoCluster-OMP\datasets\paper_gaussian\paper_2d_500000_cluster_labels.csv,8,2,5,1,1.5,37586855.9710098
fuzzy-cmeans,manual,8,2.039000034,2.0858263507022583,0.2607282938377823,24499369.77595751,pass,auto,paper_2d_500000_k8_it5_r1_m1p5,D:\AutoCluster-OMP\datasets\paper_gaussian\paper_2d_500000.csv,D:\AutoCluster-OMP\datasets\paper_gaussian\paper_2d_500000_cluster_labels.csv,8,2,5,1,1.5,37586855.9710098
fuzzy-cmeans,auto,1,4.275000095,0.9948537790617289,0.9948537790617289,24499369.77595751,pass,auto,paper_2d_500000_k8_it5_r1_m1p5,D:\AutoCluster-OMP\datasets\paper_gaussian\paper_2d_500000.csv,D:\AutoCluster-OMP\datasets\paper_gaussian\paper_2d_500000_cluster_labels.csv,8,2,5,1,1.5,37586855.9710098
fuzzy-cmeans,auto,2,2.934000015,1.4495569114712497,0.7247784557356248,24499369.77595751,pass,auto,paper_2d_500000_k8_it5_r1_m1p5,D:\AutoCluster-OMP\datasets\paper_gaussian\paper_2d_500000.csv,D:\AutoCluster-OMP\datasets\paper_gaussian\paper_2d_500000_cluster_labels.csv,8,2,5,1,1.5,37586855.9710098
fuzzy-cmeans,auto,4,2.274999857,1.869450666958877,0.46736266673971927,24499369.77595751,pass,auto,paper_2d_500000_k8_it5_r1_m1p5,D:\AutoCluster-OMP\datasets\paper_gaussian\paper_2d_500000.csv,D:\AutoCluster-OMP\datasets\paper_gaussian\paper_2d_500000_cluster_labels.csv,8,2,5,1,1.5,37586855.9710098
fuzzy-cmeans,auto,8,2.101999998,2.023311134180125,0.2529138917725156,24499369.77595751,pass,auto,paper_2d_500000_k8_it5_r1_m1p5,D:\AutoCluster-OMP\datasets\paper_gaussian\paper_2d_500000.csv,D:\AutoCluster-OMP\datasets\paper_gaussian\paper_2d_500000_cluster_labels.csv,8,2,5,1,1.5,37586855.9710098
fuzzy-cmeans,sequential,1,3.154,1.0,1.0,24499883.06850861,reference,auto,paper_2d_500000_k8_it5_r1_m2p0,D:\AutoCluster-OMP\datasets\paper_gaussian\paper_2d_500000.csv,D:\AutoCluster-OMP\datasets\paper_gaussian\paper_2d_500000_cluster_labels.csv,8,2,5,1,2.0,13442947.318847405
fuzzy-cmeans,manual,1,3.145999908,1.002542940951669,1.002542940951669,24499883.06850861,pass,auto,paper_2d_500000_k8_it5_r1_m2p0,D:\AutoCluster-OMP\datasets\paper_gaussian\paper_2d_500000.csv,D:\AutoCluster-OMP\datasets\paper_gaussian\paper_2d_500000_cluster_labels.csv,8,2,5,1,2.0,13442947.318847405
fuzzy-cmeans,manual,2,1.789999962,1.7620112105901822,0.8810056052950911,24499883.06850861,pass,auto,paper_2d_500000_k8_it5_r1_m2p0,D:\AutoCluster-OMP\datasets\paper_gaussian\paper_2d_500000.csv,D:\AutoCluster-OMP\datasets\paper_gaussian\paper_2d_500000_cluster_labels.csv,8,2,5,1,2.0,13442947.318847405
fuzzy-cmeans,manual,4,1.166999817,2.7026568077002535,0.6756642019250634,24499883.06850861,pass,auto,paper_2d_500000_k8_it5_r1_m2p0,D:\AutoCluster-OMP\datasets\paper_gaussian\paper_2d_500000.csv,D:\AutoCluster-OMP\datasets\paper_gaussian\paper_2d_500000_cluster_labels.csv,8,2,5,1,2.0,13442947.318847405
fuzzy-cmeans,manual,8,0.90899992,3.4697472800657674,0.4337184100082209,24499883.06850861,pass,auto,paper_2d_500000_k8_it5_r1_m2p0,D:\AutoCluster-OMP\datasets\paper_gaussian\paper_2d_500000.csv,D:\AutoCluster-OMP\datasets\paper_gaussian\paper_2d_500000_cluster_labels.csv,8,2,5,1,2.0,13442947.318847405
fuzzy-cmeans,auto,1,3.148000002,1.0019059714092085,1.0019059714092085,24499883.06850861,pass,auto,paper_2d_500000_k8_it5_r1_m2p0,D:\AutoCluster-OMP\datasets\paper_gaussian\paper_2d_500000.csv,D:\AutoCluster-OMP\datasets\paper_gaussian\paper_2d_500000_cluster_labels.csv,8,2,5,1,2.0,13442947.318847405
fuzzy-cmeans,auto,2,1.896999836,1.6626253414183214,0.8313126707091607,24499883.06850861,pass,auto,paper_2d_500000_k8_it5_r1_m2p0,D:\AutoCluster-OMP\datasets\paper_gaussian\paper_2d_500000.csv,D:\AutoCluster-OMP\datasets\paper_gaussian\paper_2d_500000_cluster_labels.csv,8,2,5,1,2.0,13442947.318847405
fuzzy-cmeans,auto,4,1.112999916,2.8337827835020253,0.7084456958755063,24499883.06850861,pass,auto,paper_2d_500000_k8_it5_r1_m2p0,D:\AutoCluster-OMP\datasets\paper_gaussian\paper_2d_500000.csv,D:\AutoCluster-OMP\datasets\paper_gaussian\paper_2d_500000_cluster_labels.csv,8,2,5,1,2.0,13442947.318847405
fuzzy-cmeans,auto,8,0.930000067,3.391397605135871,0.4239247006419839,24499883.06850861,pass,auto,paper_2d_500000_k8_it5_r1_m2p0,D:\AutoCluster-OMP\datasets\paper_gaussian\paper_2d_500000.csv,D:\AutoCluster-OMP\datasets\paper_gaussian\paper_2d_500000_cluster_labels.csv,8,2,5,1,2.0,13442947.318847405
fuzzy-cmeans,sequential,1,14.716,1.0,1.0,24499918.442399036,reference,auto,paper_2d_500000_k8_it5_r1_m2p5,D:\AutoCluster-OMP\datasets\paper_gaussian\paper_2d_500000.csv,D:\AutoCluster-OMP\datasets\paper_gaussian\paper_2d_500000_cluster_labels.csv,8,2,5,1,2.5,4754104.852655317
fuzzy-cmeans,manual,1,14.646999836,1.0047108735421986,1.0047108735421986,24499918.442399036,pass,auto,paper_2d_500000_k8_it5_r1_m2p5,D:\AutoCluster-OMP\datasets\paper_gaussian\paper_2d_500000.csv,D:\AutoCluster-OMP\datasets\paper_gaussian\paper_2d_500000_cluster_labels.csv,8,2,5,1,2.5,4754104.852655317
fuzzy-cmeans,manual,2,8.177999973,1.7994619770830853,0.8997309885415427,24499918.442399036,pass,auto,paper_2d_500000_k8_it5_r1_m2p5,D:\AutoCluster-OMP\datasets\paper_gaussian\paper_2d_500000.csv,D:\AutoCluster-OMP\datasets\paper_gaussian\paper_2d_500000_cluster_labels.csv,8,2,5,1,2.5,4754104.852655317
fuzzy-cmeans,manual,4,4.825999975,3.0493162196918573,0.7623290549229643,24499918.442399036,pass,auto,paper_2d_500000_k8_it5_r1_m2p5,D:\AutoCluster-OMP\datasets\paper_gaussian\paper_2d_500000.csv,D:\AutoCluster-OMP\datasets\paper_gaussian\paper_2d_500000_cluster_labels.csv,8,2,5,1,2.5,4754104.852655317
fuzzy-cmeans,manual,8,3.342000008,4.40335127611406,0.5504189095142575,24499918.442399036,pass,auto,paper_2d_500000_k8_it5_r1_m2p5,D:\AutoCluster-OMP\datasets\paper_gaussian\paper_2d_500000.csv,D:\AutoCluster-OMP\datasets\paper_gaussian\paper_2d_500000_cluster_labels.csv,8,2,5,1,2.5,4754104.852655317
fuzzy-cmeans,auto,1,14.690000057,1.0017699076173665,1.0017699076173665,24499918.442399036,pass,auto,paper_2d_500000_k8_it5_r1_m2p5,D:\AutoCluster-OMP\datasets\paper_gaussian\paper_2d_500000.csv,D:\AutoCluster-OMP\datasets\paper_gaussian\paper_2d_500000_cluster_labels.csv,8,2,5,1,2.5,4754104.852655317
fuzzy-cmeans,auto,2,8.154999971,1.8045371002245953,0.9022685501122977,24499918.442399036,pass,auto,paper_2d_500000_k8_it5_r1_m2p5,D:\AutoCluster-OMP\datasets\paper_gaussian\paper_2d_500000.csv,D:\AutoCluster-OMP\datasets\paper_gaussian\paper_2d_500000_cluster_labels.csv,8,2,5,1,2.5,4754104.852655317
fuzzy-cmeans,auto,4,4.92200017,2.9898414245686626,0.7474603561421657,24499918.442399036,pass,auto,paper_2d_500000_k8_it5_r1_m2p5,D:\AutoCluster-OMP\datasets\paper_gaussian\paper_2d_500000.csv,D:\AutoCluster-OMP\datasets\paper_gaussian\paper_2d_500000_cluster_labels.csv,8,2,5,1,2.5,4754104.852655317
fuzzy-cmeans,auto,8,3.375999928,4.359004832301051,0.5448756040376314,24499918.442399036,pass,auto,paper_2d_500000_k8_it5_r1_m2p5,D:\AutoCluster-OMP\datasets\paper_gaussian\paper_2d_500000.csv,D:\AutoCluster-OMP\datasets\paper_gaussian\paper_2d_500000_cluster_labels.csv,8,2,5,1,2.5,4754104.852655317
fuzzy-cmeans,sequential,1,12.048,1.0,1.0,24497252.91362622,reference,auto,paper_2d_500000_k8_it15_r1_m1p5,D:\AutoCluster-OMP\datasets\paper_gaussian\paper_2d_500000.csv,D:\AutoCluster-OMP\datasets\paper_gaussian\paper_2d_500000_cluster_labels.csv,8,2,15,1,1.5,6233879.404833922
fuzzy-cmeans,manual,1,12.319999933,0.977922083240323,0.977922083240323,24497252.91362622,pass,auto,paper_2d_500000_k8_it15_r1_m1p5,D:\AutoCluster-OMP\datasets\paper_gaussian\paper_2d_500000.csv,D:\AutoCluster-OMP\datasets\paper_gaussian\paper_2d_500000_cluster_labels.csv,8,2,15,1,1.5,6233879.404833922
fuzzy-cmeans,manual,2,8.144000053,1.4793713066789442,0.7396856533394721,24497252.91362622,pass,auto,paper_2d_500000_k8_it15_r1_m1p5,D:\AutoCluster-OMP\datasets\paper_gaussian\paper_2d_500000.csv,D:\AutoCluster-OMP\datasets\paper_gaussian\paper_2d_500000_cluster_labels.csv,8,2,15,1,1.5,6233879.404833922
fuzzy-cmeans,manual,4,6.279000044,1.9187768618528138,0.47969421546320345,24497252.91362622,pass,auto,paper_2d_500000_k8_it15_r1_m1p5,D:\AutoCluster-OMP\datasets\paper_gaussian\paper_2d_500000.csv,D:\AutoCluster-OMP\datasets\paper_gaussian\paper_2d_500000_cluster_labels.csv,8,2,15,1,1.5,6233879.404833922
fuzzy-cmeans,manual,8,5.585999966,2.1568206361138382,0.2696025795142298,24497252.91362622,pass,auto,paper_2d_500000_k8_it15_r1_m1p5,D:\AutoCluster-OMP\datasets\paper_gaussian\paper_2d_500000.csv,D:\AutoCluster-OMP\datasets\paper_gaussian\paper_2d_500000_cluster_labels.csv,8,2,15,1,1.5,6233879.404833922
fuzzy-cmeans,auto,1,12.084000111,0.9970208448635126,0.9970208448635126,24497252.91362622,pass,auto,paper_2d_500000_k8_it15_r1_m1p5,D:\AutoCluster-OMP\datasets\paper_gaussian\paper_2d_500000.csv,D:\AutoCluster-OMP\datasets\paper_gaussian\paper_2d_500000_cluster_labels.csv,8,2,15,1,1.5,6233879.404833922
fuzzy-cmeans,auto,2,8.220999956,1.4655151519867007,0.7327575759933503,24497252.91362622,pass,auto,paper_2d_500000_k8_it15_r1_m1p5,D:\AutoCluster-OMP\datasets\paper_gaussian\paper_2d_500000.csv,D:\AutoCluster-OMP\datasets\paper_gaussian\paper_2d_500000_cluster_labels.csv,8,2,15,1,1.5,6233879.404833922
fuzzy-cmeans,auto,4,6.248000145,1.9282970103068076,0.4820742525767019,24497252.91362622,pass,auto,paper_2d_500000_k8_it15_r1_m1p5,D:\AutoCluster-OMP\datasets\paper_gaussian\paper_2d_500000.csv,D:\AutoCluster-OMP\datasets\paper_gaussian\paper_2d_500000_cluster_labels.csv,8,2,15,1,1.5,6233879.404833922
fuzzy-cmeans,auto,8,5.592000008,2.154506434685971,0.26931330433574635,24497252.91362622,pass,auto,paper_2d_500000_k8_it15_r1_m1p5,D:\AutoCluster-OMP\datasets\paper_gaussian\paper_2d_500000.csv,D:\AutoCluster-OMP\datasets\paper_gaussian\paper_2d_500000_cluster_labels.csv,8,2,15,1,1.5,6233879.404833922
fuzzy-cmeans,sequential,1,9.175,1.0,1.0,24491736.266443994,reference,auto,paper_2d_500000_k8_it15_r1_m2p0,D:\AutoCluster-OMP\datasets\paper_gaussian\paper_2d_500000.csv,D:\AutoCluster-OMP\datasets\paper_gaussian\paper_2d_500000_cluster_labels.csv,8,2,15,1,2.0,3970598.29737395
fuzzy-cmeans,manual,1,9.125,1.0054794520547945,1.0054794520547945,24491736.266443994,pass,auto,paper_2d_500000_k8_it15_r1_m2p0,D:\AutoCluster-OMP\datasets\paper_gaussian\paper_2d_500000.csv,D:\AutoCluster-OMP\datasets\paper_gaussian\paper_2d_500000_cluster_labels.csv,8,2,15,1,2.0,3970598.29737395
fuzzy-cmeans,manual,2,5.085999966,1.8039716990434602,0.9019858495217301,24491736.266443994,pass,auto,paper_2d_500000_k8_it15_r1_m2p0,D:\AutoCluster-OMP\datasets\paper_gaussian\paper_2d_500000.csv,D:\AutoCluster-OMP\datasets\paper_gaussian\paper_2d_500000_cluster_labels.csv,8,2,15,1,2.0,3970598.29737395
fuzzy-cmeans,manual,4,3.194999933,2.8716745516125806,0.7179186379031451,24491736.266443994,pass,auto,paper_2d_500000_k8_it15_r1_m2p0,D:\AutoCluster-OMP\datasets\paper_gaussian\paper_2d_500000.csv,D:\AutoCluster-OMP\datasets\paper_gaussian\paper_2d_500000_cluster_labels.csv,8,2,15,1,2.0,3970598.29737395
fuzzy-cmeans,manual,8,2.632999897,3.4846184424290545,0.4355773053036318,24491736.266443994,pass,auto,paper_2d_500000_k8_it15_r1_m2p0,D:\AutoCluster-OMP\datasets\paper_gaussian\paper_2d_500000.csv,D:\AutoCluster-OMP\datasets\paper_gaussian\paper_2d_500000_cluster_labels.csv,8,2,15,1,2.0,3970598.29737395
fuzzy-cmeans,auto,1,9.068000078,1.0117997266298655,1.0117997266298655,24491736.266443994,pass,auto,paper_2d_500000_k8_it15_r1_m2p0,D:\AutoCluster-OMP\datasets\paper_gaussian\paper_2d_500000.csv,D:\AutoCluster-OMP\datasets\paper_gaussian\paper_2d_500000_cluster_labels.csv,8,2,15,1,2.0,3970598.29737395
fuzzy-cmeans,auto,2,5.082000017,1.805391572079564,0.902695786039782,24491736.266443994,pass,auto,paper_2d_500000_k8_it15_r1_m2p0,D:\AutoCluster-OMP\datasets\paper_gaussian\paper_2d_500000.csv,D:\AutoCluster-OMP\datasets\paper_gaussian\paper_2d_500000_cluster_labels.csv,8,2,15,1,2.0,3970598.29737395
fuzzy-cmeans,auto,4,3.156999826,2.9062402615412757,0.7265600653853189,24491736.266443994,pass,auto,paper_2d_500000_k8_it15_r1_m2p0,D:\AutoCluster-OMP\datasets\paper_gaussian\paper_2d_500000.csv,D:\AutoCluster-OMP\datasets\paper_gaussian\paper_2d_500000_cluster_labels.csv,8,2,15,1,2.0,3970598.29737395
fuzzy-cmeans,auto,8,2.639999866,3.475378964280599,0.4344223705350749,24491736.266443994,pass,auto,paper_2d_500000_k8_it15_r1_m2p0,D:\AutoCluster-OMP\datasets\paper_gaussian\paper_2d_500000.csv,D:\AutoCluster-OMP\datasets\paper_gaussian\paper_2d_500000_cluster_labels.csv,8,2,15,1,2.0,3970598.29737395
fuzzy-cmeans,sequential,1,41.253,1.0,1.0,24495039.85562497,reference,auto,paper_2d_500000_k8_it15_r1_m2p5,D:\AutoCluster-OMP\datasets\paper_gaussian\paper_2d_500000.csv,D:\AutoCluster-OMP\datasets\paper_gaussian\paper_2d_500000_cluster_labels.csv,8,2,15,1,2.5,3663576.386778053
fuzzy-cmeans,manual,1,41.046000004,1.0050431222525904,1.0050431222525904,24495039.85562497,pass,auto,paper_2d_500000_k8_it15_r1_m2p5,D:\AutoCluster-OMP\datasets\paper_gaussian\paper_2d_500000.csv,D:\AutoCluster-OMP\datasets\paper_gaussian\paper_2d_500000_cluster_labels.csv,8,2,15,1,2.5,3663576.386778053
fuzzy-cmeans,manual,2,23.164000034,1.7809100301955214,0.8904550150977607,24495039.85562497,pass,auto,paper_2d_500000_k8_it15_r1_m2p5,D:\AutoCluster-OMP\datasets\paper_gaussian\paper_2d_500000.csv,D:\AutoCluster-OMP\datasets\paper_gaussian\paper_2d_500000_cluster_labels.csv,8,2,15,1,2.5,3663576.386778053
fuzzy-cmeans,manual,4,13.634000063,3.0257444483921154,0.7564361120980289,24495039.85562497,pass,auto,paper_2d_500000_k8_it15_r1_m2p5,D:\AutoCluster-OMP\datasets\paper_gaussian\paper_2d_500000.csv,D:\AutoCluster-OMP\datasets\paper_gaussian\paper_2d_500000_cluster_labels.csv,8,2,15,1,2.5,3663576.386778053
fuzzy-cmeans,manual,8,9.368000031,4.403608012754927,0.5504510015943659,24495039.85562497,pass,auto,paper_2d_500000_k8_it15_r1_m2p5,D:\AutoCluster-OMP\datasets\paper_gaussian\paper_2d_500000.csv,D:\AutoCluster-OMP\datasets\paper_gaussian\paper_2d_500000_cluster_labels.csv,8,2,15,1,2.5,3663576.386778053
fuzzy-cmeans,auto,1,41.244999886,1.000193965669102,1.000193965669102,24495039.85562497,pass,auto,paper_2d_500000_k8_it15_r1_m2p5,D:\AutoCluster-OMP\datasets\paper_gaussian\paper_2d_500000.csv,D:\AutoCluster-OMP\datasets\paper_gaussian\paper_2d_500000_cluster_labels.csv,8,2,15,1,2.5,3663576.386778053
fuzzy-cmeans,auto,2,22.882000208,1.8028581253826375,0.9014290626913187,24495039.85562497,pass,auto,paper_2d_500000_k8_it15_r1_m2p5,D:\AutoCluster-OMP\datasets\paper_gaussian\paper_2d_500000.csv,D:\AutoCluster-OMP\datasets\paper_gaussian\paper_2d_500000_cluster_labels.csv,8,2,15,1,2.5,3663576.386778053
fuzzy-cmeans,auto,4,13.513000011,3.0528380053591935,0.7632095013397984,24495039.85562497,pass,auto,paper_2d_500000_k8_it15_r1_m2p5,D:\AutoCluster-OMP\datasets\paper_gaussian\paper_2d_500000.csv,D:\AutoCluster-OMP\datasets\paper_gaussian\paper_2d_500000_cluster_labels.csv,8,2,15,1,2.5,3663576.386778053
fuzzy-cmeans,auto,8,9.44900012,4.36585876559392,0.54573234569924,24495039.85562497,pass,auto,paper_2d_500000_k8_it15_r1_m2p5,D:\AutoCluster-OMP\datasets\paper_gaussian\paper_2d_500000.csv,D:\AutoCluster-OMP\datasets\paper_gaussian\paper_2d_500000_cluster_labels.csv,8,2,15,1,2.5,3663576.386778053
fuzzy-cmeans,sequential,1,24.34,1.0,1.0,24499352.988296572,reference,auto,paper_2d_500000_k8_it30_r1_m1p5,D:\AutoCluster-OMP\datasets\paper_gaussian\paper_2d_500000.csv,D:\AutoCluster-OMP\datasets\paper_gaussian\paper_2d_500000_cluster_labels.csv,8,2,30,1,1.5,6036806.181578259
fuzzy-cmeans,manual,1,24.756999969,0.9831562802632728,0.9831562802632728,24499352.988296572,pass,auto,paper_2d_500000_k8_it30_r1_m1p5,D:\AutoCluster-OMP\datasets\paper_gaussian\paper_2d_500000.csv,D:\AutoCluster-OMP\datasets\paper_gaussian\paper_2d_500000_cluster_labels.csv,8,2,30,1,1.5,6036806.181578259
fuzzy-cmeans,manual,2,16.710999966,1.4565256447562607,0.7282628223781303,24499352.988296572,pass,auto,paper_2d_500000_k8_it30_r1_m1p5,D:\AutoCluster-OMP\datasets\paper_gaussian\paper_2d_500000.csv,D:\AutoCluster-OMP\datasets\paper_gaussian\paper_2d_500000_cluster_labels.csv,8,2,30,1,1.5,6036806.181578259
fuzzy-cmeans,manual,4,12.636999846,1.9260900764910873,0.48152251912277183,24499352.988296572,pass,auto,paper_2d_500000_k8_it30_r1_m1p5,D:\AutoCluster-OMP\datasets\paper_gaussian\paper_2d_500000.csv,D:\AutoCluster-OMP\datasets\paper_gaussian\paper_2d_500000_cluster_labels.csv,8,2,30,1,1.5,6036806.181578259
fuzzy-cmeans,manual,8,11.345999956,2.1452494354301934,0.2681561794287742,24499352.988296572,pass,auto,paper_2d_500000_k8_it30_r1_m1p5,D:\AutoCluster-OMP\datasets\paper_gaussian\paper_2d_500000.csv,D:\AutoCluster-OMP\datasets\paper_gaussian\paper_2d_500000_cluster_labels.csv,8,2,30,1,1.5,6036806.181578259
fuzzy-cmeans,auto,1,24.923000097,0.9766079486927348,0.9766079486927348,24499352.988296572,pass,auto,paper_2d_500000_k8_it30_r1_m1p5,D:\AutoCluster-OMP\datasets\paper_gaussian\paper_2d_500000.csv,D:\AutoCluster-OMP\datasets\paper_gaussian\paper_2d_500000_cluster_labels.csv,8,2,30,1,1.5,6036806.181578259
fuzzy-cmeans,auto,2,16.60800004,1.465558763329579,0.7327793816647895,24499352.988296572,pass,auto,paper_2d_500000_k8_it30_r1_m1p5,D:\AutoCluster-OMP\datasets\paper_gaussian\paper_2d_500000.csv,D:\AutoCluster-OMP\datasets\paper_gaussian\paper_2d_500000_cluster_labels.csv,8,2,30,1,1.5,6036806.181578259
fuzzy-cmeans,auto,4,12.497999907,1.947511616348102,0.4868779040870255,24499352.988296572,pass,auto,paper_2d_500000_k8_it30_r1_m1p5,D:\AutoCluster-OMP\datasets\paper_gaussian\paper_2d_500000.csv,D:\AutoCluster-OMP\datasets\paper_gaussian\paper_2d_500000_cluster_labels.csv,8,2,30,1,1.5,6036806.181578259
fuzzy-cmeans,auto,8,11.125,2.187865168539326,0.27348314606741575,24499352.988296572,pass,auto,paper_2d_500000_k8_it30_r1_m1p5,D:\AutoCluster-OMP\datasets\paper_gaussian\paper_2d_500000.csv,D:\AutoCluster-OMP\datasets\paper_gaussian\paper_2d_500000_cluster_labels.csv,8,2,30,1,1.5,6036806.181578259
fuzzy-cmeans,sequential,1,19.618,1.0,1.0,24490633.45404984,reference,auto,paper_2d_500000_k8_it30_r1_m2p0,D:\AutoCluster-OMP\datasets\paper_gaussian\paper_2d_500000.csv,D:\AutoCluster-OMP\datasets\paper_gaussian\paper_2d_500000_cluster_labels.csv,8,2,30,1,2.0,1376355.85522316
fuzzy-cmeans,manual,1,18.355000019,1.06880958756157,1.06880958756157,24490633.45404984,pass,auto,paper_2d_500000_k8_it30_r1_m2p0,D:\AutoCluster-OMP\datasets\paper_gaussian\paper_2d_500000.csv,D:\AutoCluster-OMP\datasets\paper_gaussian\paper_2d_500000_cluster_labels.csv,8,2,30,1,2.0,1376355.85522316
fuzzy-cmeans,manual,2,10.348999977,1.895642095236232,0.947821047618116,24490633.45404984,pass,auto,paper_2d_500000_k8_it30_r1_m2p0,D:\AutoCluster-OMP\datasets\paper_gaussian\paper_2d_500000.csv,D:\AutoCluster-OMP\datasets\paper_gaussian\paper_2d_500000_cluster_labels.csv,8,2,30,1,2.0,1376355.85522316
fuzzy-cmeans,manual,4,6.219000101,3.154526399966688,0.788631599991672,24490633.45404984,pass,auto,paper_2d_500000_k8_it30_r1_m2p0,D:\AutoCluster-OMP\datasets\paper_gaussian\paper_2d_500000.csv,D:\AutoCluster-OMP\datasets\paper_gaussian\paper_2d_500000_cluster_labels.csv,8,2,30,1,2.0,1376355.85522316
fuzzy-cmeans,manual,8,5.099999905,3.8466667383202626,0.48083334229003283,24490633.45404984,pass,auto,paper_2d_500000_k8_it30_r1_m2p0,D:\AutoCluster-OMP\datasets\paper_gaussian\paper_2d_500000.csv,D:\AutoCluster-OMP\datasets\paper_gaussian\paper_2d_500000_cluster_labels.csv,8,2,30,1,2.0,1376355.85522316
fuzzy-cmeans,auto,1,18.424000025,1.0648067723284753,1.0648067723284753,24490633.45404984,pass,auto,paper_2d_500000_k8_it30_r1_m2p0,D:\AutoCluster-OMP\datasets\paper_gaussian\paper_2d_500000.csv,D:\AutoCluster-OMP\datasets\paper_gaussian\paper_2d_500000_cluster_labels.csv,8,2,30,1,2.0,1376355.85522316
fuzzy-cmeans,auto,2,10.380000114,1.8899807114202503,0.9449903557101251,24490633.45404984,pass,auto,paper_2d_500000_k8_it30_r1_m2p0,D:\AutoCluster-OMP\datasets\paper_gaussian\paper_2d_500000.csv,D:\AutoCluster-OMP\datasets\paper_gaussian\paper_2d_500000_cluster_labels.csv,8,2,30,1,2.0,1376355.85522316
fuzzy-cmeans,auto,4,6.292999983,3.1174320757979253,0.7793580189494813,24490633.45404984,pass,auto,paper_2d_500000_k8_it30_r1_m2p0,D:\AutoCluster-OMP\datasets\paper_gaussian\paper_2d_500000.csv,D:\AutoCluster-OMP\datasets\paper_gaussian\paper_2d_500000_cluster_labels.csv,8,2,30,1,2.0,1376355.85522316
fuzzy-cmeans,auto,8,5.053999901,3.8816779549438296,0.4852097443679787,24490633.45404984,pass,auto,paper_2d_500000_k8_it30_r1_m2p0,D:\AutoCluster-OMP\datasets\paper_gaussian\paper_2d_500000.csv,D:\AutoCluster-OMP\datasets\paper_gaussian\paper_2d_500000_cluster_labels.csv,8,2,30,1,2.0,1376355.85522316
fuzzy-cmeans,sequential,1,77.084,1.0,1.0,24497737.91985893,reference,auto,paper_2d_500000_k8_it30_r1_m2p5,D:\AutoCluster-OMP\datasets\paper_gaussian\paper_2d_500000.csv,D:\AutoCluster-OMP\datasets\paper_gaussian\paper_2d_500000_cluster_labels.csv,8,2,30,1,2.5,906160.126813226
fuzzy-cmeans,manual,1,76.71600008,1.0047969122427687,1.0047969122427687,24497737.91985893,pass,auto,paper_2d_500000_k8_it30_r1_m2p5,D:\AutoCluster-OMP\datasets\paper_gaussian\paper_2d_500000.csv,D:\AutoCluster-OMP\datasets\paper_gaussian\paper_2d_500000_cluster_labels.csv,8,2,30,1,2.5,906160.126813226
fuzzy-cmeans,manual,2,42.82799983,1.7998505721951665,0.8999252860975833,24497737.91985893,pass,auto,paper_2d_500000_k8_it30_r1_m2p5,D:\AutoCluster-OMP\datasets\paper_gaussian\paper_2d_500000.csv,D:\AutoCluster-OMP\datasets\paper_gaussian\paper_2d_500000_cluster_labels.csv,8,2,30,1,2.5,906160.126813226
fuzzy-cmeans,manual,4,25.554999828,3.016396028910981,0.7540990072277453,24497737.91985893,pass,auto,paper_2d_500000_k8_it30_r1_m2p5,D:\AutoCluster-OMP\datasets\paper_gaussian\paper_2d_500000.csv,D:\AutoCluster-OMP\datasets\paper_gaussian\paper_2d_500000_cluster_labels.csv,8,2,30,1,2.5,906160.126813226
fuzzy-cmeans,manual,8,18.046999931,4.271291643747944,0.533911455468493,24497737.91985893,pass,auto,paper_2d_500000_k8_it30_r1_m2p5,D:\AutoCluster-OMP\datasets\paper_gaussian\paper_2d_500000.csv,D:\AutoCluster-OMP\datasets\paper_gaussian\paper_2d_500000_cluster_labels.csv,8,2,30,1,2.5,906160.126813226
fuzzy-cmeans,auto,1,76.491000175,1.007752543745582,1.007752543745582,24497737.91985893,pass,auto,paper_2d_500000_k8_it30_r1_m2p5,D:\AutoCluster-OMP\datasets\paper_gaussian\paper_2d_500000.csv,D:\AutoCluster-OMP\datasets\paper_gaussian\paper_2d_500000_cluster_labels.csv,8,2,30,1,2.5,906160.126813226
fuzzy-cmeans,auto,2,43.062000036,1.7900701299418855,0.8950350649709428,24497737.91985893,pass,auto,paper_2d_500000_k8_it30_r1_m2p5,D:\AutoCluster-OMP\datasets\paper_gaussian\paper_2d_500000.csv,D:\AutoCluster-OMP\datasets\paper_gaussian\paper_2d_500000_cluster_labels.csv,8,2,30,1,2.5,906160.126813226
fuzzy-cmeans,auto,4,25.601999998,3.0108585269128083,0.7527146317282021,24497737.91985893,pass,auto,paper_2d_500000_k8_it30_r1_m2p5,D:\AutoCluster-OMP\datasets\paper_gaussian\paper_2d_500000.csv,D:\AutoCluster-OMP\datasets\paper_gaussian\paper_2d_500000_cluster_labels.csv,8,2,30,1,2.5,906160.126813226
fuzzy-cmeans,auto,8,18.217999935,4.23119992727127,0.5288999909089087,24497737.91985893,pass,auto,paper_2d_500000_k8_it30_r1_m2p5,D:\AutoCluster-OMP\datasets\paper_gaussian\paper_2d_500000.csv,D:\AutoCluster-OMP\datasets\paper_gaussian\paper_2d_500000_cluster_labels.csv,8,2,30,1,2.5,906160.126813226
